question_idx,question,expected_chunk_ids,retrieved_top10_ids,rrf_scores,semantic_ranks,bm25_ranks
0,"""Qiymətli kağızlar bazarında sui-istifadələrin qarşısının alınması haqqında Qaydalar""ın təsdiq edilməsi barədə Qərar hansı tarixdə qəbul edilib və qüvvəyə minmə tarixi nədir?",“Qiymətli kağızlar bazarında sui-istifadələrin qarşısının alınması haqqında Qaydalar”ın təsdiq edilməsi barədə_intro_1,“Qiymətli kağızlar bazarında sui-istifadələrin qarşısının alınması haqqında Qaydalar”ın təsdiq edilməsi barədə_intro_1|“Qiymətli kağızlar bazarında sui-istifadələrin qarşısının alınması haqqında Qaydalar”ın təsdiq edilməsi barədə_art_1_2|“Qiymətli kağızlar bazarında sui-istifadələrin qarşısının alınması haqqında Qaydalar”ın təsdiq edilməsi barədə_art_6_7|“Qiymətli kağızlar bazarında sui-istifadələrin qarşısının alınması haqqında Qaydalar”ın təsdiq edilməsi barədə_art_7_14_part1|“Qiymətli kağızlar bazarında sui-istifadələrin qarşısının alınması haqqında Qaydalar”ın təsdiq edilməsi barədə_art_5_6|“Qiymətli kağızlar bazarında sui-istifadələrin qarşısının alınması haqqında Qaydalar”ın təsdiq edilməsi barədə_art_7_14_part2|“Qiymətli kağızlar bazarında lisenziyalaşdırılan şəxslərin nizamnamə kapitalının minimum miqdarı və onun formalaşdırılması haqqında Qaydalar”ın təsdiq edilməsi barədə_intro_1|“İnvestisiya qiymətli kağızlarının qiymətinin sabitləşdirilməsi haqqında Qaydalar”ın təsdiq edilməsi barədə_intro_1|“Qiymətli kağızlar bazarında lisenziyalaşdırılan şəxslərin kənar auditorlarına dair tələblər haqqında Qaydalar”ın təsdiq edilməsi barədə_intro_1|“Qiymətli kağızlar bazarında sui-istifadələrin qarşısının alınması haqqında Qaydalar”ın təsdiq edilməsi barədə_art_1_8,“Qiymətli kağızlar bazarında sui-istifadələrin qarşısının alınması haqqında Qaydalar”ın təsdiq edilməsi barədə_intro_1:0.032522|“Qiymətli kağızlar bazarında sui-istifadələrin qarşısının alınması haqqında Qaydalar”ın təsdiq edilməsi barədə_art_1_2:0.032002|“Qiymətli kağızlar bazarında sui-istifadələrin qarşısının alınması haqqında Qaydalar”ın təsdiq edilməsi barədə_art_6_7:0.031498|“Qiymətli kağızlar bazarında sui-istifadələrin qarşısının alınması haqqında Qaydalar”ın təsdiq edilməsi barədə_art_7_14_part1:0.030769|“Qiymətli kağızlar bazarında sui-istifadələrin qarşısının alınması haqqında Qaydalar”ın təsdiq edilməsi barədə_art_5_6:0.029911|“Qiymətli kağızlar bazarında sui-istifadələrin qarşısının alınması haqqında Qaydalar”ın təsdiq edilməsi barədə_art_7_14_part2:0.029907|“Qiymətli kağızlar bazarında lisenziyalaşdırılan şəxslərin nizamnamə kapitalının minimum miqdarı və onun formalaşdırılması haqqında Qaydalar”ın təsdiq edilməsi barədə_intro_1:0.029437|“İnvestisiya qiymətli kağızlarının qiymətinin sabitləşdirilməsi haqqında Qaydalar”ın təsdiq edilməsi barədə_intro_1:0.029418|“Qiymətli kağızlar bazarında lisenziyalaşdırılan şəxslərin kənar auditorlarına dair tələblər haqqında Qaydalar”ın təsdiq edilməsi barədə_intro_1:0.029418|“Qiymətli kağızlar bazarında sui-istifadələrin qarşısının alınması haqqında Qaydalar”ın təsdiq edilməsi barədə_art_1_8:0.028850,1|2|3|5|4|14|10|7|9|6,2|3|4|5|10|1|6|9|7|13
1,Qərarın Hüquqi Aktların Dövlət Reyestrinə daxil edilməsi üçün Ədliyyə Nazirliyinə təqdim edilməsi neçə gün müddətində və hansı şöbə tərəfindən təmin edilməlidir?,“Qiymətli kağızlar bazarında sui-istifadələrin qarşısının alınması haqqında Qaydalar”ın təsdiq edilməsi barədə_art_2_3,“İnvestisiya qiymətli kağızlarının qiymətinin sabitləşdirilməsi haqqında Qaydalar”ın təsdiq edilməsi barədə_art_2_3|“Bankların yenidən təşkili haqqında Qaydalar”ın təsdiq edilməsi barədə_art_2_3|“Qiymətli kağızlar bazarında lisenziyalaşdırılan şəxslərin kənar auditorlarına dair tələblər haqqında Qaydalar”ın təsdiq edilməsi barədə_art_2_3|“İpoteka örtüyünün reyestrinin aparılması və sərəncamçı tərəfindən ipoteka örtüyünün yoxlanılmasının nəticələri barədə hesabata dair tələblər haqqında Qaydalar”ın təsdiq edilməsi barədə_art_2_3|“Kredit ittifaqlarının prudensial tənzimlənməsi Qaydaları”nın təsdiq edilməsi haqqında_art_2_3|“Qiymətli kağızlar bazarında sui-istifadələrin qarşısının alınması haqqında Qaydalar”ın təsdiq edilməsi barədə_art_2_3|“İnvestisiya şirkətinin davamlı kapital tələbləri haqqında Qaydalar”ın təsdiq edilməsi barədə_art_2_3|“Azərbaycan Respublikası rezidentlərinin qeyri-rezidentlərlə maliyyə əməliyyatlarına və neytral əməliyyatlara dair hesabatın tərtibi və təqdim edilməsi haqqında Təlimat”ın təsdiq edilməsi barədə_art_3_4|Azərbaycan Respublikası Prezidentinin Fərmanı_art_2_3|beaf2f3b-d7c9-4377-8d69-d29758699119_art_2_3,“İnvestisiya qiymətli kağızlarının qiymətinin sabitləşdirilməsi haqqında Qaydalar”ın təsdiq edilməsi barədə_art_2_3:0.031498|“Bankların yenidən təşkili haqqında Qaydalar”ın təsdiq edilməsi barədə_art_2_3:0.031319|“Qiymətli kağızlar bazarında lisenziyalaşdırılan şəxslərin kənar auditorlarına dair tələblər haqqında Qaydalar”ın təsdiq edilməsi barədə_art_2_3:0.031319|“İpoteka örtüyünün reyestrinin aparılması və sərəncamçı tərəfindən ipoteka örtüyünün yoxlanılmasının nəticələri barədə hesabata dair tələblər haqqında Qaydalar”ın təsdiq edilməsi barədə_art_2_3:0.031281|“Kredit ittifaqlarının prudensial tənzimlənməsi Qaydaları”nın təsdiq edilməsi haqqında_art_2_3:0.031281|“Qiymətli kağızlar bazarında sui-istifadələrin qarşısının alınması haqqında Qaydalar”ın təsdiq edilməsi barədə_art_2_3:0.031258|“İnvestisiya şirkətinin davamlı kapital tələbləri haqqında Qaydalar”ın təsdiq edilməsi barədə_art_2_3:0.031010|“Azərbaycan Respublikası rezidentlərinin qeyri-rezidentlərlə maliyyə əməliyyatlarına və neytral əməliyyatlara dair hesabatın tərtibi və təqdim edilməsi haqqında Təlimat”ın təsdiq edilməsi barədə_art_3_4:0.028992|Azərbaycan Respublikası Prezidentinin Fərmanı_art_2_3:0.028006|beaf2f3b-d7c9-4377-8d69-d29758699119_art_2_3:0.027778,3|7|1|2|6|5|4|10|14|12,4|1|7|6|2|3|5|8|9|12
2,Bu Qərardan irəli gələn məsələlərin həll edilməsi hansı şöbəyə tapşırılıb?,“Qiymətli kağızlar bazarında sui-istifadələrin qarşısının alınması haqqında Qaydalar”ın təsdiq edilməsi barədə_art_3_4,dd1aa268-4de2-48ab-8953-c87d3f1c74e3_art_3_4|“Qiymətli kağızlar bazarında sui-istifadələrin qarşısının alınması haqqında Qaydalar”ın təsdiq edilməsi barədə_art_3_4|“Qiymətli kağızlar bazarında lisenziyalaşdırılan şəxslərin kənar auditorlarına dair tələblər haqqında Qaydalar”ın təsdiq edilməsi barədə_art_3_4|“İnvestisiya şirkətinin davamlı kapital tələbləri haqqında Qaydalar”ın təsdiq edilməsi barədə_art_3_4|“İnvestisiya qiymətli kağızlarının qiymətinin sabitləşdirilməsi haqqında Qaydalar”ın təsdiq edilməsi barədə_art_3_4|“İpoteka örtüyünün reyestrinin aparılması və sərəncamçı tərəfindən ipoteka örtüyünün yoxlanılmasının nəticələri barədə hesabata dair tələblər haqqında Qaydalar”ın təsdiq edilməsi barədə_art_3_4|“Ödəmə qabiliyyətini itirmiş bankların rezolyusiyası və sağlamlaşdırma tədbirləri çərçivəsində qeyri-işlək (toksik) aktivlərin təqdim edilməsi Qaydası”nın təsdiq edilməsi haqqında_art_3_4|“Qiymətli kağızlar bazarında sui-istifadələrin qarşısının alınması haqqında Qaydalar”ın təsdiq edilməsi barədə_art_4_5|“Qiymətli kağızlar bazarında lisenziyalaşdırılan şəxslərin kənar auditorlarına dair tələblər haqqında Qaydalar”ın təsdiq edilməsi barədə_art_2_3|“İpoteka örtüyünün reyestrinin aparılması və sərəncamçı tərəfindən ipoteka örtüyünün yoxlanılmasının nəticələri barədə hesabata dair tələblər haqqında Qaydalar”ın təsdiq edilməsi barədə_art_2_3,dd1aa268-4de2-48ab-8953-c87d3f1c74e3_art_3_4:0.032522|“Qiymətli kağızlar bazarında sui-istifadələrin qarşısının alınması haqqında Qaydalar”ın təsdiq edilməsi barədə_art_3_4:0.032018|“Qiymətli kağızlar bazarında lisenziyalaşdırılan şəxslərin kənar auditorlarına dair tələblər haqqında Qaydalar”ın təsdiq edilməsi barədə_art_3_4:0.031754|“İnvestisiya şirkətinin davamlı kapital tələbləri haqqında Qaydalar”ın təsdiq edilməsi barədə_art_3_4:0.031746|“İnvestisiya qiymətli kağızlarının qiymətinin sabitləşdirilməsi haqqında Qaydalar”ın təsdiq edilməsi barədə_art_3_4:0.030536|“İpoteka örtüyünün reyestrinin aparılması və sərəncamçı tərəfindən ipoteka örtüyünün yoxlanılmasının nəticələri barədə hesabata dair tələblər haqqında Qaydalar”ın təsdiq edilməsi barədə_art_3_4:0.030536|“Ödəmə qabiliyyətini itirmiş bankların rezolyusiyası və sağlamlaşdırma tədbirləri çərçivəsində qeyri-işlək (toksik) aktivlərin təqdim edilməsi Qaydası”nın təsdiq edilməsi haqqında_art_3_4:0.027746|“Qiymətli kağızlar bazarında sui-istifadələrin qarşısının alınması haqqında Qaydalar”ın təsdiq edilməsi barədə_art_4_5:0.025487|“Qiymətli kağızlar bazarında lisenziyalaşdırılan şəxslərin kənar auditorlarına dair tələblər haqqında Qaydalar”ın təsdiq edilməsi barədə_art_2_3:0.014925|“İpoteka örtüyünün reyestrinin aparılması və sərəncamçı tərəfindən ipoteka örtüyünün yoxlanılmasının nəticələri barədə hesabata dair tələblər haqqında Qaydalar”ın təsdiq edilməsi barədə_art_2_3:0.014706,1|4|2|3|6|5|18|17|7|8,2|1|4|3|5|6|7|20||
3,QKDK-nın aparatının və Naxçıvan Muxtar Respublikası üzrə İdarəsinin bu Qərarla tanış olmasını təmin etmək hansı şöbəyə həvalə edilib?,“Qiymətli kağızlar bazarında sui-istifadələrin qarşısının alınması haqqında Qaydalar”ın təsdiq edilməsi barədə_art_4_5,dd1aa268-4de2-48ab-8953-c87d3f1c74e3_art_4_5|“İnvestisiya qiymətli kağızlarının qiymətinin sabitləşdirilməsi haqqında Qaydalar”ın təsdiq edilməsi barədə_art_4_5|“Qiymətli kağızlar bazarında lisenziyalaşdırılan şəxslərin kənar auditorlarına dair tələblər haqqında Qaydalar”ın təsdiq edilməsi barədə_art_4_5|“Qiymətli kağızlar bazarında sui-istifadələrin qarşısının alınması haqqında Qaydalar”ın təsdiq edilməsi barədə_art_4_5|“İpoteka örtüyünün reyestrinin aparılması və sərəncamçı tərəfindən ipoteka örtüyünün yoxlanılmasının nəticələri barədə hesabata dair tələblər haqqında Qaydalar”ın təsdiq edilməsi barədə_art_4_5|“İnvestisiya şirkətinin davamlı kapital tələbləri haqqında Qaydalar”ın təsdiq edilməsi barədə_art_4_5|“Qiymətli kağızlar bazarında lisenziyalaşdırılan şəxslərin kənar auditorlarına dair tələblər haqqında Qaydalar”ın təsdiq edilməsi barədə_art_3_4|“Qiymətli kağızlar bazarında lisenziyalaşdırılan şəxslərin nizamnamə kapitalının minimum miqdarı və onun formalaşdırılması haqqında Qaydalar”ın təsdiq edilməsi barədə_intro_1|“Azərbaycan Respublikasının bank sistemində arxiv işinin aparılması haqqında Təlimat”ın təsdiq edilməsi barədə_art_162_185|“İnvestisiya şirkətinin davamlı kapital tələbləri haqqında Qaydalar”ın təsdiq edilməsi barədə_art_3_4,dd1aa268-4de2-48ab-8953-c87d3f1c74e3_art_4_5:0.031754|“İnvestisiya qiymətli kağızlarının qiymətinin sabitləşdirilməsi haqqında Qaydalar”ın təsdiq edilməsi barədə_art_4_5:0.031746|“Qiymətli kağızlar bazarında lisenziyalaşdırılan şəxslərin kənar auditorlarına dair tələblər haqqında Qaydalar”ın təsdiq edilməsi barədə_art_4_5:0.031545|“Qiymətli kağızlar bazarında sui-istifadələrin qarşısının alınması haqqında Qaydalar”ın təsdiq edilməsi barədə_art_4_5:0.031545|“İpoteka örtüyünün reyestrinin aparılması və sərəncamçı tərəfindən ipoteka örtüyünün yoxlanılmasının nəticələri barədə hesabata dair tələblər haqqında Qaydalar”ın təsdiq edilməsi barədə_art_4_5:0.031514|“İnvestisiya şirkətinin davamlı kapital tələbləri haqqında Qaydalar”ın təsdiq edilməsi barədə_art_4_5:0.031010|“Qiymətli kağızlar bazarında lisenziyalaşdırılan şəxslərin kənar auditorlarına dair tələblər haqqında Qaydalar”ın təsdiq edilməsi barədə_art_3_4:0.014925|“Qiymətli kağızlar bazarında lisenziyalaşdırılan şəxslərin nizamnamə kapitalının minimum miqdarı və onun formalaşdırılması haqqında Qaydalar”ın təsdiq edilməsi barədə_intro_1:0.014925|“Azərbaycan Respublikasının bank sistemində arxiv işinin aparılması haqqında Təlimat”ın təsdiq edilməsi barədə_art_162_185:0.014706|“İnvestisiya şirkətinin davamlı kapital tələbləri haqqında Qaydalar”ın təsdiq edilməsi barədə_art_3_4:0.014706,4|3|1|6|2|5|7|||8,2|3|6|1|5|4||7|8|
4,"""AML Sanksiya Dəyişiklikləri"" adlı Qərar hansı iki qanunun icrası ilə əlaqədar qəbul edilib və bu Qərarla Nazirlər Kabinetinin hansı əvvəlki qərarı ləğv edilir?",AML Sanksiya Dəyişiklikləri_intro_1,AML Sanksiya Dəyişiklikləri_intro_1|AML Sanksiya Dəyişiklikləri_art_4_6|Bank Şöbələri və Valyuta Qaydası_art_2_3|Banklar Haqqında Qanun_ch_X_art_62_102|590-IIQ-Banklar haqqında_ch_X_art_62_107|Bank Hesabları Qaydası_art_3_107_part6|İnformasiya Sistemlərinin Təhlükəsizliyi Qaydaları_ch_il_12_part2|“Azərbaycan Respublikası Mərkəzi Bankının normativ xarakterli aktlarının hazırlanması və qəbul edilməsi Qaydası”nın təsdiq edilməsi barədə_art_2_3|45937180-250a-4b4a-b8e5-153945adb06d_art_2_3|“Azərbaycan Respublikası Mərkəzi Bankının normativ xarakterli aktlarının hazırlanması və qəbul edilməsi Qaydası”nın təsdiq edilməsi barədə_art_4_7,AML Sanksiya Dəyişiklikləri_intro_1:0.032522|AML Sanksiya Dəyişiklikləri_art_4_6:0.029644|Bank Şöbələri və Valyuta Qaydası_art_2_3:0.016393|Banklar Haqqında Qanun_ch_X_art_62_102:0.016129|590-IIQ-Banklar haqqında_ch_X_art_62_107:0.015873|Bank Hesabları Qaydası_art_3_107_part6:0.015873|İnformasiya Sistemlərinin Təhlükəsizliyi Qaydaları_ch_il_12_part2:0.015625|“Azərbaycan Respublikası Mərkəzi Bankının normativ xarakterli aktlarının hazırlanması və qəbul edilməsi Qaydası”nın təsdiq edilməsi barədə_art_2_3:0.015625|45937180-250a-4b4a-b8e5-153945adb06d_art_2_3:0.015385|“Azərbaycan Respublikası Mərkəzi Bankının normativ xarakterli aktlarının hazırlanması və qəbul edilməsi Qaydası”nın təsdiq edilməsi barədə_art_4_7:0.015385,2|9|1|||3|4||5|,1|6||2|3|||4||5
5,Nazirlər Kabinetinin 2015-ci il 21 oktyabr tarixli 336 nömrəli Qərarı ilə təsdiq edilmiş Qaydanın 3.1.4-cü yarımbəndində hansı dəyişiklik edilib?,AML Sanksiya Dəyişiklikləri_art_1_2,AML Sanksiya Dəyişiklikləri_art_1_2|AML Sanksiya Dəyişiklikləri_art_2_3|f15fd85d-3c4e-4d87-aa78-8367ca166daf_art_7_13_part1|Azərbaycan Respublikasının 1999-cu il 22 iyun tarixli 689-IQ nömrəli Qanunu ilə təsdiq edilmiş «Ədalət mühakiməsinin rəsmi embleminin təsviri»ndə dəyişiklik edilməsi barədə_intro_1|d6a9834a-d9f7-49f3-abff-14cd901c615d_art_6_12_part3|AML Sanksiya Dəyişiklikləri_intro_1|Bank Hesabları Qaydası_art_3_107_part1|f15fd85d-3c4e-4d87-aa78-8367ca166daf_art_7_13_part3|“Azərbaycan Respublikası Mərkəzi Bankının normativ xarakterli aktlarının hazırlanması və qəbul edilməsi Qaydası”nın təsdiq edilməsi barədə_art_4_7|Bank Hesabları Qaydası_art_3_107_part2,AML Sanksiya Dəyişiklikləri_art_1_2:0.032787|AML Sanksiya Dəyişiklikləri_art_2_3:0.032258|f15fd85d-3c4e-4d87-aa78-8367ca166daf_art_7_13_part1:0.027206|Azərbaycan Respublikasının 1999-cu il 22 iyun tarixli 689-IQ nömrəli Qanunu ilə təsdiq edilmiş «Ədalət mühakiməsinin rəsmi embleminin təsviri»ndə dəyişiklik edilməsi barədə_intro_1:0.015873|d6a9834a-d9f7-49f3-abff-14cd901c615d_art_6_12_part3:0.015873|AML Sanksiya Dəyişiklikləri_intro_1:0.015625|Bank Hesabları Qaydası_art_3_107_part1:0.015625|f15fd85d-3c4e-4d87-aa78-8367ca166daf_art_7_13_part3:0.015385|“Azərbaycan Respublikası Mərkəzi Bankının normativ xarakterli aktlarının hazırlanması və qəbul edilməsi Qaydası”nın təsdiq edilməsi barədə_art_4_7:0.015385|Bank Hesabları Qaydası_art_3_107_part2:0.015152,1|2|20||3||4|5||6,1|2|8|3||4|||5|
6,337 nömrəli Qərarla təsdiq edilmiş Qaydanın 3.1.5-ci yarımbəndinə hansı dəyişikliklər edilib?,AML Sanksiya Dəyişiklikləri_art_2_3,AML Sanksiya Dəyişiklikləri_art_2_3|AML Sanksiya Dəyişiklikləri_art_1_2|beaf2f3b-d7c9-4377-8d69-d29758699119_art_4_7|4a6fbf3ba5bf66fda98b121c7_art_8_18_part3|AML Sanksiya Dəyişiklikləri_art_3_4_part2|1dfb892e-6204-4404-9166-c861f06996fa_art_5_9_part1|d6a9834a-d9f7-49f3-abff-14cd901c615d_art_6_12_part3|4a6fbf3ba5bf66fda98b121c7_art_2_3|4a6fbf3ba5bf66fda98b121c7_art_3_35_part9|Bank Hesabları Qaydası_art_3_107_part6,AML Sanksiya Dəyişiklikləri_art_2_3:0.032787|AML Sanksiya Dəyişiklikləri_art_1_2:0.016129|beaf2f3b-d7c9-4377-8d69-d29758699119_art_4_7:0.016129|4a6fbf3ba5bf66fda98b121c7_art_8_18_part3:0.015873|AML Sanksiya Dəyişiklikləri_art_3_4_part2:0.015873|1dfb892e-6204-4404-9166-c861f06996fa_art_5_9_part1:0.015625|d6a9834a-d9f7-49f3-abff-14cd901c615d_art_6_12_part3:0.015625|4a6fbf3ba5bf66fda98b121c7_art_2_3:0.015385|4a6fbf3ba5bf66fda98b121c7_art_3_35_part9:0.015385|Bank Hesabları Qaydası_art_3_107_part6:0.015152,1|2|||3||4||5|6,1||2|3||4||5||
7,"""Kommersiya hüquqi şəxslərin təsisçiləri (iştirakçıları)... barədə məlumatların verilməsi Qaydası""nda ""monitorinq iştirakçıları və monitorinqdə iştirak edən digər şəxslər"" termini nə ilə əvəz edilib və maliyyə institutları ilə qeyri-maliyyə institutları hansı meyarlarla fərqləndirilir?",AML Sanksiya Dəyişiklikləri_art_3_4_part1|AML Sanksiya Dəyişiklikləri_art_3_4_part2,AML Sanksiya Dəyişiklikləri_art_3_4_part1|AML Sanksiya Dəyişiklikləri_art_3_4_part2|Cinayət yolu ilə əldə edilmiş əmlakın leqallaşdırılmasına və terrorçuluğun maliyyələşdirilməsinə qarşı mübarizə haqqında_art_14_22_part2|Məcəllə_art_14_22_part2|Cinayət yolu ilə əldə edilmiş əmlakın leqallaşdırılmasına və terrorçuluğun maliyyələşdirilməsinə qarşı mübarizə haqqında_art_14_22_part1|ad29955c-5a37-413c-937e-cd1e5988ae62_art_2_6|Məcəllə_art_14_22_part1|Banklar Haqqında Qanun_ch_XI_art_4_185_part2|Cinayət yolu ilə əldə edilmiş əmlakın leqallaşdırılmasına və terrorçuluğun maliyyələşdirilməsinə qarşı mübarizə haqqında_art_3_7|Məcəllə_art_3_7,AML Sanksiya Dəyişiklikləri_art_3_4_part1:0.032787|AML Sanksiya Dəyişiklikləri_art_3_4_part2:0.032258|Cinayət yolu ilə əldə edilmiş əmlakın leqallaşdırılmasına və terrorçuluğun maliyyələşdirilməsinə qarşı mübarizə haqqında_art_14_22_part2:0.031010|Məcəllə_art_14_22_part2:0.030536|Cinayət yolu ilə əldə edilmiş əmlakın leqallaşdırılmasına və terrorçuluğun maliyyələşdirilməsinə qarşı mübarizə haqqında_art_14_22_part1:0.028814|ad29955c-5a37-413c-937e-cd1e5988ae62_art_2_6:0.028814|Məcəllə_art_14_22_part1:0.028405|Banklar Haqqında Qanun_ch_XI_art_4_185_part2:0.015873|Cinayət yolu ilə əldə edilmiş əmlakın leqallaşdırılmasına və terrorçuluğun maliyyələşdirilməsinə qarşı mübarizə haqqında_art_3_7:0.015873|Məcəllə_art_3_7:0.015625,1|2|4|5|12|7|13|3||,1|2|5|6|7|12|8||3|4
8,"""AML Sanksiya Dəyişiklikləri"" Qərarı hansı tarixdə və hansı nömrə ilə qəbul edilib, kim tərəfindən imzalanıb və hansı köhnə qərar bu sənədin 4-cü bəndi ilə ləğv edilir?",AML Sanksiya Dəyişiklikləri_art_4_6,402 _Azərbaycan Respublikasının Milli Bankı haqqında_ Azərbaycan Respublikası Qanununun tətbiq edilməsi barədə_art_4_5_part1|Banklar Haqqında Qanun_ch_X_art_62_102|590-IIQ-Banklar haqqında_ch_X_art_62_107|d6a9834a-d9f7-49f3-abff-14cd901c615d_art_6_12_part3|Banklar Haqqında Qanun_ch_VIII_art_57_91_part3|İnformasiya Sistemlərinin Təhlükəsizliyi Qaydaları_ch_il_12_part2|590-IIQ-Banklar haqqında_ch_VIII_art_57_96_part3|Bank Hesabları Qaydası_art_8_113_part3|Banklarda əməliyyat risklərinin idarə edilməsi Qaydası_art_6_12_part2|Cinayət yolu ilə əldə edilmiş əmlakın leqallaşdırılmasına və terrorçuluğun maliyyələşdirilməsinə qarşı mübarizə haqqında_art_6_13,402 _Azərbaycan Respublikasının Milli Bankı haqqında_ Azərbaycan Respublikası Qanununun tətbiq edilməsi barədə_art_4_5_part1:0.016393|Banklar Haqqında Qanun_ch_X_art_62_102:0.016393|590-IIQ-Banklar haqqında_ch_X_art_62_107:0.016129|d6a9834a-d9f7-49f3-abff-14cd901c615d_art_6_12_part3:0.016129|Banklar Haqqında Qanun_ch_VIII_art_57_91_part3:0.015873|İnformasiya Sistemlərinin Təhlükəsizliyi Qaydaları_ch_il_12_part2:0.015873|590-IIQ-Banklar haqqında_ch_VIII_art_57_96_part3:0.015625|Bank Hesabları Qaydası_art_8_113_part3:0.015625|Banklarda əməliyyat risklərinin idarə edilməsi Qaydası_art_6_12_part2:0.015385|Cinayət yolu ilə əldə edilmiş əmlakın leqallaşdırılmasına və terrorçuluğun maliyyələşdirilməsinə qarşı mübarizə haqqında_art_6_13:0.015385,1|||2||3||4|5|,|1|2||3||4|||5
9,"""Cinayət yolu ilə əldə edilmiş əmlakın leqallaşdırılmasına və terrorçuluğun maliyyələşdirilməsinə qarşı mübarizə haqqında"" Qanun hansı Konstitusiya maddəsinə əsaslanaraq qəbul edilib və hansı münasibətləri tənzimləyir?",Məcəllə_intro_1,Cinayət yolu ilə əldə edilmiş əmlakın leqallaşdırılmasına və terrorçuluğun maliyyələşdirilməsinə qarşı mübarizə haqqında_intro_1|Məcəllə_intro_1|AZƏRBAYCAN RESPUBLİKASININ QANUNU_ch_IV_art_18_86|802-IIQ-Azərbaycan Respublikasının Mərkəzi Bankı haqqında_ch_IX_art_48_62|590-IIQ-Banklar haqqında_ch_IV_art_42_62|AML Sanksiya Dəyişiklikləri_intro_1|Cinayət yolu ilə əldə edilmiş əmlakın leqallaşdırılmasına və terrorçuluğun maliyyələşdirilməsinə qarşı mübarizə haqqında_art_2_6|Cinayət yolu ilə əldə edilmiş əmlakın leqallaşdırılmasına və terrorçuluğun maliyyələşdirilməsinə qarşı mübarizə haqqında_art_20_29|Banklar Haqqında Qanun_ch_IV_art_42_62|Məcəllə_art_2_6,Cinayət yolu ilə əldə edilmiş əmlakın leqallaşdırılmasına və terrorçuluğun maliyyələşdirilməsinə qarşı mübarizə haqqında_intro_1:0.032787|Məcəllə_intro_1:0.032258|AZƏRBAYCAN RESPUBLİKASININ QANUNU_ch_IV_art_18_86:0.031250|802-IIQ-Azərbaycan Respublikasının Mərkəzi Bankı haqqında_ch_IX_art_48_62:0.030159|590-IIQ-Banklar haqqında_ch_IV_art_42_62:0.028577|AML Sanksiya Dəyişiklikləri_intro_1:0.028259|Cinayət yolu ilə əldə edilmiş əmlakın leqallaşdırılmasına və terrorçuluğun maliyyələşdirilməsinə qarşı mübarizə haqqında_art_2_6:0.028043|Cinayət yolu ilə əldə edilmiş əmlakın leqallaşdırılmasına və terrorçuluğun maliyyələşdirilməsinə qarşı mübarizə haqqında_art_20_29:0.027972|Banklar Haqqında Qanun_ch_IV_art_42_62:0.027778|Məcəllə_art_2_6:0.027652,1|2|4|10|9|7|5|18|12|6,1|2|4|3|11|15|19|6|12|20
10,"Qanuna görə ""öhdəlik daşıyan şəxslər"" kimlərdir və bu anlayış ""maliyyə institutları"" ilə ""qeyri-maliyyə institutları və peşə sahibləri"" anlayışlarından necə fərqlənir?",Məcəllə_art_1_2_part1,Cinayət yolu ilə əldə edilmiş əmlakın leqallaşdırılmasına və terrorçuluğun maliyyələşdirilməsinə qarşı mübarizə haqqında_art_3_7|Məcəllə_art_3_7|Cinayət yolu ilə əldə edilmiş əmlakın leqallaşdırılmasına və terrorçuluğun maliyyələşdirilməsinə qarşı mübarizə haqqında_art_17_26|Məcəllə_art_17_26|AML Sanksiya Dəyişiklikləri_art_3_4_part1|Cinayət yolu ilə əldə edilmiş əmlakın leqallaşdırılmasına və terrorçuluğun maliyyələşdirilməsinə qarşı mübarizə haqqında_art_14_22_part2|Məcəllə_art_14_22_part2|Cinayət yolu ilə əldə edilmiş əmlakın leqallaşdırılmasına və terrorçuluğun maliyyələşdirilməsinə qarşı mübarizə haqqında_art_14_22_part1|Məcəllə_art_14_22_part1|Cinayət yolu ilə əldə edilmiş əmlakın leqallaşdırılmasına və terrorçuluğun maliyyələşdirilməsinə qarşı mübarizə haqqında_art_1_2_part2,Cinayət yolu ilə əldə edilmiş əmlakın leqallaşdırılmasına və terrorçuluğun maliyyələşdirilməsinə qarşı mübarizə haqqında_art_3_7:0.031778|Məcəllə_art_3_7:0.031281|Cinayət yolu ilə əldə edilmiş əmlakın leqallaşdırılmasına və terrorçuluğun maliyyələşdirilməsinə qarşı mübarizə haqqında_art_17_26:0.030118|Məcəllə_art_17_26:0.029670|AML Sanksiya Dəyişiklikləri_art_3_4_part1:0.029206|Cinayət yolu ilə əldə edilmiş əmlakın leqallaşdırılmasına və terrorçuluğun maliyyələşdirilməsinə qarşı mübarizə haqqında_art_14_22_part2:0.016393|Məcəllə_art_14_22_part2:0.016129|Cinayət yolu ilə əldə edilmiş əmlakın leqallaşdırılmasına və terrorçuluğun maliyyələşdirilməsinə qarşı mübarizə haqqında_art_14_22_part1:0.015873|Məcəllə_art_14_22_part1:0.015625|Cinayət yolu ilə əldə edilmiş əmlakın leqallaşdırılmasına və terrorçuluğun maliyyələşdirilməsinə qarşı mübarizə haqqında_art_1_2_part2:0.015152,1|2|4|5|3|||||6,5|6|9|10|15|1|2|3|4|
11,"Qanunun 1.1.8-ci yarımbəndinə əsasən hansı subyektlər ""maliyyə institutları"" kateqoriyasına aiddir?",Məcəllə_art_1_2_part1,590-IIQ-Banklar haqqında_ch_VIII_art_57_96_part2|Cinayət yolu ilə əldə edilmiş əmlakın leqallaşdırılmasına və terrorçuluğun maliyyələşdirilməsinə qarşı mübarizə haqqında_art_3_7|Banklar Haqqında Qanun_ch_VIII_art_57_91_part2|Məcəllə_art_3_7|Müştəri Uyğunluğu və Risk Qiymətləndirməsi Qaydaları_art_4_11|ad29955c-5a37-413c-937e-cd1e5988ae62_art_2_6|1dfb892e-6204-4404-9166-c861f06996fa_art_5_9_part1|Cinayət yolu ilə əldə edilmiş əmlakın leqallaşdırılmasına və terrorçuluğun maliyyələşdirilməsinə qarşı mübarizə haqqında_art_14_22_part2|Məcəllə_art_14_22_part2|“Kredit ittifaqına bank əməliyyatının həyata keçirilməsi üçün lisenziya verilməsi Qaydası”nın təsdiq edilməsi haqqında_art_1_2,590-IIQ-Banklar haqqında_ch_VIII_art_57_96_part2:0.016393|Cinayət yolu ilə əldə edilmiş əmlakın leqallaşdırılmasına və terrorçuluğun maliyyələşdirilməsinə qarşı mübarizə haqqında_art_3_7:0.016393|Banklar Haqqında Qanun_ch_VIII_art_57_91_part2:0.016129|Məcəllə_art_3_7:0.016129|Müştəri Uyğunluğu və Risk Qiymətləndirməsi Qaydaları_art_4_11:0.015873|ad29955c-5a37-413c-937e-cd1e5988ae62_art_2_6:0.015873|1dfb892e-6204-4404-9166-c861f06996fa_art_5_9_part1:0.015625|Cinayət yolu ilə əldə edilmiş əmlakın leqallaşdırılmasına və terrorçuluğun maliyyələşdirilməsinə qarşı mübarizə haqqında_art_14_22_part2:0.015625|Məcəllə_art_14_22_part2:0.015385|“Kredit ittifaqına bank əməliyyatının həyata keçirilməsi üçün lisenziya verilməsi Qaydası”nın təsdiq edilməsi haqqında_art_1_2:0.015385,|1||2||3||4|5|,1||2||3||4|||5
12,"Qanuna görə ""virtual aktiv"" anlayışı necə müəyyən edilir və hansı alətlər virtual aktiv hesab edilmir?",Məcəllə_art_1_2_part1,Cinayət yolu ilə əldə edilmiş əmlakın leqallaşdırılmasına və terrorçuluğun maliyyələşdirilməsinə qarşı mübarizə haqqında_art_1_2_part1|Məcəllə_art_1_2_part1|Dənizkənarı Bulvar İdarəsinin fəaliyyətinin təmin edilməsi haqqında_art_1_2_part2|Auditor xidməti haqqında_art_2_3|Cinayət yolu ilə əldə edilmiş əmlakın leqallaşdırılmasına və terrorçuluğun maliyyələşdirilməsinə qarşı mübarizə haqqında_art_1_2_part2|Məcəllə_art_1_2_part2|Valyuta tənzimi haqqında_art_1_106|“Dövlət qeydiyyatına alınmışdır_art_7_11|“Ödəmə qabiliyyətini itirmiş bankların rezolyusiyası və sağlamlaşdırma tədbirləri çərçivəsində qeyri-işlək (toksik) aktivlərin təqdim edilməsi Qaydası”nın təsdiq edilməsi haqqında_art_2_7|6c51a485-6986-4257-b6e0-25475732f1dc_art_2_6,Cinayət yolu ilə əldə edilmiş əmlakın leqallaşdırılmasına və terrorçuluğun maliyyələşdirilməsinə qarşı mübarizə haqqında_art_1_2_part1:0.032787|Məcəllə_art_1_2_part1:0.032258|Dənizkənarı Bulvar İdarəsinin fəaliyyətinin təmin edilməsi haqqında_art_1_2_part2:0.026671|Auditor xidməti haqqında_art_2_3:0.015873|Cinayət yolu ilə əldə edilmiş əmlakın leqallaşdırılmasına və terrorçuluğun maliyyələşdirilməsinə qarşı mübarizə haqqında_art_1_2_part2:0.015873|Məcəllə_art_1_2_part2:0.015625|Valyuta tənzimi haqqında_art_1_106:0.015625|“Dövlət qeydiyyatına alınmışdır_art_7_11:0.015385|“Ödəmə qabiliyyətini itirmiş bankların rezolyusiyası və sağlamlaşdırma tədbirləri çərçivəsində qeyri-işlək (toksik) aktivlərin təqdim edilməsi Qaydası”nın təsdiq edilməsi haqqında_art_2_7:0.015385|6c51a485-6986-4257-b6e0-25475732f1dc_art_2_6:0.015152,1|2|14||3|4|||5|6,1|2|16|3|||4|5||
13,"Qanuna görə ""benefisiar mülkiyyətçi"" kim hesab edilir?",Məcəllə_art_1_2_part2,64b6f05f-196b-4894-9374-9e5c1c4df7a2_art_16_35|Valyuta tənzimi haqqında_art_1_106|933-IIIQ-Bank olmayan kredit təşkilatları haqqında_ch_I_art_3_5|Bank Hesabları Qaydası_art_16_35|590-IIQ-Banklar haqqında_ch_I_art_1_3_part2|Auditor xidməti haqqında_art_2_3|Bank Şöbələri və Valyuta Qaydası_art_2_6|Banklar Haqqında Qanun_ch_I_art_1_3_part2|5b725bb224d33e2085294c793_art_9_26|Öhdəlik daşıyan şəxslərin daxili nəzarət proqramının cavab verməli olduğu minimum Tələblər_art_2_5_part2,64b6f05f-196b-4894-9374-9e5c1c4df7a2_art_16_35:0.016393|Valyuta tənzimi haqqında_art_1_106:0.016393|933-IIIQ-Bank olmayan kredit təşkilatları haqqında_ch_I_art_3_5:0.016129|Bank Hesabları Qaydası_art_16_35:0.016129|590-IIQ-Banklar haqqında_ch_I_art_1_3_part2:0.015873|Auditor xidməti haqqında_art_2_3:0.015873|Bank Şöbələri və Valyuta Qaydası_art_2_6:0.015625|Banklar Haqqında Qanun_ch_I_art_1_3_part2:0.015625|5b725bb224d33e2085294c793_art_9_26:0.015385|Öhdəlik daşıyan şəxslərin daxili nəzarət proqramının cavab verməli olduğu minimum Tələblər_art_2_5_part2:0.015385,1|||2|3|||4||5,|1|2|||3|4||5|
14,"Qanunda ""mühüm iştirak payı"" hansı faiz həddi ilə müəyyən edilir?",Məcəllə_art_1_2_part2,590-IIQ-Banklar haqqında_ch_III_art_22_35_part3|Banklar Haqqında Qanun_ch_III_art_22_35_part3|590-IIQ-Banklar haqqında_ch_III_art_22_35_part1|933-IIIQ-Bank olmayan kredit təşkilatları haqqında_ch_II_art_7_11_part2|Banklar Haqqında Qanun_ch_III_art_22_35_part1|5b725bb224d33e2085294c793_art_9_26|Dənizkənarı Bulvar İdarəsinin fəaliyyətinin təmin edilməsi haqqında_art_61_70_part1|802-IIQ-Azərbaycan Respublikasının Mərkəzi Bankı haqqında_ch_IV_art_23_29|“İnvestisiya şirkətinin davamlı kapital tələbləri haqqında Qaydalar”ın təsdiq edilməsi barədə_art_6_15_part1|802-IIQ-Azərbaycan Respublikasının Mərkəzi Bankı haqqında_ch_I_art_6_8,590-IIQ-Banklar haqqında_ch_III_art_22_35_part3:0.030303|Banklar Haqqında Qanun_ch_III_art_22_35_part3:0.029877|590-IIQ-Banklar haqqında_ch_III_art_22_35_part1:0.028787|933-IIIQ-Bank olmayan kredit təşkilatları haqqında_ch_II_art_7_11_part2:0.028405|Banklar Haqqında Qanun_ch_III_art_22_35_part1:0.028373|5b725bb224d33e2085294c793_art_9_26:0.016393|Dənizkənarı Bulvar İdarəsinin fəaliyyətinin təmin edilməsi haqqında_art_61_70_part1:0.016393|802-IIQ-Azərbaycan Respublikasının Mərkəzi Bankı haqqında_ch_IV_art_23_29:0.016129|“İnvestisiya şirkətinin davamlı kapital tələbləri haqqında Qaydalar”ın təsdiq edilməsi barədə_art_6_15_part1:0.015873|802-IIQ-Azərbaycan Respublikasının Mərkəzi Bankı haqqında_ch_I_art_6_8:0.015625,6|9|2|8|3||1|||,6|5|19|13|20|1||2|3|4
15,"""Siyasi nüfuzlu şəxslərin yaxın qohumları"" anlayışına hansı şəxslər daxildir?",Məcəllə_art_1_2_part3,Cinayət yolu ilə əldə edilmiş əmlakın leqallaşdırılmasına və terrorçuluğun maliyyələşdirilməsinə qarşı mübarizə haqqında_art_7_14|Məcəllə_art_7_14|45937180-250a-4b4a-b8e5-153945adb06d_art_16_24_part2|Cinayət yolu ilə əldə edilmiş əmlakın leqallaşdırılmasına və terrorçuluğun maliyyələşdirilməsinə qarşı mübarizə haqqında_art_1_2_part3|Məcəllə_art_1_2_part3|Müştəri Uyğunluğu və Risk Qiymətləndirməsi Qaydaları_art_2_5_part2|64b6f05f-196b-4894-9374-9e5c1c4df7a2_art_7_75|Müştəri Uyğunluğu və Risk Qiymətləndirməsi Qaydaları_art_2_5_part1|Bank Hesabları Qaydası_art_7_75|64b6f05f-196b-4894-9374-9e5c1c4df7a2_art_21_89,Cinayət yolu ilə əldə edilmiş əmlakın leqallaşdırılmasına və terrorçuluğun maliyyələşdirilməsinə qarşı mübarizə haqqında_art_7_14:0.032787|Məcəllə_art_7_14:0.032258|45937180-250a-4b4a-b8e5-153945adb06d_art_16_24_part2:0.030550|Cinayət yolu ilə əldə edilmiş əmlakın leqallaşdırılmasına və terrorçuluğun maliyyələşdirilməsinə qarşı mübarizə haqqında_art_1_2_part3:0.030090|Məcəllə_art_1_2_part3:0.029644|Müştəri Uyğunluğu və Risk Qiymətləndirməsi Qaydaları_art_2_5_part2:0.026847|64b6f05f-196b-4894-9374-9e5c1c4df7a2_art_7_75:0.015873|Müştəri Uyğunluğu və Risk Qiymətləndirməsi Qaydaları_art_2_5_part1:0.015873|Bank Hesabları Qaydası_art_7_75:0.015625|64b6f05f-196b-4894-9374-9e5c1c4df7a2_art_21_89:0.015385,1|2|7|8|9|14|3||4|5,1|2|4|5|6|15||3||
16,"Qanuna əsasən ""siyasi nüfuzlu şəxs"" statusuna hansı vəzifə sahibləri aiddir?",Məcəllə_art_1_2_part3,45937180-250a-4b4a-b8e5-153945adb06d_art_16_24_part2|Cinayət yolu ilə əldə edilmiş əmlakın leqallaşdırılmasına və terrorçuluğun maliyyələşdirilməsinə qarşı mübarizə haqqında_art_7_14|Məcəllə_art_7_14|Cinayət yolu ilə əldə edilmiş əmlakın leqallaşdırılmasına və terrorçuluğun maliyyələşdirilməsinə qarşı mübarizə haqqında_art_1_2_part3|Məcəllə_art_1_2_part3|45937180-250a-4b4a-b8e5-153945adb06d_art_16_24_part1|64b6f05f-196b-4894-9374-9e5c1c4df7a2_art_21_89|Bank Hesabları Qaydası_art_21_89|Müştəri Uyğunluğu və Risk Qiymətləndirməsi Qaydaları_art_2_5_part1|Valyuta tənzimi haqqında_art_13_78,45937180-250a-4b4a-b8e5-153945adb06d_art_16_24_part2:0.032266|Cinayət yolu ilə əldə edilmiş əmlakın leqallaşdırılmasına və terrorçuluğun maliyyələşdirilməsinə qarşı mübarizə haqqında_art_7_14:0.031545|Məcəllə_art_7_14:0.031054|Cinayət yolu ilə əldə edilmiş əmlakın leqallaşdırılmasına və terrorçuluğun maliyyələşdirilməsinə qarşı mübarizə haqqında_art_1_2_part3:0.031025|Məcəllə_art_1_2_part3:0.030550|45937180-250a-4b4a-b8e5-153945adb06d_art_16_24_part1:0.029287|64b6f05f-196b-4894-9374-9e5c1c4df7a2_art_21_89:0.015625|Bank Hesabları Qaydası_art_21_89:0.015385|Müştəri Uyğunluğu və Risk Qiymətləndirməsi Qaydaları_art_2_5_part1:0.015385|Valyuta tənzimi haqqında_art_13_78:0.014706,3|1|2|6|7|16|4|5||,1|6|7|3|4|2|||5|8
17,FATF nədir və hansı məqsədlə fəaliyyət göstərir?,Məcəllə_art_1_2_part3|Məcəllə_art_1_2_part4,Cinayət yolu ilə əldə edilmiş əmlakın leqallaşdırılmasına və terrorçuluğun maliyyələşdirilməsinə qarşı mübarizə haqqında_art_9_16|Məcəllə_art_9_16|Cinayət yolu ilə əldə edilmiş əmlakın leqallaşdırılmasına və terrorçuluğun maliyyələşdirilməsinə qarşı mübarizə haqqında_art_1_2_part3|Məcəllə_art_1_2_part3|590-IIQ-Banklar haqqında_ch_I_art_5_9|Banklar Haqqında Qanun_ch_I_art_5_9|933-IIIQ-Bank olmayan kredit təşkilatları haqqında_ch_IV_art_15_23|dc1546b51b6aa6b3d92409836_intro_1_part1|a416bd5767831ef5222712ecd_art_4_19_part5|Əmanətlərin sığortalanması haqqında_ch_II_art_21_25,Cinayət yolu ilə əldə edilmiş əmlakın leqallaşdırılmasına və terrorçuluğun maliyyələşdirilməsinə qarşı mübarizə haqqında_art_9_16:0.032266|Məcəllə_art_9_16:0.031754|Cinayət yolu ilə əldə edilmiş əmlakın leqallaşdırılmasına və terrorçuluğun maliyyələşdirilməsinə qarşı mübarizə haqqında_art_1_2_part3:0.031545|Məcəllə_art_1_2_part3:0.031054|590-IIQ-Banklar haqqında_ch_I_art_5_9:0.015873|Banklar Haqqında Qanun_ch_I_art_5_9:0.015625|933-IIIQ-Bank olmayan kredit təşkilatları haqqında_ch_IV_art_15_23:0.015385|dc1546b51b6aa6b3d92409836_intro_1_part1:0.015385|a416bd5767831ef5222712ecd_art_4_19_part5:0.015152|Əmanətlərin sığortalanması haqqında_ch_II_art_21_25:0.014925,3|4|1|2||||5|6|7,1|2|6|7|3|4|5|||
18,"Qanuna görə ""yüksək riskli zonalar"" hansı əlamətlərə görə müəyyən edilir?",Məcəllə_art_1_2_part4,Cinayət yolu ilə əldə edilmiş əmlakın leqallaşdırılmasına və terrorçuluğun maliyyələşdirilməsinə qarşı mübarizə haqqında_art_9_16|Məcəllə_art_9_16|Müştəri Uyğunluğu və Risk Qiymətləndirməsi Qaydaları_art_3_8_part1|933-IIIQ-Bank olmayan kredit təşkilatları haqqında_ch_I_art_3_5|Valyuta tənzimi haqqında_art_1_106|Auditor xidməti haqqında_art_2_3|Müştəri Uyğunluğu və Risk Qiymətləndirməsi Qaydaları_art_3_8_part3|5b725bb224d33e2085294c793_art_9_26|Cinayət yolu ilə əldə edilmiş əmlakın leqallaşdırılmasına və terrorçuluğun maliyyələşdirilməsinə qarşı mübarizə haqqında_art_1_2_part4|Məcəllə_art_1_2_part4,Cinayət yolu ilə əldə edilmiş əmlakın leqallaşdırılmasına və terrorçuluğun maliyyələşdirilməsinə qarşı mübarizə haqqında_art_9_16:0.031778|Məcəllə_art_9_16:0.031281|Müştəri Uyğunluğu və Risk Qiymətləndirməsi Qaydaları_art_3_8_part1:0.028125|933-IIIQ-Bank olmayan kredit təşkilatları haqqında_ch_I_art_3_5:0.016393|Valyuta tənzimi haqqında_art_1_106:0.016129|Auditor xidməti haqqında_art_2_3:0.015873|Müştəri Uyğunluğu və Risk Qiymətləndirməsi Qaydaları_art_3_8_part3:0.015873|5b725bb224d33e2085294c793_art_9_26:0.015625|Cinayət yolu ilə əldə edilmiş əmlakın leqallaşdırılmasına və terrorçuluğun maliyyələşdirilməsinə qarşı mübarizə haqqında_art_1_2_part4:0.015385|Məcəllə_art_1_2_part4:0.015152,1|2|4||||3||5|6,5|6|20|1|2|3||4||
19,Qanunun tətbiq dairəsinə görə bu Qanun kimlər arasındakı münasibətləri tənzimləyir və Azərbaycan yurisdiksiyasından kənar fəaliyyətə necə tətbiq olunur?,Məcəllə_art_2_6,Cinayət yolu ilə əldə edilmiş əmlakın leqallaşdırılmasına və terrorçuluğun maliyyələşdirilməsinə qarşı mübarizə haqqında_art_2_6|Məcəllə_art_2_6|Daxili audit haqqında_ch_I_art_2_4|Auditor xidməti haqqında_art_1_2|933-IIIQ-Bank olmayan kredit təşkilatları haqqında_ch_I_art_2_4|“QEYDƏ ALINMIŞDIR” “TƏSDİQ EDİRƏM”_art_1_2|1e1594e275bb96ef2c75aa1e8_art_8_9|Valyuta tənzimi haqqında_art_2_73|933-IIIQ-Bank olmayan kredit təşkilatları haqqında_intro_1|Dənizkənarı Bulvar İdarəsinin fəaliyyətinin təmin edilməsi haqqında_art_40_46,Cinayət yolu ilə əldə edilmiş əmlakın leqallaşdırılmasına və terrorçuluğun maliyyələşdirilməsinə qarşı mübarizə haqqında_art_2_6:0.032787|Məcəllə_art_2_6:0.032258|Daxili audit haqqında_ch_I_art_2_4:0.031498|Auditor xidməti haqqında_art_1_2:0.031025|933-IIIQ-Bank olmayan kredit təşkilatları haqqında_ch_I_art_2_4:0.030090|“QEYDƏ ALINMIŞDIR” “TƏSDİQ EDİRƏM”_art_1_2:0.015625|1e1594e275bb96ef2c75aa1e8_art_8_9:0.015385|Valyuta tənzimi haqqında_art_2_73:0.015152|933-IIIQ-Bank olmayan kredit təşkilatları haqqında_intro_1:0.014925|Dənizkənarı Bulvar İdarəsinin fəaliyyətinin təmin edilməsi haqqında_art_40_46:0.014925,1|2|4|3|5|||6|7|,1|2|3|6|8|4|5|||7
20,Qanunun tələbləri qeyri-maliyyə institutları və peşə sahiblərinə hansı hallarda tətbiq olunur?,Məcəllə_art_3_7,Cinayət yolu ilə əldə edilmiş əmlakın leqallaşdırılmasına və terrorçuluğun maliyyələşdirilməsinə qarşı mübarizə haqqında_art_3_7|Məcəllə_art_3_7|Cinayət yolu ilə əldə edilmiş əmlakın leqallaşdırılmasına və terrorçuluğun maliyyələşdirilməsinə qarşı mübarizə haqqında_art_13_21|Məcəllə_art_13_21|Cinayət yolu ilə əldə edilmiş əmlakın leqallaşdırılmasına və terrorçuluğun maliyyələşdirilməsinə qarşı mübarizə haqqında_art_14_22_part2|Məcəllə_art_14_22_part2|933-IIIQ-Bank olmayan kredit təşkilatları haqqında_intro_1|Banklar Haqqında Qanun_ch_I_art_3_7|Cinayət yolu ilə əldə edilmiş əmlakın leqallaşdırılmasına və terrorçuluğun maliyyələşdirilməsinə qarşı mübarizə haqqında_art_14_22_part1|Məcəllə_art_14_22_part1,Cinayət yolu ilə əldə edilmiş əmlakın leqallaşdırılmasına və terrorçuluğun maliyyələşdirilməsinə qarşı mübarizə haqqında_art_3_7:0.032787|Məcəllə_art_3_7:0.032258|Cinayət yolu ilə əldə edilmiş əmlakın leqallaşdırılmasına və terrorçuluğun maliyyələşdirilməsinə qarşı mübarizə haqqında_art_13_21:0.030310|Məcəllə_art_13_21:0.029857|Cinayət yolu ilə əldə edilmiş əmlakın leqallaşdırılmasına və terrorçuluğun maliyyələşdirilməsinə qarşı mübarizə haqqında_art_14_22_part2:0.029762|Məcəllə_art_14_22_part2:0.029324|933-IIIQ-Bank olmayan kredit təşkilatları haqqında_intro_1:0.015873|Banklar Haqqında Qanun_ch_I_art_3_7:0.015625|Cinayət yolu ilə əldə edilmiş əmlakın leqallaşdırılmasına və terrorçuluğun maliyyələşdirilməsinə qarşı mübarizə haqqında_art_14_22_part1:0.015385|Məcəllə_art_14_22_part1:0.015152,1|2|5|6|12|13|3|4||,1|2|7|8|3|4|||5|6
21,"""Anbarların açılması, bağlanması və möhürlənməsi jurnalı"" üçün müəyyən edilmiş saxlanma müddəti neçə ildir?",“Azərbaycan Respublikasının bank sistemində arxiv işinin aparılması haqqında Təlimat”ın təsdiq edilməsi barədə_art_90_108,“Azərbaycan Respublikasının bank sistemində arxiv işinin aparılması haqqında Təlimat”ın təsdiq edilməsi barədə_art_90_108|“Azərbaycan Respublikasının bank sistemində arxiv işinin aparılması haqqında Təlimat”ın təsdiq edilməsi barədə_art_8_13|“Azərbaycan Respublikasının bank sistemində arxiv işinin aparılması haqqında Təlimat”ın təsdiq edilməsi barədə_art_1_5|“Azərbaycan Respublikasının bank sistemində arxiv işinin aparılması haqqında Təlimat”ın təsdiq edilməsi barədə_art_125_147|“Azərbaycan Respublikasının bank sistemində arxiv işinin aparılması haqqında Təlimat”ın təsdiq edilməsi barədə_art_79_97|“Azərbaycan Respublikasının bank sistemində arxiv işinin aparılması haqqında Təlimat”ın təsdiq edilməsi barədə_art_91_109|“Azərbaycan Respublikasının bank sistemində arxiv işinin aparılması haqqında Təlimat”ın təsdiq edilməsi barədə_art_5_10|“Azərbaycan Respublikasının bank sistemində arxiv işinin aparılması haqqında Təlimat”ın təsdiq edilməsi barədə_art_85_103|64b6f05f-196b-4894-9374-9e5c1c4df7a2_art_3_107_part2|“Azərbaycan Respublikasının bank sistemində arxiv işinin aparılması haqqında Təlimat”ın təsdiq edilməsi barədə_art_97_116,“Azərbaycan Respublikasının bank sistemində arxiv işinin aparılması haqqında Təlimat”ın təsdiq edilməsi barədə_art_90_108:0.032787|“Azərbaycan Respublikasının bank sistemində arxiv işinin aparılması haqqında Təlimat”ın təsdiq edilməsi barədə_art_8_13:0.028629|“Azərbaycan Respublikasının bank sistemində arxiv işinin aparılması haqqında Təlimat”ın təsdiq edilməsi barədə_art_1_5:0.027242|“Azərbaycan Respublikasının bank sistemində arxiv işinin aparılması haqqında Təlimat”ın təsdiq edilməsi barədə_art_125_147:0.016129|“Azərbaycan Respublikasının bank sistemində arxiv işinin aparılması haqqında Təlimat”ın təsdiq edilməsi barədə_art_79_97:0.015873|“Azərbaycan Respublikasının bank sistemində arxiv işinin aparılması haqqında Təlimat”ın təsdiq edilməsi barədə_art_91_109:0.015873|“Azərbaycan Respublikasının bank sistemində arxiv işinin aparılması haqqında Təlimat”ın təsdiq edilməsi barədə_art_5_10:0.015625|“Azərbaycan Respublikasının bank sistemində arxiv işinin aparılması haqqında Təlimat”ın təsdiq edilməsi barədə_art_85_103:0.015625|64b6f05f-196b-4894-9374-9e5c1c4df7a2_art_3_107_part2:0.015385|“Azərbaycan Respublikasının bank sistemində arxiv işinin aparılması haqqında Təlimat”ın təsdiq edilməsi barədə_art_97_116:0.015385,1|20|11|2||3||4||5,1|2|16||3||4||5|
22,"""Nəzarət kitabı""nın saxlanma müddəti neçə ildir?",“Azərbaycan Respublikasının bank sistemində arxiv işinin aparılması haqqında Təlimat”ın təsdiq edilməsi barədə_art_93_111,“Azərbaycan Respublikasının bank sistemində arxiv işinin aparılması haqqında Təlimat”ın təsdiq edilməsi barədə_art_1_5|“Azərbaycan Respublikasının bank sistemində arxiv işinin aparılması haqqında Təlimat”ın təsdiq edilməsi barədə_art_8_13|İstehlakçıların hüquqlarının müdafiəsi haqqında_ch_II_art_2_15|“Azərbaycan Respublikasının bank sistemində arxiv işinin aparılması haqqında Təlimat”ın təsdiq edilməsi barədə_art_125_147|“Azərbaycan Respublikasının bank sistemində arxiv işinin aparılması haqqında Təlimat”ın təsdiq edilməsi barədə_art_5_10|“Azərbaycan Respublikasının bank sistemində arxiv işinin aparılması haqqında Təlimat”ın təsdiq edilməsi barədə_art_79_97|“Azərbaycan Respublikasının bank sistemində arxiv işinin aparılması haqqında Təlimat”ın təsdiq edilməsi barədə_art_7_12|“Azərbaycan Respublikasının bank sistemində arxiv işinin aparılması haqqında Təlimat”ın təsdiq edilməsi barədə_art_85_103|Cinayət yolu ilə əldə edilmiş əmlakın leqallaşdırılmasına və terrorçuluğun maliyyələşdirilməsinə qarşı mübarizə haqqında_art_6_13|Məcəllə_art_6_13,“Azərbaycan Respublikasının bank sistemində arxiv işinin aparılması haqqında Təlimat”ın təsdiq edilməsi barədə_art_1_5:0.030550|“Azərbaycan Respublikasının bank sistemində arxiv işinin aparılması haqqında Təlimat”ın təsdiq edilməsi barədə_art_8_13:0.029727|İstehlakçıların hüquqlarının müdafiəsi haqqında_ch_II_art_2_15:0.027799|“Azərbaycan Respublikasının bank sistemində arxiv işinin aparılması haqqında Təlimat”ın təsdiq edilməsi barədə_art_125_147:0.016393|“Azərbaycan Respublikasının bank sistemində arxiv işinin aparılması haqqında Təlimat”ın təsdiq edilməsi barədə_art_5_10:0.016129|“Azərbaycan Respublikasının bank sistemində arxiv işinin aparılması haqqında Təlimat”ın təsdiq edilməsi barədə_art_79_97:0.016129|“Azərbaycan Respublikasının bank sistemində arxiv işinin aparılması haqqında Təlimat”ın təsdiq edilməsi barədə_art_7_12:0.015873|“Azərbaycan Respublikasının bank sistemində arxiv işinin aparılması haqqında Təlimat”ın təsdiq edilməsi barədə_art_85_103:0.015873|Cinayət yolu ilə əldə edilmiş əmlakın leqallaşdırılmasına və terrorçuluğun maliyyələşdirilməsinə qarşı mübarizə haqqında_art_6_13:0.015625|Məcəllə_art_6_13:0.015385,7|15|10|1||2||3|4|5,4|1|14||2||3|||
23,"""Xəzinə departamentinin ehtiyat fondunda olan nağd pulun küpürlər üzrə qalığına dair hesabat"" (aylıq) hansı sənəd növüdür və saxlanma müddəti neçə ildir?",“Azərbaycan Respublikasının bank sistemində arxiv işinin aparılması haqqında Təlimat”ın təsdiq edilməsi barədə_art_95_113,“Azərbaycan Respublikasının bank sistemində arxiv işinin aparılması haqqında Təlimat”ın təsdiq edilməsi barədə_art_95_113|“Azərbaycan Respublikasının bank sistemində arxiv işinin aparılması haqqında Təlimat”ın təsdiq edilməsi barədə_art_8_13|“Azərbaycan Respublikasının bank sistemində arxiv işinin aparılması haqqında Təlimat”ın təsdiq edilməsi barədə_art_69_87|“Azərbaycan Respublikasının bank sistemində arxiv işinin aparılması haqqında Təlimat”ın təsdiq edilməsi barədə_art_161_184|“Azərbaycan Respublikasının bank sistemində arxiv işinin aparılması haqqında Təlimat”ın təsdiq edilməsi barədə_art_79_97|4a6fbf3ba5bf66fda98b121c7_art_11_23_part2|802-IIQ-Azərbaycan Respublikasının Mərkəzi Bankı haqqında_ch_VI_art_37_45|“Azərbaycan Respublikasının bank sistemində arxiv işinin aparılması haqqında Təlimat”ın təsdiq edilməsi barədə_art_71_89|4a6fbf3ba5bf66fda98b121c7_art_7_16_part1|“Azərbaycan Respublikasının bank sistemində arxiv işinin aparılması haqqında Təlimat”ın təsdiq edilməsi barədə_art_150_172,“Azərbaycan Respublikasının bank sistemində arxiv işinin aparılması haqqında Təlimat”ın təsdiq edilməsi barədə_art_95_113:0.032787|“Azərbaycan Respublikasının bank sistemində arxiv işinin aparılması haqqında Təlimat”ın təsdiq edilməsi barədə_art_8_13:0.031754|“Azərbaycan Respublikasının bank sistemində arxiv işinin aparılması haqqında Təlimat”ın təsdiq edilməsi barədə_art_69_87:0.016129|“Azərbaycan Respublikasının bank sistemində arxiv işinin aparılması haqqında Təlimat”ın təsdiq edilməsi barədə_art_161_184:0.015873|“Azərbaycan Respublikasının bank sistemində arxiv işinin aparılması haqqında Təlimat”ın təsdiq edilməsi barədə_art_79_97:0.015873|4a6fbf3ba5bf66fda98b121c7_art_11_23_part2:0.015625|802-IIQ-Azərbaycan Respublikasının Mərkəzi Bankı haqqında_ch_VI_art_37_45:0.015385|“Azərbaycan Respublikasının bank sistemində arxiv işinin aparılması haqqında Təlimat”ın təsdiq edilməsi barədə_art_71_89:0.015385|4a6fbf3ba5bf66fda98b121c7_art_7_16_part1:0.015152|“Azərbaycan Respublikasının bank sistemində arxiv işinin aparılması haqqında Təlimat”ın təsdiq edilməsi barədə_art_150_172:0.015152,1|4|2|3||||5||6,1|2|||3|4|5||6|
24,"""Silahların alınması, verilməsi, saxlanması və uçotu məsələləri barədə sənədlər və yazışma""nın saxlanma müddəti neçə ildir?",“Azərbaycan Respublikasının bank sistemində arxiv işinin aparılması haqqında Təlimat”ın təsdiq edilməsi barədə_art_96_115,“Azərbaycan Respublikasının bank sistemində arxiv işinin aparılması haqqında Təlimat”ın təsdiq edilməsi barədə_art_96_115|“Azərbaycan Respublikasının bank sistemində arxiv işinin aparılması haqqında Təlimat”ın təsdiq edilməsi barədə_art_250_278|“Azərbaycan Respublikasının bank sistemində arxiv işinin aparılması haqqında Təlimat”ın təsdiq edilməsi barədə_art_34_49|“Azərbaycan Respublikasının bank sistemində arxiv işinin aparılması haqqında Təlimat”ın təsdiq edilməsi barədə_art_246_274|“Azərbaycan Respublikasının bank sistemində arxiv işinin aparılması haqqında Təlimat”ın təsdiq edilməsi barədə_art_8_13|Cinayət yolu ilə əldə edilmiş əmlakın leqallaşdırılmasına və terrorçuluğun maliyyələşdirilməsinə qarşı mübarizə haqqında_art_6_13|“Azərbaycan Respublikasının bank sistemində arxiv işinin aparılması haqqında Təlimat”ın təsdiq edilməsi barədə_art_4_8_part1|Məcəllə_art_6_13|“Azərbaycan Respublikasının bank sistemində arxiv işinin aparılması haqqında Təlimat”ın təsdiq edilməsi barədə_art_254_282_part1|“Azərbaycan Respublikasının bank sistemində arxiv işinin aparılması haqqında Təlimat”ın təsdiq edilməsi barədə_art_7_12,“Azərbaycan Respublikasının bank sistemində arxiv işinin aparılması haqqında Təlimat”ın təsdiq edilməsi barədə_art_96_115:0.032787|“Azərbaycan Respublikasının bank sistemində arxiv işinin aparılması haqqında Təlimat”ın təsdiq edilməsi barədə_art_250_278:0.028205|“Azərbaycan Respublikasının bank sistemində arxiv işinin aparılması haqqında Təlimat”ın təsdiq edilməsi barədə_art_34_49:0.028083|“Azərbaycan Respublikasının bank sistemində arxiv işinin aparılması haqqında Təlimat”ın təsdiq edilməsi barədə_art_246_274:0.016129|“Azərbaycan Respublikasının bank sistemində arxiv işinin aparılması haqqında Təlimat”ın təsdiq edilməsi barədə_art_8_13:0.016129|Cinayət yolu ilə əldə edilmiş əmlakın leqallaşdırılmasına və terrorçuluğun maliyyələşdirilməsinə qarşı mübarizə haqqında_art_6_13:0.015873|“Azərbaycan Respublikasının bank sistemində arxiv işinin aparılması haqqında Təlimat”ın təsdiq edilməsi barədə_art_4_8_part1:0.015873|Məcəllə_art_6_13:0.015625|“Azərbaycan Respublikasının bank sistemində arxiv işinin aparılması haqqında Təlimat”ın təsdiq edilməsi barədə_art_254_282_part1:0.015625|“Azərbaycan Respublikasının bank sistemində arxiv işinin aparılması haqqında Təlimat”ın təsdiq edilməsi barədə_art_7_12:0.015385,1|5|7|2||3||4||,1|18|16||2||3||4|5
25,"""Qiymətlilərin inkassasiyası ilə bağlı müqavilələr"" üçün saxlanma müddəti neçə ildir və hansı əlavə şərt qeyd olunub?",“Azərbaycan Respublikasının bank sistemində arxiv işinin aparılması haqqında Təlimat”ın təsdiq edilməsi barədə_art_98_117,4a6fbf3ba5bf66fda98b121c7_art_3_35_part18|4a6fbf3ba5bf66fda98b121c7_art_3_35_part14|“Azərbaycan Respublikasının bank sistemində arxiv işinin aparılması haqqında Təlimat”ın təsdiq edilməsi barədə_art_8_13|“Azərbaycan Respublikasının bank sistemində arxiv işinin aparılması haqqında Təlimat”ın təsdiq edilməsi barədə_art_99_118|“Azərbaycan Respublikasının bank sistemində arxiv işinin aparılması haqqında Təlimat”ın təsdiq edilməsi barədə_art_5_10|“Azərbaycan Respublikasının bank sistemində arxiv işinin aparılması haqqında Təlimat”ın təsdiq edilməsi barədə_art_98_117|“Azərbaycan Respublikasının bank sistemində arxiv işinin aparılması haqqında Təlimat”ın təsdiq edilməsi barədə_art_100_119|“Azərbaycan Respublikasının bank sistemində arxiv işinin aparılması haqqında Təlimat”ın təsdiq edilməsi barədə_art_1_5|“Azərbaycan Respublikasının bank sistemində arxiv işinin aparılması haqqında Təlimat”ın təsdiq edilməsi barədə_art_124_146|“Azərbaycan Respublikasının bank sistemində arxiv işinin aparılması haqqında Təlimat”ın təsdiq edilməsi barədə_art_254_282_part1,4a6fbf3ba5bf66fda98b121c7_art_3_35_part18:0.026944|4a6fbf3ba5bf66fda98b121c7_art_3_35_part14:0.026389|“Azərbaycan Respublikasının bank sistemində arxiv işinin aparılması haqqında Təlimat”ın təsdiq edilməsi barədə_art_8_13:0.016393|“Azərbaycan Respublikasının bank sistemində arxiv işinin aparılması haqqında Təlimat”ın təsdiq edilməsi barədə_art_99_118:0.016393|“Azərbaycan Respublikasının bank sistemində arxiv işinin aparılması haqqında Təlimat”ın təsdiq edilməsi barədə_art_5_10:0.016129|“Azərbaycan Respublikasının bank sistemində arxiv işinin aparılması haqqında Təlimat”ın təsdiq edilməsi barədə_art_98_117:0.016129|“Azərbaycan Respublikasının bank sistemində arxiv işinin aparılması haqqında Təlimat”ın təsdiq edilməsi barədə_art_100_119:0.015873|“Azərbaycan Respublikasının bank sistemində arxiv işinin aparılması haqqında Təlimat”ın təsdiq edilməsi barədə_art_1_5:0.015873|“Azərbaycan Respublikasının bank sistemində arxiv işinin aparılması haqqında Təlimat”ın təsdiq edilməsi barədə_art_124_146:0.015625|“Azərbaycan Respublikasının bank sistemində arxiv işinin aparılması haqqında Təlimat”ın təsdiq edilməsi barədə_art_254_282_part1:0.015625,10|20||1||2|3||4|,19|12|1||2|||3||4
26,"""Saxlanca qoyulmuş sənədlər və qiymətlilər üzrə uçot kitabı""nın saxlanma müddəti nədir?",“Azərbaycan Respublikasının bank sistemində arxiv işinin aparılması haqqında Təlimat”ın təsdiq edilməsi barədə_art_85_103,“Azərbaycan Respublikasının bank sistemində arxiv işinin aparılması haqqında Təlimat”ın təsdiq edilməsi barədə_art_85_103|“Azərbaycan Respublikasının bank sistemində arxiv işinin aparılması haqqında Təlimat”ın təsdiq edilməsi barədə_art_8_13|“Azərbaycan Respublikasının bank sistemində arxiv işinin aparılması haqqında Təlimat”ın təsdiq edilməsi barədə_art_1_5|_Dövlət qeydiyyatına alınmışdır_art_15_26_part1|“Azərbaycan Respublikasının bank sistemində arxiv işinin aparılması haqqında Təlimat”ın təsdiq edilməsi barədə_art_254_282_part1|“Azərbaycan Respublikasının bank sistemində arxiv işinin aparılması haqqında Təlimat”ın təsdiq edilməsi barədə_art_88_106|“Azərbaycan Respublikasının bank sistemində arxiv işinin aparılması haqqında Təlimat”ın təsdiq edilməsi barədə_art_94_112|“Azərbaycan Respublikasının bank sistemində arxiv işinin aparılması haqqında Təlimat”ın təsdiq edilməsi barədə_art_125_147|“Azərbaycan Respublikasının bank sistemində arxiv işinin aparılması haqqında Təlimat”ın təsdiq edilməsi barədə_art_86_104|“Azərbaycan Respublikasının bank sistemində arxiv işinin aparılması haqqında Təlimat”ın təsdiq edilməsi barədə_art_7_12,“Azərbaycan Respublikasının bank sistemində arxiv işinin aparılması haqqında Təlimat”ın təsdiq edilməsi barədə_art_85_103:0.032787|“Azərbaycan Respublikasının bank sistemində arxiv işinin aparılması haqqında Təlimat”ın təsdiq edilməsi barədə_art_8_13:0.032258|“Azərbaycan Respublikasının bank sistemində arxiv işinin aparılması haqqında Təlimat”ın təsdiq edilməsi barədə_art_1_5:0.029412|_Dövlət qeydiyyatına alınmışdır_art_15_26_part1:0.027619|“Azərbaycan Respublikasının bank sistemində arxiv işinin aparılması haqqında Təlimat”ın təsdiq edilməsi barədə_art_254_282_part1:0.026876|“Azərbaycan Respublikasının bank sistemində arxiv işinin aparılması haqqında Təlimat”ın təsdiq edilməsi barədə_art_88_106:0.015873|“Azərbaycan Respublikasının bank sistemində arxiv işinin aparılması haqqında Təlimat”ın təsdiq edilməsi barədə_art_94_112:0.015873|“Azərbaycan Respublikasının bank sistemində arxiv işinin aparılması haqqında Təlimat”ın təsdiq edilməsi barədə_art_125_147:0.015625|“Azərbaycan Respublikasının bank sistemində arxiv işinin aparılması haqqında Təlimat”ın təsdiq edilməsi barədə_art_86_104:0.015625|“Azərbaycan Respublikasının bank sistemində arxiv işinin aparılması haqqında Təlimat”ın təsdiq edilməsi barədə_art_7_12:0.015385,1|2|8|10|17||3|4||,1|2|8|15|12|3|||4|5
27,"""Ciddi hesabat blankları üzrə uçot kitabı""nın saxlanma müddəti nədir?",“Azərbaycan Respublikasının bank sistemində arxiv işinin aparılması haqqında Təlimat”ın təsdiq edilməsi barədə_art_87_105,“Azərbaycan Respublikasının bank sistemində arxiv işinin aparılması haqqında Təlimat”ın təsdiq edilməsi barədə_art_87_105|“Azərbaycan Respublikasının bank sistemində arxiv işinin aparılması haqqında Təlimat”ın təsdiq edilməsi barədə_art_8_13|“Azərbaycan Respublikasının bank sistemində arxiv işinin aparılması haqqında Təlimat”ın təsdiq edilməsi barədə_art_1_5|“Azərbaycan Respublikasının bank sistemində arxiv işinin aparılması haqqında Təlimat”ın təsdiq edilməsi barədə_art_150_172|“Azərbaycan Respublikasının bank sistemində arxiv işinin aparılması haqqında Təlimat”ın təsdiq edilməsi barədə_art_85_103|“Dövlət qeydiyyatına alınmışdır_art_12_17|“Azərbaycan Respublikasının bank sistemində arxiv işinin aparılması haqqında Təlimat”ın təsdiq edilməsi barədə_art_125_147|“Azərbaycan Respublikasının bank sistemində arxiv işinin aparılması haqqında Təlimat”ın təsdiq edilməsi barədə_art_5_10|5b725bb224d33e2085294c793_art_14_31|“Azərbaycan Respublikasının bank sistemində arxiv işinin aparılması haqqında Təlimat”ın təsdiq edilməsi barədə_art_94_112,“Azərbaycan Respublikasının bank sistemində arxiv işinin aparılması haqqında Təlimat”ın təsdiq edilməsi barədə_art_87_105:0.032787|“Azərbaycan Respublikasının bank sistemində arxiv işinin aparılması haqqında Təlimat”ın təsdiq edilməsi barədə_art_8_13:0.031281|“Azərbaycan Respublikasının bank sistemində arxiv işinin aparılması haqqında Təlimat”ın təsdiq edilməsi barədə_art_1_5:0.029418|“Azərbaycan Respublikasının bank sistemində arxiv işinin aparılması haqqında Təlimat”ın təsdiq edilməsi barədə_art_150_172:0.016129|“Azərbaycan Respublikasının bank sistemində arxiv işinin aparılması haqqında Təlimat”ın təsdiq edilməsi barədə_art_85_103:0.015873|“Dövlət qeydiyyatına alınmışdır_art_12_17:0.015873|“Azərbaycan Respublikasının bank sistemində arxiv işinin aparılması haqqında Təlimat”ın təsdiq edilməsi barədə_art_125_147:0.015625|“Azərbaycan Respublikasının bank sistemində arxiv işinin aparılması haqqında Təlimat”ın təsdiq edilməsi barədə_art_5_10:0.015625|5b725bb224d33e2085294c793_art_14_31:0.015385|“Azərbaycan Respublikasının bank sistemində arxiv işinin aparılması haqqında Təlimat”ın təsdiq edilməsi barədə_art_94_112:0.015385,1|6|7|2|3||4|||5,1|2|9|||3||4|5|
28,"""Digər memorandum hesablar üzrə uçot kitabı"" hansı qurumlarda hansı saxlanma statusuna malikdir?",“Azərbaycan Respublikasının bank sistemində arxiv işinin aparılması haqqında Təlimat”ın təsdiq edilməsi barədə_art_89_107,“Azərbaycan Respublikasının bank sistemində arxiv işinin aparılması haqqında Təlimat”ın təsdiq edilməsi barədə_art_89_107|_Dövlət qeydiyyatına alınmışdır_art_15_26_part1|“Azərbaycan Respublikasının bank sistemində arxiv işinin aparılması haqqında Təlimat”ın təsdiq edilməsi barədə_art_8_13|_Dövlət qeydiyyatına alınmışdır_art_15_26_part2|_Dövlət qeydiyyatına alınmışdır_art_5_7|_Dövlət qeydiyyatına alınmışdır_art_6_8|“Azərbaycan Respublikasının bank sistemində arxiv işinin aparılması haqqında Təlimat”ın təsdiq edilməsi barədə_art_85_103|“Azərbaycan Respublikasının bank sistemində arxiv işinin aparılması haqqında Təlimat”ın təsdiq edilməsi barədə_art_36_52|“QEYDƏ ALINMIŞDIR” “TƏSDİQ EDİRƏM”_art_4_5|_Dövlət qeydiyyatına alınmışdır_art_4_5_part1,“Azərbaycan Respublikasının bank sistemində arxiv işinin aparılması haqqında Təlimat”ın təsdiq edilməsi barədə_art_89_107:0.032522|_Dövlət qeydiyyatına alınmışdır_art_15_26_part1:0.030622|“Azərbaycan Respublikasının bank sistemində arxiv işinin aparılması haqqında Təlimat”ın təsdiq edilməsi barədə_art_8_13:0.030118|_Dövlət qeydiyyatına alınmışdır_art_15_26_part2:0.029958|_Dövlət qeydiyyatına alınmışdır_art_5_7:0.016393|_Dövlət qeydiyyatına alınmışdır_art_6_8:0.015873|“Azərbaycan Respublikasının bank sistemində arxiv işinin aparılması haqqında Təlimat”ın təsdiq edilməsi barədə_art_85_103:0.015625|“Azərbaycan Respublikasının bank sistemində arxiv işinin aparılması haqqında Təlimat”ın təsdiq edilməsi barədə_art_36_52:0.015385|“QEYDƏ ALINMIŞDIR” “TƏSDİQ EDİRƏM”_art_4_5:0.015385|_Dövlət qeydiyyatına alınmışdır_art_4_5_part1:0.015152,1|2|9|3|||4|5||,2|9|4|11|1|3|||5|6
29,"Təlimatın müvafiq bölməsində ""Qiymətlilərin inkassasiyası"" hansı bölmə/başlıq kimi qeyd olunub?",“Azərbaycan Respublikasının bank sistemində arxiv işinin aparılması haqqında Təlimat”ın təsdiq edilməsi barədə_art_2_114,“Azərbaycan Respublikası rezidentlərinin qeyri-rezidentlərlə maliyyə əməliyyatlarına və neytral əməliyyatlara dair hesabatın tərtibi və təqdim edilməsi haqqında Təlimat”ın təsdiq edilməsi barədə_art_2_6_part2|“Azərbaycan Respublikasının bank sistemində arxiv işinin aparılması haqqında Təlimat”ın təsdiq edilməsi barədə_art_2_114|4a6fbf3ba5bf66fda98b121c7_art_3_35_part6|511cdc58f232d5d9395551ae8_art_1_10|4a6fbf3ba5bf66fda98b121c7_art_3_35_part3|Azərbaycan Respublikasının Mərkəzi Bankı - Maliyyə institutlarında istehlakçıların şikayətlərinə baxılmasına dair Metodoloji Rəhbərlik_art_7_9|4a6fbf3ba5bf66fda98b121c7_art_13_27|4a6fbf3ba5bf66fda98b121c7_art_3_35_part18|4a6fbf3ba5bf66fda98b121c7_art_3_35_part7|“Azərbaycan Respublikası rezidentlərinin qeyri-rezidentlərlə maliyyə əməliyyatlarına və neytral əməliyyatlara dair hesabatın tərtibi və təqdim edilməsi haqqında Təlimat”ın təsdiq edilməsi barədə_art_2_6_part1,“Azərbaycan Respublikası rezidentlərinin qeyri-rezidentlərlə maliyyə əməliyyatlarına və neytral əməliyyatlara dair hesabatın tərtibi və təqdim edilməsi haqqında Təlimat”ın təsdiq edilməsi barədə_art_2_6_part2:0.016393|“Azərbaycan Respublikasının bank sistemində arxiv işinin aparılması haqqında Təlimat”ın təsdiq edilməsi barədə_art_2_114:0.016393|4a6fbf3ba5bf66fda98b121c7_art_3_35_part6:0.016129|511cdc58f232d5d9395551ae8_art_1_10:0.016129|4a6fbf3ba5bf66fda98b121c7_art_3_35_part3:0.015873|Azərbaycan Respublikasının Mərkəzi Bankı - Maliyyə institutlarında istehlakçıların şikayətlərinə baxılmasına dair Metodoloji Rəhbərlik_art_7_9:0.015873|4a6fbf3ba5bf66fda98b121c7_art_13_27:0.015625|4a6fbf3ba5bf66fda98b121c7_art_3_35_part18:0.015625|4a6fbf3ba5bf66fda98b121c7_art_3_35_part7:0.015385|“Azərbaycan Respublikası rezidentlərinin qeyri-rezidentlərlə maliyyə əməliyyatlarına və neytral əməliyyatlara dair hesabatın tərtibi və təqdim edilməsi haqqında Təlimat”ın təsdiq edilməsi barədə_art_2_6_part1:0.015385,|1|2||3|||4|5|,1|||2||3|4|||5
30,"""Qiymətlilərin inkassasiyası ilə bağlı yazışma""nın saxlanma müddəti neçə ildir?",“Azərbaycan Respublikasının bank sistemində arxiv işinin aparılması haqqında Təlimat”ın təsdiq edilməsi barədə_art_99_118,“Azərbaycan Respublikasının bank sistemində arxiv işinin aparılması haqqında Təlimat”ın təsdiq edilməsi barədə_art_99_118|“Azərbaycan Respublikasının bank sistemində arxiv işinin aparılması haqqında Təlimat”ın təsdiq edilməsi barədə_art_98_117|“Azərbaycan Respublikasının bank sistemində arxiv işinin aparılması haqqında Təlimat”ın təsdiq edilməsi barədə_art_8_13|“Azərbaycan Respublikasının bank sistemində arxiv işinin aparılması haqqında Təlimat”ın təsdiq edilməsi barədə_art_100_119|“Azərbaycan Respublikasının bank sistemində arxiv işinin aparılması haqqında Təlimat”ın təsdiq edilməsi barədə_art_5_10|“Azərbaycan Respublikasının bank sistemində arxiv işinin aparılması haqqında Təlimat”ın təsdiq edilməsi barədə_art_246_274|“Azərbaycan Respublikasının bank sistemində arxiv işinin aparılması haqqında Təlimat”ın təsdiq edilməsi barədə_art_7_12|“Azərbaycan Respublikasının bank sistemində arxiv işinin aparılması haqqında Təlimat”ın təsdiq edilməsi barədə_art_43_59|“Azərbaycan Respublikasının bank sistemində arxiv işinin aparılması haqqında Təlimat”ın təsdiq edilməsi barədə_art_82_100|“Azərbaycan Respublikasının bank sistemində arxiv işinin aparılması haqqında Təlimat”ın təsdiq edilməsi barədə_art_1_5,“Azərbaycan Respublikasının bank sistemində arxiv işinin aparılması haqqında Təlimat”ın təsdiq edilməsi barədə_art_99_118:0.032018|“Azərbaycan Respublikasının bank sistemində arxiv işinin aparılması haqqında Təlimat”ın təsdiq edilməsi barədə_art_98_117:0.030536|“Azərbaycan Respublikasının bank sistemində arxiv işinin aparılması haqqında Təlimat”ın təsdiq edilməsi barədə_art_8_13:0.016393|“Azərbaycan Respublikasının bank sistemində arxiv işinin aparılması haqqında Təlimat”ın təsdiq edilməsi barədə_art_100_119:0.016129|“Azərbaycan Respublikasının bank sistemində arxiv işinin aparılması haqqında Təlimat”ın təsdiq edilməsi barədə_art_5_10:0.016129|“Azərbaycan Respublikasının bank sistemində arxiv işinin aparılması haqqında Təlimat”ın təsdiq edilməsi barədə_art_246_274:0.015873|“Azərbaycan Respublikasının bank sistemində arxiv işinin aparılması haqqında Təlimat”ın təsdiq edilməsi barədə_art_7_12:0.015873|“Azərbaycan Respublikasının bank sistemində arxiv işinin aparılması haqqında Təlimat”ın təsdiq edilməsi barədə_art_43_59:0.015625|“Azərbaycan Respublikasının bank sistemində arxiv işinin aparılması haqqında Təlimat”ın təsdiq edilməsi barədə_art_82_100:0.015385|“Azərbaycan Respublikasının bank sistemində arxiv işinin aparılması haqqında Təlimat”ın təsdiq edilməsi barədə_art_1_5:0.015152,1|6||2||3||4|5|,4|5|1||2||3|||6
31,"Təlimatda saxlanma müddətləri cədvəlinin hansı bölməsi ""1. Beynəlxalq hesablaşmalar"" başlığı ilə başlayır?",“Azərbaycan Respublikasının bank sistemində arxiv işinin aparılması haqqında Təlimat”ın təsdiq edilməsi barədə_art_1_121,“Azərbaycan Respublikasının bank sistemində arxiv işinin aparılması haqqında Təlimat”ın təsdiq edilməsi barədə_art_8_13|“Azərbaycan Respublikasının bank sistemində arxiv işinin aparılması haqqında Təlimat”ın təsdiq edilməsi barədə_art_1_5|“Azərbaycan Respublikasının bank sistemində arxiv işinin aparılması haqqında Təlimat”ın təsdiq edilməsi barədə_art_1_121|“Azərbaycan Respublikasının bank sistemində arxiv işinin aparılması haqqında Təlimat”ın təsdiq edilməsi barədə_art_112_133|“Azərbaycan Respublikasının bank sistemində arxiv işinin aparılması haqqında Təlimat”ın təsdiq edilməsi barədə_art_5_10|511cdc58f232d5d9395551ae8_art_1_10|93968292987fc27975a90fcfd_art_4_66_part1|“Azərbaycan Respublikasının bank sistemində arxiv işinin aparılması haqqında Təlimat”ın təsdiq edilməsi barədə_art_254_282_part1|009aa733c2e8a69d2ccc41bf4_art_4_5|“Azərbaycan Respublikasının bank sistemində arxiv işinin aparılması haqqında Təlimat”ın təsdiq edilməsi barədə_art_115_137,“Azərbaycan Respublikasının bank sistemində arxiv işinin aparılması haqqında Təlimat”ın təsdiq edilməsi barədə_art_8_13:0.032266|“Azərbaycan Respublikasının bank sistemində arxiv işinin aparılması haqqında Təlimat”ın təsdiq edilməsi barədə_art_1_5:0.027912|“Azərbaycan Respublikasının bank sistemində arxiv işinin aparılması haqqında Təlimat”ın təsdiq edilməsi barədə_art_1_121:0.016393|“Azərbaycan Respublikasının bank sistemində arxiv işinin aparılması haqqında Təlimat”ın təsdiq edilməsi barədə_art_112_133:0.016129|“Azərbaycan Respublikasının bank sistemində arxiv işinin aparılması haqqında Təlimat”ın təsdiq edilməsi barədə_art_5_10:0.016129|511cdc58f232d5d9395551ae8_art_1_10:0.015873|93968292987fc27975a90fcfd_art_4_66_part1:0.015625|“Azərbaycan Respublikasının bank sistemində arxiv işinin aparılması haqqında Təlimat”ın təsdiq edilməsi barədə_art_254_282_part1:0.015625|009aa733c2e8a69d2ccc41bf4_art_4_5:0.015385|“Azərbaycan Respublikasının bank sistemində arxiv işinin aparılması haqqında Təlimat”ın təsdiq edilməsi barədə_art_115_137:0.015385,3|7|1|2|||4|||5,1|17|||2|3||4|5|
32,"""Sənədli akkreditiv, yol çekləri və digər ödəniş vasitələrinə dair sənədlər və yazışmalar""ın saxlanma müddəti neçə ildir?",“Azərbaycan Respublikasının bank sistemində arxiv işinin aparılması haqqında Təlimat”ın təsdiq edilməsi barədə_art_103_123,“Azərbaycan Respublikasının bank sistemində arxiv işinin aparılması haqqında Təlimat”ın təsdiq edilməsi barədə_art_103_123|“Azərbaycan Respublikasının bank sistemində arxiv işinin aparılması haqqında Təlimat”ın təsdiq edilməsi barədə_art_8_13|“Azərbaycan Respublikasının bank sistemində arxiv işinin aparılması haqqında Təlimat”ın təsdiq edilməsi barədə_art_7_12|“Azərbaycan Respublikasının bank sistemində arxiv işinin aparılması haqqında Təlimat”ın təsdiq edilməsi barədə_art_1_5|“Azərbaycan Respublikasının bank sistemində arxiv işinin aparılması haqqında Təlimat”ın təsdiq edilməsi barədə_art_5_10|Azərbaycan Respublikasının Mərkəzi Bankı - Azərbaycan Respublikasının bank sistemində ödəniş vasitələrinin maliyyə hesabatlarında uçotu Qaydaları_art_5_7|Cinayət yolu ilə əldə edilmiş əmlakın leqallaşdırılmasına və terrorçuluğun maliyyələşdirilməsinə qarşı mübarizə haqqında_art_6_13|Məcəllə_art_6_13|“Azərbaycan Respublikasının bank sistemində arxiv işinin aparılması haqqında Təlimat”ın təsdiq edilməsi barədə_art_72_90|“Azərbaycan Respublikasının bank sistemində arxiv işinin aparılması haqqında Təlimat”ın təsdiq edilməsi barədə_art_125_147,“Azərbaycan Respublikasının bank sistemində arxiv işinin aparılması haqqında Təlimat”ın təsdiq edilməsi barədə_art_103_123:0.032787|“Azərbaycan Respublikasının bank sistemində arxiv işinin aparılması haqqında Təlimat”ın təsdiq edilməsi barədə_art_8_13:0.029387|“Azərbaycan Respublikasının bank sistemində arxiv işinin aparılması haqqında Təlimat”ın təsdiq edilməsi barədə_art_7_12:0.028125|“Azərbaycan Respublikasının bank sistemində arxiv işinin aparılması haqqında Təlimat”ın təsdiq edilməsi barədə_art_1_5:0.028043|“Azərbaycan Respublikasının bank sistemində arxiv işinin aparılması haqqında Təlimat”ın təsdiq edilməsi barədə_art_5_10:0.027746|Azərbaycan Respublikasının Mərkəzi Bankı - Azərbaycan Respublikasının bank sistemində ödəniş vasitələrinin maliyyə hesabatlarında uçotu Qaydaları_art_5_7:0.016129|Cinayət yolu ilə əldə edilmiş əmlakın leqallaşdırılmasına və terrorçuluğun maliyyələşdirilməsinə qarşı mübarizə haqqında_art_6_13:0.016129|Məcəllə_art_6_13:0.015873|“Azərbaycan Respublikasının bank sistemində arxiv işinin aparılması haqqında Təlimat”ın təsdiq edilməsi barədə_art_72_90:0.015625|“Azərbaycan Respublikasının bank sistemində arxiv işinin aparılması haqqında Təlimat”ın təsdiq edilməsi barədə_art_125_147:0.015385,1|14|20|19|18||2|3|4|5,1|3|4|5|7|2||||
33,"Təlimatda saxlanma müddətləri cədvəlində ""2. Xarici valyuta əməliyyatları"" hansı bölmə kimi qeyd olunub?",“Azərbaycan Respublikasının bank sistemində arxiv işinin aparılması haqqında Təlimat”ın təsdiq edilməsi barədə_art_2_126,Azərbaycan Respublikası Prezidentinin Fərmanı_art_2_5_part1|“Azərbaycan Respublikası rezidentlərinin qeyri-rezidentlərlə maliyyə əməliyyatlarına və neytral əməliyyatlara dair hesabatın tərtibi və təqdim edilməsi haqqında Təlimat”ın təsdiq edilməsi barədə_art_2_6_part1|“Fiziki şəxslərin bank hesablarından Azərbaycan Respublikasından kənara köçürülən xarici valyuta haqqında statistik hesabatın tərtibi və təqdim edilməsinə dair Təlimat”ın təsdiq edilməsi barədə_art_2_5|Azərbaycan Respublikası Prezidentinin Fərmanı_art_2_5_part2|“Azərbaycan Respublikasının bank sistemində arxiv işinin aparılması haqqında Təlimat”ın təsdiq edilməsi barədə_art_2_126|“Azərbaycan Respublikasının bank sistemində arxiv işinin aparılması haqqında Təlimat”ın təsdiq edilməsi barədə_art_8_13|“Azərbaycan Respublikasının bank sistemində arxiv işinin aparılması haqqında Təlimat”ın təsdiq edilməsi barədə_art_106_127|“Azərbaycan Respublikasının bank sistemində arxiv işinin aparılması haqqında Təlimat”ın təsdiq edilməsi barədə_art_5_10|“Azərbaycan Respublikası rezidentlərinin qeyri-rezidentlərlə maliyyə əməliyyatlarına və neytral əməliyyatlara dair hesabatın tərtibi və təqdim edilməsi haqqında Təlimat”ın təsdiq edilməsi barədə_art_123_376_part2|1dfb892e-6204-4404-9166-c861f06996fa_art_5_9_part1,Azərbaycan Respublikası Prezidentinin Fərmanı_art_2_5_part1:0.029206|“Azərbaycan Respublikası rezidentlərinin qeyri-rezidentlərlə maliyyə əməliyyatlarına və neytral əməliyyatlara dair hesabatın tərtibi və təqdim edilməsi haqqında Təlimat”ın təsdiq edilməsi barədə_art_2_6_part1:0.027480|“Fiziki şəxslərin bank hesablarından Azərbaycan Respublikasından kənara köçürülən xarici valyuta haqqında statistik hesabatın tərtibi və təqdim edilməsinə dair Təlimat”ın təsdiq edilməsi barədə_art_2_5:0.027072|Azərbaycan Respublikası Prezidentinin Fərmanı_art_2_5_part2:0.025641|“Azərbaycan Respublikasının bank sistemində arxiv işinin aparılması haqqında Təlimat”ın təsdiq edilməsi barədə_art_2_126:0.016393|“Azərbaycan Respublikasının bank sistemində arxiv işinin aparılması haqqında Təlimat”ın təsdiq edilməsi barədə_art_8_13:0.016393|“Azərbaycan Respublikasının bank sistemində arxiv işinin aparılması haqqında Təlimat”ın təsdiq edilməsi barədə_art_106_127:0.016129|“Azərbaycan Respublikasının bank sistemində arxiv işinin aparılması haqqında Təlimat”ın təsdiq edilməsi barədə_art_5_10:0.016129|“Azərbaycan Respublikası rezidentlərinin qeyri-rezidentlərlə maliyyə əməliyyatlarına və neytral əməliyyatlara dair hesabatın tərtibi və təqdim edilməsi haqqında Təlimat”ın təsdiq edilməsi barədə_art_123_376_part2:0.015873|1dfb892e-6204-4404-9166-c861f06996fa_art_5_9_part1:0.015625,15|17|11|18|1||2||3|,3|9|17|18||1||2||4
34,"""Rezident və qeyri-rezidentlərin xarici valyuta hesabları üzrə aparılan əməliyyatları təsdiq edən sənədlər"" üçün saxlanma müddəti neçə ildir və hansı əlavə şərtlə hesablanır?",“Azərbaycan Respublikasının bank sistemində arxiv işinin aparılması haqqında Təlimat”ın təsdiq edilməsi barədə_art_107_128,“Azərbaycan Respublikasının bank sistemində arxiv işinin aparılması haqqında Təlimat”ın təsdiq edilməsi barədə_art_107_128|“Azərbaycan Respublikası rezidentlərinin qeyri-rezidentlərlə maliyyə əməliyyatlarına və neytral əməliyyatlara dair hesabatın tərtibi və təqdim edilməsi haqqında Təlimat”ın təsdiq edilməsi barədə_art_2_6_part1|“Fiziki şəxslərin bank hesablarından Azərbaycan Respublikasından kənara köçürülən xarici valyuta haqqında statistik hesabatın tərtibi və təqdim edilməsinə dair Təlimat”ın təsdiq edilməsi barədə_art_2_5|Bank Hesabları Qaydası_art_1_5|Cinayət yolu ilə əldə edilmiş əmlakın leqallaşdırılmasına və terrorçuluğun maliyyələşdirilməsinə qarşı mübarizə haqqında_art_6_13|Məcəllə_art_6_13|Valyuta tənzimi haqqında_art_2_92|“Azərbaycan Respublikasının bank sistemində arxiv işinin aparılması haqqında Təlimat”ın təsdiq edilməsi barədə_art_118_140|Bank Hesabları Qaydası_art_19_62|Valyuta tənzimi haqqında_art_16_101,“Azərbaycan Respublikasının bank sistemində arxiv işinin aparılması haqqında Təlimat”ın təsdiq edilməsi barədə_art_107_128:0.032787|“Azərbaycan Respublikası rezidentlərinin qeyri-rezidentlərlə maliyyə əməliyyatlarına və neytral əməliyyatlara dair hesabatın tərtibi və təqdim edilməsi haqqında Təlimat”ın təsdiq edilməsi barədə_art_2_6_part1:0.029643|“Fiziki şəxslərin bank hesablarından Azərbaycan Respublikasından kənara köçürülən xarici valyuta haqqında statistik hesabatın tərtibi və təqdim edilməsinə dair Təlimat”ın təsdiq edilməsi barədə_art_2_5:0.029514|Bank Hesabları Qaydası_art_1_5:0.027984|Cinayət yolu ilə əldə edilmiş əmlakın leqallaşdırılmasına və terrorçuluğun maliyyələşdirilməsinə qarşı mübarizə haqqında_art_6_13:0.016129|Məcəllə_art_6_13:0.015873|Valyuta tənzimi haqqında_art_2_92:0.015873|“Azərbaycan Respublikasının bank sistemində arxiv işinin aparılması haqqında Təlimat”ın təsdiq edilməsi barədə_art_118_140:0.015625|Bank Hesabları Qaydası_art_19_62:0.015385|Valyuta tənzimi haqqında_art_16_101:0.015385,1|14|12|13|2|3||4|5|,1|2|4|10|||3|||5
35,Hesabat-tədiyə balansının illik və rüblük hesabatları üçün saxlanma müddətləri nə qədərdir?,“Azərbaycan Respublikasının bank sistemində arxiv işinin aparılması haqqında Təlimat”ın təsdiq edilməsi barədə_art_109_130,“Azərbaycan Respublikasının bank sistemində arxiv işinin aparılması haqqında Təlimat”ın təsdiq edilməsi barədə_art_109_130|“Azərbaycan Respublikasının bank sistemində arxiv işinin aparılması haqqında Təlimat”ın təsdiq edilməsi barədə_art_8_13|“Azərbaycan Respublikasının bank sistemində arxiv işinin aparılması haqqında Təlimat”ın təsdiq edilməsi barədə_art_161_184|Banklar Haqqında Qanun_ch_V_art_45_66|590-IIQ-Banklar haqqında_ch_V_art_45_66|“Azərbaycan Respublikasının bank sistemində arxiv işinin aparılması haqqında Təlimat”ın təsdiq edilməsi barədə_art_5_10|Cinayət yolu ilə əldə edilmiş əmlakın leqallaşdırılmasına və terrorçuluğun maliyyələşdirilməsinə qarşı mübarizə haqqında_art_6_13|“Dövlət qeydiyyatına alınmışdır_art_18_23|Məcəllə_art_6_13|“Azərbaycan Respublikasının bank sistemində arxiv işinin aparılması haqqında Təlimat”ın təsdiq edilməsi barədə_art_218_245,“Azərbaycan Respublikasının bank sistemində arxiv işinin aparılması haqqında Təlimat”ın təsdiq edilməsi barədə_art_109_130:0.032787|“Azərbaycan Respublikasının bank sistemində arxiv işinin aparılması haqqında Təlimat”ın təsdiq edilməsi barədə_art_8_13:0.032002|“Azərbaycan Respublikasının bank sistemində arxiv işinin aparılması haqqında Təlimat”ın təsdiq edilməsi barədə_art_161_184:0.030018|Banklar Haqqında Qanun_ch_V_art_45_66:0.028439|590-IIQ-Banklar haqqında_ch_V_art_45_66:0.028405|“Azərbaycan Respublikasının bank sistemində arxiv işinin aparılması haqqında Təlimat”ın təsdiq edilməsi barədə_art_5_10:0.015873|Cinayət yolu ilə əldə edilmiş əmlakın leqallaşdırılmasına və terrorçuluğun maliyyələşdirilməsinə qarşı mübarizə haqqında_art_6_13:0.015625|“Dövlət qeydiyyatına alınmışdır_art_18_23:0.015625|Məcəllə_art_6_13:0.015385|“Azərbaycan Respublikasının bank sistemində arxiv işinin aparılması haqqında Təlimat”ın təsdiq edilməsi barədə_art_218_245:0.015385,1|3|2|7|8||4||5|,1|2|12|14|13|3||4||5
36,"""Xarici valyutalara sifarişlər""in saxlanma müddəti neçə ildir?",“Azərbaycan Respublikasının bank sistemində arxiv işinin aparılması haqqında Təlimat”ın təsdiq edilməsi barədə_art_111_132,“Azərbaycan Respublikasının bank sistemində arxiv işinin aparılması haqqında Təlimat”ın təsdiq edilməsi barədə_art_111_132|“Azərbaycan Respublikasının bank sistemində arxiv işinin aparılması haqqında Təlimat”ın təsdiq edilməsi barədə_art_8_13|“Azərbaycan Respublikasının bank sistemində arxiv işinin aparılması haqqında Təlimat”ın təsdiq edilməsi barədə_art_140_162|“Azərbaycan Respublikasının bank sistemində arxiv işinin aparılması haqqında Təlimat”ın təsdiq edilməsi barədə_art_5_10|“Azərbaycan Respublikasının bank sistemində arxiv işinin aparılması haqqında Təlimat”ın təsdiq edilməsi barədə_art_106_127|“Azərbaycan Respublikasının bank sistemində arxiv işinin aparılması haqqında Təlimat”ın təsdiq edilməsi barədə_art_7_12|d6a9834a-d9f7-49f3-abff-14cd901c615d_art_3_8_part2|“Azərbaycan Respublikasının bank sistemində arxiv işinin aparılması haqqında Təlimat”ın təsdiq edilməsi barədə_art_102_122|“Azərbaycan Respublikasının bank sistemində arxiv işinin aparılması haqqında Təlimat”ın təsdiq edilməsi barədə_art_1_5|Cinayət yolu ilə əldə edilmiş əmlakın leqallaşdırılmasına və terrorçuluğun maliyyələşdirilməsinə qarşı mübarizə haqqında_art_6_13,“Azərbaycan Respublikasının bank sistemində arxiv işinin aparılması haqqında Təlimat”ın təsdiq edilməsi barədə_art_111_132:0.032018|“Azərbaycan Respublikasının bank sistemində arxiv işinin aparılması haqqında Təlimat”ın təsdiq edilməsi barədə_art_8_13:0.016393|“Azərbaycan Respublikasının bank sistemində arxiv işinin aparılması haqqında Təlimat”ın təsdiq edilməsi barədə_art_140_162:0.016129|“Azərbaycan Respublikasının bank sistemində arxiv işinin aparılması haqqında Təlimat”ın təsdiq edilməsi barədə_art_5_10:0.016129|“Azərbaycan Respublikasının bank sistemində arxiv işinin aparılması haqqında Təlimat”ın təsdiq edilməsi barədə_art_106_127:0.015873|“Azərbaycan Respublikasının bank sistemində arxiv işinin aparılması haqqında Təlimat”ın təsdiq edilməsi barədə_art_7_12:0.015873|d6a9834a-d9f7-49f3-abff-14cd901c615d_art_3_8_part2:0.015625|“Azərbaycan Respublikasının bank sistemində arxiv işinin aparılması haqqında Təlimat”ın təsdiq edilməsi barədə_art_102_122:0.015385|“Azərbaycan Respublikasının bank sistemində arxiv işinin aparılması haqqında Təlimat”ın təsdiq edilməsi barədə_art_1_5:0.015385|Cinayət yolu ilə əldə edilmiş əmlakın leqallaşdırılmasına və terrorçuluğun maliyyələşdirilməsinə qarşı mübarizə haqqında_art_6_13:0.015152,1||2||3||4|5||6,4|1||2||3|||5|
37,"""Açılmış hesabların analitik uçotu üzrə qeydiyyatı kitabları"" hansı saxlanma statusuna malikdir?",“Azərbaycan Respublikasının bank sistemində arxiv işinin aparılması haqqında Təlimat”ın təsdiq edilməsi barədə_art_117_139,“Azərbaycan Respublikasının bank sistemində arxiv işinin aparılması haqqında Təlimat”ın təsdiq edilməsi barədə_art_117_139|_Dövlət qeydiyyatına alınmışdır_art_4_5_part1|“Azərbaycan Respublikasının bank sistemində arxiv işinin aparılması haqqında Təlimat”ın təsdiq edilməsi barədə_art_8_13|_Dövlət qeydiyyatına alınmışdır_art_2_3|_Dövlət qeydiyyatına alınmışdır_art_15_26_part1|“Azərbaycan Respublikasının bank sistemində arxiv işinin aparılması haqqında Təlimat”ın təsdiq edilməsi barədə_art_115_137|“Azərbaycan Respublikasının bank sistemində arxiv işinin aparılması haqqında Təlimat”ın təsdiq edilməsi barədə_art_85_103|_Dövlət qeydiyyatına alınmışdır_art_15_26_part2|“Azərbaycan Respublikasının bank sistemində arxiv işinin aparılması haqqında Təlimat”ın təsdiq edilməsi barədə_art_140_162|_Dövlət qeydiyyatına alınmışdır_art_8_10_part1,“Azərbaycan Respublikasının bank sistemində arxiv işinin aparılması haqqında Təlimat”ın təsdiq edilməsi barədə_art_117_139:0.032787|_Dövlət qeydiyyatına alınmışdır_art_4_5_part1:0.030769|“Azərbaycan Respublikasının bank sistemində arxiv işinin aparılması haqqında Təlimat”ın təsdiq edilməsi barədə_art_8_13:0.029412|_Dövlət qeydiyyatına alınmışdır_art_2_3:0.028860|_Dövlət qeydiyyatına alınmışdır_art_15_26_part1:0.016129|“Azərbaycan Respublikasının bank sistemində arxiv işinin aparılması haqqında Təlimat”ın təsdiq edilməsi barədə_art_115_137:0.016129|“Azərbaycan Respublikasının bank sistemində arxiv işinin aparılması haqqında Təlimat”ın təsdiq edilməsi barədə_art_85_103:0.015873|_Dövlət qeydiyyatına alınmışdır_art_15_26_part2:0.015625|“Azərbaycan Respublikasının bank sistemində arxiv işinin aparılması haqqında Təlimat”ın təsdiq edilməsi barədə_art_140_162:0.015625|_Dövlət qeydiyyatına alınmışdır_art_8_10_part1:0.015152,1|5|8|17|2||3|4||,1|5|8|3||2|||4|6
38,"Milli və xarici valyutada memorial və kassa sənədləri, habelə müştərilərin ödəniş sənədləri (ödəniş tapşırıqları, köçürmə ərizələri, svift bildirişləri və s.) neçə il saxlanmalıdır?",“Azərbaycan Respublikasının bank sistemində arxiv işinin aparılması haqqında Təlimat”ın təsdiq edilməsi barədə_art_118_140,“Azərbaycan Respublikasının bank sistemində arxiv işinin aparılması haqqında Təlimat”ın təsdiq edilməsi barədə_art_118_140|“Azərbaycan Respublikasının bank sistemində arxiv işinin aparılması haqqında Təlimat”ın təsdiq edilməsi barədə_art_125_147|_Dövlət qeydiyyatına alınmışdır_art_15_26_part1|_Dövlət qeydiyyatına alınmışdır_art_14_23_part1|Cinayət yolu ilə əldə edilmiş əmlakın leqallaşdırılmasına və terrorçuluğun maliyyələşdirilməsinə qarşı mübarizə haqqında_art_6_13|Məcəllə_art_6_13|“Azərbaycan Respublikasının bank sistemində arxiv işinin aparılması haqqında Təlimat”ın təsdiq edilməsi barədə_art_107_128|ad29955c-5a37-413c-937e-cd1e5988ae62_art_2_6|ad29955c-5a37-413c-937e-cd1e5988ae62_art_1_5|“Azərbaycan Respublikasının bank sistemində arxiv işinin aparılması haqqında Təlimat”ın təsdiq edilməsi barədə_art_115_137,“Azərbaycan Respublikasının bank sistemində arxiv işinin aparılması haqqında Təlimat”ın təsdiq edilməsi barədə_art_118_140:0.032787|“Azərbaycan Respublikasının bank sistemində arxiv işinin aparılması haqqında Təlimat”ın təsdiq edilməsi barədə_art_125_147:0.031010|_Dövlət qeydiyyatına alınmışdır_art_15_26_part1:0.030579|_Dövlət qeydiyyatına alınmışdır_art_14_23_part1:0.028950|Cinayət yolu ilə əldə edilmiş əmlakın leqallaşdırılmasına və terrorçuluğun maliyyələşdirilməsinə qarşı mübarizə haqqında_art_6_13:0.016129|Məcəllə_art_6_13:0.015873|“Azərbaycan Respublikasının bank sistemində arxiv işinin aparılması haqqında Təlimat”ın təsdiq edilməsi barədə_art_107_128:0.015625|ad29955c-5a37-413c-937e-cd1e5988ae62_art_2_6:0.015385|ad29955c-5a37-413c-937e-cd1e5988ae62_art_1_5:0.015152|“Azərbaycan Respublikasının bank sistemində arxiv işinin aparılması haqqında Təlimat”ın təsdiq edilməsi barədə_art_115_137:0.015152,1|5|8|18|2|3|4|||6,1|4|3|2||||5|6|
39,"""Müştərilərin hesabları üzrə bank çıxarışları""nın saxlanma müddəti neçə ildir?",“Azərbaycan Respublikasının bank sistemində arxiv işinin aparılması haqqında Təlimat”ın təsdiq edilməsi barədə_art_122_144,“Azərbaycan Respublikasının bank sistemində arxiv işinin aparılması haqqında Təlimat”ın təsdiq edilməsi barədə_art_122_144|“Azərbaycan Respublikasının bank sistemində arxiv işinin aparılması haqqında Təlimat”ın təsdiq edilməsi barədə_art_1_5|“Azərbaycan Respublikasının bank sistemində arxiv işinin aparılması haqqında Təlimat”ın təsdiq edilməsi barədə_art_8_13|“Azərbaycan Respublikasının bank sistemində arxiv işinin aparılması haqqında Təlimat”ın təsdiq edilməsi barədə_art_123_145|“Azərbaycan Respublikasının bank sistemində arxiv işinin aparılması haqqında Təlimat”ın təsdiq edilməsi barədə_art_5_10|“Azərbaycan Respublikasının bank sistemində arxiv işinin aparılması haqqında Təlimat”ın təsdiq edilməsi barədə_art_139_161|“Azərbaycan Respublikasının bank sistemində arxiv işinin aparılması haqqında Təlimat”ın təsdiq edilməsi barədə_art_116_138|“Azərbaycan Respublikasının bank sistemində arxiv işinin aparılması haqqında Təlimat”ın təsdiq edilməsi barədə_art_7_12|“Azərbaycan Respublikasının bank sistemində arxiv işinin aparılması haqqında Təlimat”ın təsdiq edilməsi barədə_art_121_143|“Azərbaycan Respublikasının bank sistemində arxiv işinin aparılması haqqında Təlimat”ın təsdiq edilməsi barədə_art_254_282_part1,“Azərbaycan Respublikasının bank sistemində arxiv işinin aparılması haqqında Təlimat”ın təsdiq edilməsi barədə_art_122_144:0.030679|“Azərbaycan Respublikasının bank sistemində arxiv işinin aparılması haqqında Təlimat”ın təsdiq edilməsi barədə_art_1_5:0.030366|“Azərbaycan Respublikasının bank sistemində arxiv işinin aparılması haqqında Təlimat”ın təsdiq edilməsi barədə_art_8_13:0.029380|“Azərbaycan Respublikasının bank sistemində arxiv işinin aparılması haqqında Təlimat”ın təsdiq edilməsi barədə_art_123_145:0.016129|“Azərbaycan Respublikasının bank sistemində arxiv işinin aparılması haqqında Təlimat”ın təsdiq edilməsi barədə_art_5_10:0.016129|“Azərbaycan Respublikasının bank sistemində arxiv işinin aparılması haqqında Təlimat”ın təsdiq edilməsi barədə_art_139_161:0.015873|“Azərbaycan Respublikasının bank sistemində arxiv işinin aparılması haqqında Təlimat”ın təsdiq edilməsi barədə_art_116_138:0.015625|“Azərbaycan Respublikasının bank sistemində arxiv işinin aparılması haqqında Təlimat”ın təsdiq edilməsi barədə_art_7_12:0.015625|“Azərbaycan Respublikasının bank sistemində arxiv işinin aparılması haqqında Təlimat”ın təsdiq edilməsi barədə_art_121_143:0.015385|“Azərbaycan Respublikasının bank sistemində arxiv işinin aparılması haqqında Təlimat”ın təsdiq edilməsi barədə_art_254_282_part1:0.015385,1|9|17|2||3|4||5|,10|3|1||2|||4||5
40,"""Banklar haqqında"" Azərbaycan Respublikası Qanununun tətbiq edilməsi barədə Fərman neçənci tarixdə, kim tərəfindən imzalanıb və nə vaxt qüvvəyə minir?",Banklar haqqında Azərbaycan Respublikası Qanununun tətbiq edilməsi barədə_art_4_5_part2,_Banklar haqqında_ Azərbaycan Respublikası Qanununun tətbiq edilməsi barədə_intro_1|_Banklar haqqında_ Azərbaycan Respublikası Qanununun tətbiq edilməsi barədə_art_4_5_part2|402 _Azərbaycan Respublikasının Milli Bankı haqqında_ Azərbaycan Respublikası Qanununun tətbiq edilməsi barədə_intro_1|_Banklar haqqında_ Azərbaycan Respublikası Qanununun tətbiq edilməsi barədə_art_1_2|590-IIQ-Banklar haqqında_ch_X_144_part1|Banklar Haqqında Qanun_ch_XI_art_94_138_part1|_Dövlət qeydiyyatına alınmışdır__art_3_4|AZƏRBAYCAN RESPUBLİKASININ QANUNU_ch_V_art_2_108_part1|_Dövlət qeydiyyatına alınmışdır_art_1_2|402 _Azərbaycan Respublikasının Milli Bankı haqqında_ Azərbaycan Respublikası Qanununun tətbiq edilməsi barədə_art_4_5_part1,_Banklar haqqında_ Azərbaycan Respublikası Qanununun tətbiq edilməsi barədə_intro_1:0.032787|_Banklar haqqında_ Azərbaycan Respublikası Qanununun tətbiq edilməsi barədə_art_4_5_part2:0.032002|402 _Azərbaycan Respublikasının Milli Bankı haqqında_ Azərbaycan Respublikası Qanununun tətbiq edilməsi barədə_intro_1:0.030769|_Banklar haqqında_ Azərbaycan Respublikası Qanununun tətbiq edilməsi barədə_art_1_2:0.016129|590-IIQ-Banklar haqqında_ch_X_144_part1:0.015873|Banklar Haqqında Qanun_ch_XI_art_94_138_part1:0.015625|_Dövlət qeydiyyatına alınmışdır__art_3_4:0.015625|AZƏRBAYCAN RESPUBLİKASININ QANUNU_ch_V_art_2_108_part1:0.015152|_Dövlət qeydiyyatına alınmışdır_art_1_2:0.015152|402 _Azərbaycan Respublikasının Milli Bankı haqqında_ Azərbaycan Respublikası Qanununun tətbiq edilməsi barədə_art_4_5_part1:0.014925,1|2|5||3|4||6||7,1|3|5|2|||4||6|
41,"""Banklar haqqında"" Qanunun 49.2-ci maddəsində nəzərdə tutulmuş sanksiyanın tətbiqinə dair materiallara baxılması qaydası kim tərəfindən və necə təsdiq edilir?",Banklar haqqında Azərbaycan Respublikası Qanununun tətbiq edilməsi barədə_art_4_5_part2,590-IIQ-Banklar haqqında_ch_VI_art_50_73|Banklar Haqqında Qanun_ch_VI_art_50_73|_Banklar haqqında_ Azərbaycan Respublikası Qanununun tətbiq edilməsi barədə_art_4_5_part2|_Banklar haqqında_ Azərbaycan Respublikası Qanununun tətbiq edilməsi barədə_art_4_5_part1|_Banklar haqqında_ Azərbaycan Respublikası Qanununun tətbiq edilməsi barədə_art_3_4|Banklar Haqqında Qanun_ch_VI_art_49_72|590-IIQ-Banklar haqqında_ch_VI_art_49_72|45937180-250a-4b4a-b8e5-153945adb06d_intro_1|_Banklar haqqında_ Azərbaycan Respublikası Qanununun tətbiq edilməsi barədə_art_1_2|590-IIQ-Banklar haqqında_ch_X_144_part1,590-IIQ-Banklar haqqında_ch_VI_art_50_73:0.032522|Banklar Haqqında Qanun_ch_VI_art_50_73:0.032522|_Banklar haqqında_ Azərbaycan Respublikası Qanununun tətbiq edilməsi barədə_art_4_5_part2:0.031010|_Banklar haqqında_ Azərbaycan Respublikası Qanununun tətbiq edilməsi barədə_art_4_5_part1:0.030366|_Banklar haqqında_ Azərbaycan Respublikası Qanununun tətbiq edilməsi barədə_art_3_4:0.028205|Banklar Haqqında Qanun_ch_VI_art_49_72:0.015873|590-IIQ-Banklar haqqında_ch_VI_art_49_72:0.015625|45937180-250a-4b4a-b8e5-153945adb06d_intro_1:0.015152|_Banklar haqqında_ Azərbaycan Respublikası Qanununun tətbiq edilməsi barədə_art_1_2:0.015152|590-IIQ-Banklar haqqında_ch_X_144_part1:0.014925,2|1|5|9|18|3|4|6||7,1|2|4|3|5||||6|
42,12 aprel 2017-ci il tarixli 1336 nömrəli Prezident Fərmanı ilə Fərmanın 3.1-ci bəndinə hansı dəyişikliklər edilib?,Banklar haqqında Azərbaycan Respublikası Qanununun tətbiq edilməsi barədə_art_4_5_part3,_Banklar haqqında_ Azərbaycan Respublikası Qanununun tətbiq edilməsi barədə_art_4_5_part3|_Banklar haqqında_ Azərbaycan Respublikası Qanununun tətbiq edilməsi barədə_art_4_5_part4|Nizamnamə kapitalında dövlətə məxsus səhmlər olan bankların və bank olmayan kredit təşkilatlarının idarə edilməsində dövlətin iştirakı qaydası haqqında_art_3_4|402 _Azərbaycan Respublikasının Milli Bankı haqqında_ Azərbaycan Respublikası Qanununun tətbiq edilməsi barədə_art_4_5_part1|_Banklar haqqında_ Azərbaycan Respublikası Qanununun tətbiq edilməsi barədə_art_4_5_part2|402 _Azərbaycan Respublikasının Milli Bankı haqqında_ Azərbaycan Respublikası Qanununun tətbiq edilməsi barədə_art_4_5_part2|Valyuta tənzimi haqqında_art_4_133_part1|933-IIIQ-Bank olmayan kredit təşkilatları haqqında_ch_VI_art_26_37_part8|802-IIQ-Azərbaycan Respublikasının Mərkəzi Bankı haqqında_ch_XII_art_66_90_part2|Bank Hesabları Qaydası_art_3_107_part2,_Banklar haqqında_ Azərbaycan Respublikası Qanununun tətbiq edilməsi barədə_art_4_5_part3:0.032266|_Banklar haqqında_ Azərbaycan Respublikası Qanununun tətbiq edilməsi barədə_art_4_5_part4:0.032266|Nizamnamə kapitalında dövlətə məxsus səhmlər olan bankların və bank olmayan kredit təşkilatlarının idarə edilməsində dövlətin iştirakı qaydası haqqında_art_3_4:0.031281|402 _Azərbaycan Respublikasının Milli Bankı haqqında_ Azərbaycan Respublikası Qanununun tətbiq edilməsi barədə_art_4_5_part1:0.030769|_Banklar haqqında_ Azərbaycan Respublikası Qanununun tətbiq edilməsi barədə_art_4_5_part2:0.029643|402 _Azərbaycan Respublikasının Milli Bankı haqqında_ Azərbaycan Respublikası Qanununun tətbiq edilməsi barədə_art_4_5_part2:0.015625|Valyuta tənzimi haqqında_art_4_133_part1:0.015625|933-IIIQ-Bank olmayan kredit təşkilatları haqqında_ch_VI_art_26_37_part8:0.015152|802-IIQ-Azərbaycan Respublikasının Mərkəzi Bankı haqqında_ch_XII_art_66_90_part2:0.014925|Bank Hesabları Qaydası_art_3_107_part2:0.014925,3|1|2|5|14|4||6||7,1|3|6|5|2||4||7|
43,Fərmanın 3.1-1-ci bəndinə hansı Fərmanlarla və hansı tarixlərdə əlavələr edilib?,Banklar haqqında Azərbaycan Respublikası Qanununun tətbiq edilməsi barədə_art_4_5_part3,_Banklar haqqında_ Azərbaycan Respublikası Qanununun tətbiq edilməsi barədə_art_4_5_part3|402 _Azərbaycan Respublikasının Milli Bankı haqqında_ Azərbaycan Respublikası Qanununun tətbiq edilməsi barədə_art_4_5_part2|Azərbaycan Respublikası Prezidentinin 1999-cu il 14 may tarixli 130 nömrəli Fərmanı ilə təsdiq edilmiş «Azərbaycan Respublikasının fəxri adları haqqında Əsasnamə»də dəyişikliklər edilməsi barədə_art_7_8|c8ef8b99-7b1c-442c-bf14-1f015ec0cc8e_art_4_5|Müştəri Uyğunluğu və Risk Qiymətləndirməsi Qaydaları_art_4_11|d6a9834a-d9f7-49f3-abff-14cd901c615d_art_6_12_part2|_Banklar haqqında_ Azərbaycan Respublikası Qanununun tətbiq edilməsi barədə_art_4_5_part4|«Dövlət qeydiyyatına alınmışdır»_art_6_6|Azərbaycan Respublikası Prezidentinin 1999-cu il 14 may tarixli 130 nömrəli Fərmanı ilə təsdiq edilmiş «Azərbaycan Respublikasının fəxri adları haqqında Əsasnamə»də dəyişikliklər edilməsi barədə_art_3_4|Bank Hesabları Qaydası_art_3_107_part3,_Banklar haqqında_ Azərbaycan Respublikası Qanununun tətbiq edilməsi barədə_art_4_5_part3:0.031054|402 _Azərbaycan Respublikasının Milli Bankı haqqında_ Azərbaycan Respublikası Qanununun tətbiq edilməsi barədə_art_4_5_part2:0.016393|Azərbaycan Respublikası Prezidentinin 1999-cu il 14 may tarixli 130 nömrəli Fərmanı ilə təsdiq edilmiş «Azərbaycan Respublikasının fəxri adları haqqında Əsasnamə»də dəyişikliklər edilməsi barədə_art_7_8:0.016393|c8ef8b99-7b1c-442c-bf14-1f015ec0cc8e_art_4_5:0.016129|Müştəri Uyğunluğu və Risk Qiymətləndirməsi Qaydaları_art_4_11:0.015873|d6a9834a-d9f7-49f3-abff-14cd901c615d_art_6_12_part2:0.015873|_Banklar haqqında_ Azərbaycan Respublikası Qanununun tətbiq edilməsi barədə_art_4_5_part4:0.015625|«Dövlət qeydiyyatına alınmışdır»_art_6_6:0.015625|Azərbaycan Respublikası Prezidentinin 1999-cu il 14 may tarixli 130 nömrəli Fərmanı ilə təsdiq edilmiş «Azərbaycan Respublikasının fəxri adları haqqında Əsasnamə»də dəyişikliklər edilməsi barədə_art_3_4:0.015385|Bank Hesabları Qaydası_art_3_107_part3:0.015385,2|1||||3|4|||5,7||1|2|3|||4|5|
44,Azərbaycan Respublikasının Mərkəzi Bankı haqqında Qanuna əsasən Mərkəzi Bankın müstəqilliyi nədən ibarətdir və hansı orqanlar onun fəaliyyətinə müdaxilə edə bilməz?,802-IIQ-Azərbaycan Respublikasının Mərkəzi Bankı haqqında_ch_I_art_6_8,802-IIQ-Azərbaycan Respublikasının Mərkəzi Bankı haqqında_ch_I_art_6_8|933-IIIQ-Bank olmayan kredit təşkilatları haqqında_ch_I_art_3_5|Banklar Haqqında Qanun_ch_I_art_2_6|096312ee-c41c-4c1f-9edd-baf5f3187758_art_8_26|590-IIQ-Banklar haqqında_ch_I_art_2_6|802-IIQ-Azərbaycan Respublikasının Mərkəzi Bankı haqqında_ch_IX_art_46_111|Valyuta tənzimi haqqında_art_6_27|802-IIQ-Azərbaycan Respublikasının Mərkəzi Bankı haqqında_intro_1|933-IIIQ-Bank olmayan kredit təşkilatları haqqında_ch_V_art_24_33|802-IIQ-Azərbaycan Respublikasının Mərkəzi Bankı haqqında_ch_I_art_2_4,802-IIQ-Azərbaycan Respublikasının Mərkəzi Bankı haqqında_ch_I_art_6_8:0.032787|933-IIIQ-Bank olmayan kredit təşkilatları haqqında_ch_I_art_3_5:0.016129|Banklar Haqqında Qanun_ch_I_art_2_6:0.016129|096312ee-c41c-4c1f-9edd-baf5f3187758_art_8_26:0.015873|590-IIQ-Banklar haqqında_ch_I_art_2_6:0.015873|802-IIQ-Azərbaycan Respublikasının Mərkəzi Bankı haqqında_ch_IX_art_46_111:0.015625|Valyuta tənzimi haqqında_art_6_27:0.015625|802-IIQ-Azərbaycan Respublikasının Mərkəzi Bankı haqqında_intro_1:0.015385|933-IIIQ-Bank olmayan kredit təşkilatları haqqında_ch_V_art_24_33:0.015385|802-IIQ-Azərbaycan Respublikasının Mərkəzi Bankı haqqında_ch_I_art_2_4:0.015152,1||2||3|4||5||6,1|2||3|||4||5|
45,"Mərkəzi Bank dövlətin öhdəlikləri üçün, dövlət isə Mərkəzi Bankın öhdəlikləri üçün cavabdehdirmi və bu qaydanın hansı istisnası var?",802-IIQ-Azərbaycan Respublikasının Mərkəzi Bankı haqqında_ch_I_art_6_8,802-IIQ-Azərbaycan Respublikasının Mərkəzi Bankı haqqında_ch_III_art_15_19|802-IIQ-Azərbaycan Respublikasının Mərkəzi Bankı haqqında_ch_I_art_6_8|802-IIQ-Azərbaycan Respublikasının Mərkəzi Bankı haqqında_ch_IX_art_46_111|Banklar Haqqında Qanun_ch_I_art_2_6|590-IIQ-Banklar haqqında_ch_I_art_2_6|802-IIQ-Azərbaycan Respublikasının Mərkəzi Bankı haqqında_ch_IX_art_46_58|802-IIQ-Azərbaycan Respublikasının Mərkəzi Bankı haqqında_ch_VII_art_42_52|Banklar Haqqında Qanun_ch_XI_art_92_136|802-IIQ-Azərbaycan Respublikasının Mərkəzi Bankı haqqında_ch_III_art_17_21|AZƏRBAYCAN RESPUBLİKASININ QANUNU_ch_I_art_5_20,802-IIQ-Azərbaycan Respublikasının Mərkəzi Bankı haqqında_ch_III_art_15_19:0.032787|802-IIQ-Azərbaycan Respublikasının Mərkəzi Bankı haqqında_ch_I_art_6_8:0.032002|802-IIQ-Azərbaycan Respublikasının Mərkəzi Bankı haqqında_ch_IX_art_46_111:0.031258|Banklar Haqqında Qanun_ch_I_art_2_6:0.031054|590-IIQ-Banklar haqqında_ch_I_art_2_6:0.030777|802-IIQ-Azərbaycan Respublikasının Mərkəzi Bankı haqqında_ch_IX_art_46_58:0.015625|802-IIQ-Azərbaycan Respublikasının Mərkəzi Bankı haqqında_ch_VII_art_42_52:0.015385|Banklar Haqqında Qanun_ch_XI_art_92_136:0.015152|802-IIQ-Azərbaycan Respublikasının Mərkəzi Bankı haqqında_ch_III_art_17_21:0.014925|AZƏRBAYCAN RESPUBLİKASININ QANUNU_ch_I_art_5_20:0.014706,1|3|5|2|4|||6|7|8,1|2|3|7|6|4|5|||
46,Mərkəzi Bank beynəlxalq əməkdaşlıq çərçivəsində hansı qurumlarla müqavilə və sazişlər bağlaya bilər?,802-IIQ-Azərbaycan Respublikasının Mərkəzi Bankı haqqında_ch_I_art_9_11,802-IIQ-Azərbaycan Respublikasının Mərkəzi Bankı haqqında_ch_I_art_9_11|802-IIQ-Azərbaycan Respublikasının Mərkəzi Bankı haqqında_ch_XII_art_51_108|802-IIQ-Azərbaycan Respublikasının Mərkəzi Bankı haqqında_ch_IX_art_51_117|802-IIQ-Azərbaycan Respublikasının Mərkəzi Bankı haqqında_ch_X_art_54_75|802-IIQ-Azərbaycan Respublikasının Mərkəzi Bankı haqqında_ch_IX_art_53_73|Banklar Haqqında Qanun_ch_I_art_5_9|590-IIQ-Banklar haqqında_ch_I_art_5_9|Banklar Haqqında Qanun_ch_IV_art_35_54|590-IIQ-Banklar haqqında_ch_IV_art_35_54|Dənizkənarı Bulvar İdarəsinin fəaliyyətinin təmin edilməsi haqqında_art_66_77,802-IIQ-Azərbaycan Respublikasının Mərkəzi Bankı haqqında_ch_I_art_9_11:0.032787|802-IIQ-Azərbaycan Respublikasının Mərkəzi Bankı haqqında_ch_XII_art_51_108:0.032002|802-IIQ-Azərbaycan Respublikasının Mərkəzi Bankı haqqında_ch_IX_art_51_117:0.031281|802-IIQ-Azərbaycan Respublikasının Mərkəzi Bankı haqqında_ch_X_art_54_75:0.030310|802-IIQ-Azərbaycan Respublikasının Mərkəzi Bankı haqqında_ch_IX_art_53_73:0.029911|Banklar Haqqında Qanun_ch_I_art_5_9:0.029710|590-IIQ-Banklar haqqında_ch_I_art_5_9:0.029031|Banklar Haqqında Qanun_ch_IV_art_35_54:0.028039|590-IIQ-Banklar haqqında_ch_IV_art_35_54:0.028006|Dənizkənarı Bulvar İdarəsinin fəaliyyətinin təmin edilməsi haqqında_art_66_77:0.015385,1|3|2|5|4|11|16|8|9|,1|2|6|7|10|4|3|15|14|5
47,Mərkəzi Bankın mənfəəti necə hesablanır və gəlirləri hansı mənbələr hesabına formalaşır?,802-IIQ-Azərbaycan Respublikasının Mərkəzi Bankı haqqında_ch_II_art_11_14,802-IIQ-Azərbaycan Respublikasının Mərkəzi Bankı haqqında_ch_II_art_11_14|802-IIQ-Azərbaycan Respublikasının Mərkəzi Bankı haqqında_ch_II_art_12_15|ba0d73daa9275fa1fe1e4694b_art_2_22_part1|58696c0de75462383dba38398_intro_1_part15|1db1173040cd0364af5d7f0d2_intro_1_part16|baab9bc790127f849f8ac1040_intro_1_part19|802-IIQ-Azərbaycan Respublikasının Mərkəzi Bankı haqqında_ch_II_art_13_16|98a6608d0eb4e83b612fde01f_art_4_13_part8|802-IIQ-Azərbaycan Respublikasının Mərkəzi Bankı haqqında_ch_II_art_10_13|Əmanətlərin sığortalanması haqqında_ch_II_art_11_15,802-IIQ-Azərbaycan Respublikasının Mərkəzi Bankı haqqında_ch_II_art_11_14:0.032787|802-IIQ-Azərbaycan Respublikasının Mərkəzi Bankı haqqında_ch_II_art_12_15:0.030415|ba0d73daa9275fa1fe1e4694b_art_2_22_part1:0.030366|58696c0de75462383dba38398_intro_1_part15:0.030118|1db1173040cd0364af5d7f0d2_intro_1_part16:0.030090|baab9bc790127f849f8ac1040_intro_1_part19:0.029631|802-IIQ-Azərbaycan Respublikasının Mərkəzi Bankı haqqında_ch_II_art_13_16:0.025321|98a6608d0eb4e83b612fde01f_art_4_13_part8:0.016129|802-IIQ-Azərbaycan Respublikasının Mərkəzi Bankı haqqında_ch_II_art_10_13:0.015873|Əmanətlərin sığortalanması haqqında_ch_II_art_11_15:0.015625,1|2|9|4|5|8|18||3|,1|10|3|9|8|7|20|2||4
48,"""Azərbaycan Respublikasının Mərkəzi Bankı haqqında"" Qanunun III fəsli hansı münasibətləri tənzimləyir?",802-IIQ-Azərbaycan Respublikasının Mərkəzi Bankı haqqında_ch_III_18,802-IIQ-Azərbaycan Respublikasının Mərkəzi Bankı haqqında_ch_III_18|802-IIQ-Azərbaycan Respublikasının Mərkəzi Bankı haqqında_ch_XII_art_59_82|802-IIQ-Azərbaycan Respublikasının Mərkəzi Bankı haqqında_ch_IX_art_46_111|_Dövlət qeydiyyatına alınmışdır__art_1_2|“Ödəmə qabiliyyətini itirmiş bankların rezolyusiyası və sağlamlaşdırma tədbirləri çərçivəsində qeyri-işlək (toksik) aktivlərin təqdim edilməsi Qaydası”nın təsdiq edilməsi haqqında_art_3_4|“QEYDƏ ALINMIŞDIR” “TƏSDİQ EDİRƏM”_art_1_2|AZƏRBAYCAN RESPUBLİKASININ QANUNU_ch_III_47|AZƏRBAYCAN RESPUBLİKASININ QANUNU_ch_V_art_2_112|Valyuta tənzimi haqqında_art_13_88_part2|AZƏRBAYCAN RESPUBLİKASININ QANUNU_ch_V_art_3_113,802-IIQ-Azərbaycan Respublikasının Mərkəzi Bankı haqqında_ch_III_18:0.032266|802-IIQ-Azərbaycan Respublikasının Mərkəzi Bankı haqqında_ch_XII_art_59_82:0.028850|802-IIQ-Azərbaycan Respublikasının Mərkəzi Bankı haqqında_ch_IX_art_46_111:0.027313|_Dövlət qeydiyyatına alınmışdır__art_1_2:0.016393|“Ödəmə qabiliyyətini itirmiş bankların rezolyusiyası və sağlamlaşdırma tədbirləri çərçivəsində qeyri-işlək (toksik) aktivlərin təqdim edilməsi Qaydası”nın təsdiq edilməsi haqqında_art_3_4:0.016129|“QEYDƏ ALINMIŞDIR” “TƏSDİQ EDİRƏM”_art_1_2:0.016129|AZƏRBAYCAN RESPUBLİKASININ QANUNU_ch_III_47:0.015873|AZƏRBAYCAN RESPUBLİKASININ QANUNU_ch_V_art_2_112:0.015625|Valyuta tənzimi haqqında_art_13_88_part2:0.015625|AZƏRBAYCAN RESPUBLİKASININ QANUNU_ch_V_art_3_113:0.015385,1|13|9||2||3|4||5,3|6|18|1||2|||4|
49,Kredit İttifaqının fəaliyyətinin əsas prinsipləri hansılardır?,AZƏRBAYCAN RESPUBLİKASININ QANUNU_ch_I_art_1_10,AZƏRBAYCAN RESPUBLİKASININ QANUNU_ch_I_art_1_10|AZƏRBAYCAN RESPUBLİKASININ QANUNU_ch_I_art_3_9|AZƏRBAYCAN RESPUBLİKASININ QANUNU_ch_II_art_1_31|AZƏRBAYCAN RESPUBLİKASININ QANUNU_ch_II_art_1_39|AZƏRBAYCAN RESPUBLİKASININ QANUNU_ch_III_art_3_51|AZƏRBAYCAN RESPUBLİKASININ QANUNU_ch_II_art_2_40|AZƏRBAYCAN RESPUBLİKASININ QANUNU_ch_III_art_13_54|AZƏRBAYCAN RESPUBLİKASININ QANUNU_ch_II_art_7_30|AZƏRBAYCAN RESPUBLİKASININ QANUNU_ch_III_art_14_59|AZƏRBAYCAN RESPUBLİKASININ QANUNU_ch_III_art_3_62,AZƏRBAYCAN RESPUBLİKASININ QANUNU_ch_I_art_1_10:0.032522|AZƏRBAYCAN RESPUBLİKASININ QANUNU_ch_I_art_3_9:0.032522|AZƏRBAYCAN RESPUBLİKASININ QANUNU_ch_II_art_1_31:0.031746|AZƏRBAYCAN RESPUBLİKASININ QANUNU_ch_II_art_1_39:0.030310|AZƏRBAYCAN RESPUBLİKASININ QANUNU_ch_III_art_3_51:0.029236|AZƏRBAYCAN RESPUBLİKASININ QANUNU_ch_II_art_2_40:0.028405|AZƏRBAYCAN RESPUBLİKASININ QANUNU_ch_III_art_13_54:0.026172|AZƏRBAYCAN RESPUBLİKASININ QANUNU_ch_II_art_7_30:0.026145|AZƏRBAYCAN RESPUBLİKASININ QANUNU_ch_III_art_14_59:0.025833|AZƏRBAYCAN RESPUBLİKASININ QANUNU_ch_III_art_3_62:0.015625,1|2|3|7|6|8|14|17|15|4,2|1|3|5|11|13|19|16|20|
50,Kredit ittifaqları Azərbaycan Respublikasının hansı sahədə nəzərdə tutulmuş vəzifələri həyata keçirirlər?,AZƏRBAYCAN RESPUBLİKASININ QANUNU_ch_I_art_2_14,AZƏRBAYCAN RESPUBLİKASININ QANUNU_ch_I_art_2_14|AZƏRBAYCAN RESPUBLİKASININ QANUNU_ch_I_art_2_8|AZƏRBAYCAN RESPUBLİKASININ QANUNU_ch_II_art_2_40|“Kredit ittifaqına bank əməliyyatının həyata keçirilməsi üçün lisenziya verilməsi Qaydası”nın təsdiq edilməsi haqqında_art_1_2|Banklar Haqqında Qanun_ch_I_art_2_6|AZƏRBAYCAN RESPUBLİKASININ QANUNU_ch_III_art_15_71|Banklar Haqqında Qanun_ch_I_art_3_7|AZƏRBAYCAN RESPUBLİKASININ QANUNU_intro_1|Auditor xidməti haqqında_art_13_14|590-IIQ-Banklar haqqında_ch_I_art_3_7,AZƏRBAYCAN RESPUBLİKASININ QANUNU_ch_I_art_2_14:0.032787|AZƏRBAYCAN RESPUBLİKASININ QANUNU_ch_I_art_2_8:0.030835|AZƏRBAYCAN RESPUBLİKASININ QANUNU_ch_II_art_2_40:0.029857|“Kredit ittifaqına bank əməliyyatının həyata keçirilməsi üçün lisenziya verilməsi Qaydası”nın təsdiq edilməsi haqqında_art_1_2:0.028718|Banklar Haqqında Qanun_ch_I_art_2_6:0.026172|AZƏRBAYCAN RESPUBLİKASININ QANUNU_ch_III_art_15_71:0.025978|Banklar Haqqında Qanun_ch_I_art_3_7:0.016129|AZƏRBAYCAN RESPUBLİKASININ QANUNU_intro_1:0.015873|Auditor xidməti haqqında_art_13_14:0.015873|590-IIQ-Banklar haqqında_ch_I_art_3_7:0.015625,1|2|8|15|14|18||3||,1|8|6|5|19|16|2||3|4
51,"""Əmanətlərin sığortalanması haqqında"" Qanunun II fəsli hansı mövzuya həsr olunub?",Əmanətlərin sığortalanması haqqında_ch_II_6,Əmanətlərin sığortalanması haqqında_ch_II_6|Əmanətlərin sığortalanması haqqında_intro_1|Əmanətlərin sığortalanması haqqında_ch_I_art_1_3|Əmanətlərin sığortalanması haqqında_ch_II_art_3_7|_Banklar haqqında_ Azərbaycan Respublikası Qanununun tətbiq edilməsi barədə_intro_1|Əmanətlərin sığortalanması haqqında_ch_I_art_2_4_part1|Dənizkənarı Bulvar İdarəsinin fəaliyyətinin təmin edilməsi haqqında_art_1_2_part4|590-IIQ-Banklar haqqında_ch_I_art_1_3_part3|_Dövlət qeydiyyatına alınmışdır__art_1_2|590-IIQ-Banklar haqqında_ch_X_art_2_148_part1,Əmanətlərin sığortalanması haqqında_ch_II_6:0.032787|Əmanətlərin sığortalanması haqqında_intro_1:0.030366|Əmanətlərin sığortalanması haqqında_ch_I_art_1_3:0.030310|Əmanətlərin sığortalanması haqqında_ch_II_art_3_7:0.029911|_Banklar haqqında_ Azərbaycan Respublikası Qanununun tətbiq edilməsi barədə_intro_1:0.016129|Əmanətlərin sığortalanması haqqında_ch_I_art_2_4_part1:0.016129|Dənizkənarı Bulvar İdarəsinin fəaliyyətinin təmin edilməsi haqqında_art_1_2_part4:0.015873|590-IIQ-Banklar haqqında_ch_I_art_1_3_part3:0.015625|_Dövlət qeydiyyatına alınmışdır__art_1_2:0.015385|590-IIQ-Banklar haqqında_ch_X_art_2_148_part1:0.015152,1|3|5|4||2||||6,1|9|7|10|2||3|4|5|
52,Əmanətlərin Sığortalanması Fondu sığorta hadisəsi baş verdikdə hansı funksiyanı yerinə yetirir?,Əmanətlərin sığortalanması haqqında_ch_II_art_4_8,Əmanətlərin sığortalanması haqqında_ch_II_art_3_7|Əmanətlərin sığortalanması haqqında_ch_II_art_4_8|Əmanətlərin sığortalanması haqqında_ch_I_art_2_4_part2|Əmanətlərin sığortalanması haqqında_ch_I_art_2_4_part1|Əmanətlərin sığortalanması haqqında_ch_II_art_22_26|Əmanətlərin sığortalanması haqqında_ch_II_art_21_25|Əmanətlərin sığortalanması haqqında_ch_I_art_1_3|Əmanətlərin sığortalanması haqqında_intro_1|Əmanətlərin sığortalanması haqqında_ch_II_6|Azərbaycan Respublikası Prezidentinin 1999-cu il 14 may tarixli 130 nömrəli Fərmanı ilə təsdiq edilmiş «Azərbaycan Respublikasının fəxri adları haqqında Əsasnamə»də dəyişikliklər edilməsi barədə_art_10_11,Əmanətlərin sığortalanması haqqında_ch_II_art_3_7:0.032522|Əmanətlərin sığortalanması haqqında_ch_II_art_4_8:0.032522|Əmanətlərin sığortalanması haqqında_ch_I_art_2_4_part2:0.031746|Əmanətlərin sığortalanması haqqında_ch_I_art_2_4_part1:0.030310|Əmanətlərin sığortalanması haqqında_ch_II_art_22_26:0.030303|Əmanətlərin sığortalanması haqqında_ch_II_art_21_25:0.030118|Əmanətlərin sığortalanması haqqında_ch_I_art_1_3:0.030090|Əmanətlərin sığortalanması haqqında_intro_1:0.028992|Əmanətlərin sığortalanması haqqında_ch_II_6:0.028958|Azərbaycan Respublikası Prezidentinin 1999-cu il 14 may tarixli 130 nömrəli Fərmanı ilə təsdiq edilmiş «Azərbaycan Respublikasının fəxri adları haqqında Əsasnamə»də dəyişikliklər edilməsi barədə_art_10_11:0.027783,1|2|3|7|6|4|5|8|15|11,2|1|3|5|6|9|8|10|4|13
53,Fond öhdəliklərini yerinə yetirmək üçün vəsaiti çatışmadıqda haradan borc vəsaiti cəlb edə bilər və kompensasiya ödədikdə həmin məbləği necə geri tələb edir?,Əmanətlərin sığortalanması haqqında_ch_II_art_4_8,Əmanətlərin sığortalanması haqqında_ch_III_art_28_33|Əmanətlərin sığortalanması haqqında_ch_II_art_21_25|Əmanətlərin sığortalanması haqqında_ch_II_art_4_8|Əmanətlərin sığortalanması haqqında_ch_III_art_27_32|Əmanətlərin sığortalanması haqqında_ch_II_art_14_18|Əmanətlərin sığortalanması haqqında_ch_II_art_22_26|Əmanətlərin sığortalanması haqqında_ch_II_art_17_21|Əmanətlərin sığortalanması haqqında_ch_II_art_8_12|Əmanətlərin sığortalanması haqqında_ch_III_art_26_31|Əmanətlərin sığortalanması haqqında_ch_III_art_25_30,Əmanətlərin sığortalanması haqqında_ch_III_art_28_33:0.031514|Əmanətlərin sığortalanması haqqında_ch_II_art_21_25:0.031258|Əmanətlərin sığortalanması haqqında_ch_II_art_4_8:0.030886|Əmanətlərin sığortalanması haqqında_ch_III_art_27_32:0.030415|Əmanətlərin sığortalanması haqqında_ch_II_art_14_18:0.030331|Əmanətlərin sığortalanması haqqında_ch_II_art_22_26:0.029631|Əmanətlərin sığortalanması haqqında_ch_II_art_17_21:0.016393|Əmanətlərin sığortalanması haqqında_ch_II_art_8_12:0.015873|Əmanətlərin sığortalanması haqqında_ch_III_art_26_31:0.015625|Əmanətlərin sığortalanması haqqında_ch_III_art_25_30:0.015152,2|5|9|10|8|7|1|3|4|,5|3|1|2|4|8||||6
54,Fondun Himayəçilik Şurası hansı halda Fondun uzunmüddətli borc qiymətli kağızlarının buraxılması haqqında qərar qəbul edir və bu səlahiyyəti icraçı direktora həvalə edə bilərmi?,Əmanətlərin sığortalanması haqqında_ch_II_art_8_12,Əmanətlərin sığortalanması haqqında_ch_II_art_8_12|Əmanətlərin sığortalanması haqqında_ch_II_art_10_14|Əmanətlərin sığortalanması haqqında_ch_II_art_7_11|Əmanətlərin sığortalanması haqqında_ch_II_art_6_10|Əmanətlərin sığortalanması haqqında_ch_II_art_20_24|Əmanətlərin sığortalanması haqqında_ch_II_art_5_9|Əmanətlərin sığortalanması haqqında_ch_II_art_17_21|Əmanətlərin sığortalanması haqqında_ch_II_art_9_13|Əmanətlərin sığortalanması haqqında_ch_II_art_21_25|Əmanətlərin sığortalanması haqqında_ch_II_art_13_17,Əmanətlərin sığortalanması haqqında_ch_II_art_8_12:0.032522|Əmanətlərin sığortalanması haqqında_ch_II_art_10_14:0.032266|Əmanətlərin sığortalanması haqqında_ch_II_art_7_11:0.031514|Əmanətlərin sığortalanması haqqında_ch_II_art_6_10:0.031258|Əmanətlərin sığortalanması haqqında_ch_II_art_20_24:0.030331|Əmanətlərin sığortalanması haqqında_ch_II_art_5_9:0.030118|Əmanətlərin sığortalanması haqqında_ch_II_art_17_21:0.029857|Əmanətlərin sığortalanması haqqında_ch_II_art_9_13:0.028624|Əmanətlərin sığortalanması haqqında_ch_II_art_21_25:0.026993|Əmanətlərin sığortalanması haqqında_ch_II_art_13_17:0.015152,2|1|5|3|8|4|6|7|9|,1|3|2|5|4|9|8|13|20|6
55,"Fondun icraçı direktoru necə təyin edilir, səlahiyyət müddəti neçə ildir və hansı tələblərə cavab verməlidir?",Əmanətlərin sığortalanması haqqında_ch_II_art_9_13,Əmanətlərin sığortalanması haqqında_ch_II_art_9_13|Əmanətlərin sığortalanması haqqında_ch_II_art_10_14|Əmanətlərin sığortalanması haqqında_ch_II_art_6_10|Əmanətlərin sığortalanması haqqında_ch_II_art_8_12|Əmanətlərin sığortalanması haqqında_ch_II_art_21_25|Banklarda korporativ idarəetmə Standartları_art_6_14_part2|Banklar Haqqında Qanun_ch_X_art_71_111_part1|Əmanətlərin sığortalanması haqqında_ch_II_art_5_9|Əmanətlərin sığortalanması haqqında_ch_II_art_7_11|402 _Azərbaycan Respublikasının Milli Bankı haqqında_ Azərbaycan Respublikası Qanununun tətbiq edilməsi barədə_art_2_3,Əmanətlərin sığortalanması haqqında_ch_II_art_9_13:0.032787|Əmanətlərin sığortalanması haqqında_ch_II_art_10_14:0.032002|Əmanətlərin sığortalanması haqqında_ch_II_art_6_10:0.031754|Əmanətlərin sığortalanması haqqında_ch_II_art_8_12:0.031498|Əmanətlərin sığortalanması haqqında_ch_II_art_21_25:0.029418|Banklarda korporativ idarəetmə Standartları_art_6_14_part2:0.027212|Banklar Haqqında Qanun_ch_X_art_71_111_part1:0.025658|Əmanətlərin sığortalanması haqqında_ch_II_art_5_9:0.015385|Əmanətlərin sığortalanması haqqında_ch_II_art_7_11:0.015385|402 _Azərbaycan Respublikasının Milli Bankı haqqında_ Azərbaycan Respublikası Qanununun tətbiq edilməsi barədə_art_2_3:0.015152,1|2|4|3|7|13|16|5||6,1|3|2|4|9|14|20||5|
56,Fondun sığorta ehtiyatları hansı mənbələr hesabına formalaşır?,Əmanətlərin sığortalanması haqqında_ch_II_art_11_15,Əmanətlərin sığortalanması haqqında_ch_II_art_11_15|Əmanətlərin sığortalanması haqqında_ch_II_art_3_7|Əmanətlərin sığortalanması haqqında_ch_II_art_16_20|Əmanətlərin sığortalanması haqqında_ch_II_art_4_8|Əmanətlərin sığortalanması haqqında_ch_II_art_21_25|Əmanətlərin sığortalanması haqqında_ch_II_art_18_22|Əmanətlərin sığortalanması haqqında_ch_II_art_22_26|Əmanətlərin sığortalanması haqqında_ch_II_art_8_12|Əmanətlərin sığortalanması haqqında_ch_II_art_13_17|AZƏRBAYCAN RESPUBLİKASININ QANUNU_ch_IV_art_2_89,Əmanətlərin sığortalanması haqqında_ch_II_art_11_15:0.032787|Əmanətlərin sığortalanması haqqında_ch_II_art_3_7:0.032258|Əmanətlərin sığortalanması haqqında_ch_II_art_16_20:0.031498|Əmanətlərin sığortalanması haqqında_ch_II_art_4_8:0.030310|Əmanətlərin sığortalanması haqqında_ch_II_art_21_25:0.030090|Əmanətlərin sığortalanması haqqında_ch_II_art_18_22:0.029572|Əmanətlərin sığortalanması haqqında_ch_II_art_22_26:0.027652|Əmanətlərin sığortalanması haqqında_ch_II_art_8_12:0.027444|Əmanətlərin sığortalanması haqqında_ch_II_art_13_17:0.015625|AZƏRBAYCAN RESPUBLİKASININ QANUNU_ch_IV_art_2_89:0.015152,1|2|4|5|8|3|20|16||6,1|2|3|7|5|13|6|10|4|
57,Sığorta haqlarını vaxtında ödəməyən iştirakçı banka tətbiq edilən dəbbə pulu necə hesablanır və 30 gün ərzində ödəniş edilmədikdə hansı tədbirlər görülür?,Əmanətlərin sığortalanması haqqında_ch_II_art_15_19,Əmanətlərin sığortalanması haqqında_ch_II_art_15_19|Azərbaycan Respublikası Prezidentinin 1999-cu il 14 may tarixli 130 nömrəli Fərmanı ilə təsdiq edilmiş «Azərbaycan Respublikasının fəxri adları haqqında Əsasnamə»də dəyişikliklər edilməsi barədə_art_3_4|İstehlakçıların hüquqlarının müdafiəsi haqqında_ch_II_art_5_35|Əmanətlərin sığortalanması haqqında_ch_I_art_2_4_part2|Əmanətlərin sığortalanması haqqında_ch_II_art_13_17|Əmanətlərin sığortalanması haqqında_ch_II_art_22_26|1dfb892e-6204-4404-9166-c861f06996fa_art_7_13_part3|Əmanətlərin sığortalanması haqqında_ch_II_art_21_25|Əmanətlərin sığortalanması haqqında_ch_II_art_4_8|İstehlak krediti müqaviləsi üzrə standart məlumatlandırma forması_art_3_4_part1,Əmanətlərin sığortalanması haqqında_ch_II_art_15_19:0.032787|Azərbaycan Respublikası Prezidentinin 1999-cu il 14 may tarixli 130 nömrəli Fərmanı ilə təsdiq edilmiş «Azərbaycan Respublikasının fəxri adları haqqında Əsasnamə»də dəyişikliklər edilməsi barədə_art_3_4:0.030536|İstehlakçıların hüquqlarının müdafiəsi haqqında_ch_II_art_5_35:0.030415|Əmanətlərin sığortalanması haqqında_ch_I_art_2_4_part2:0.029387|Əmanətlərin sığortalanması haqqında_ch_II_art_13_17:0.029324|Əmanətlərin sığortalanması haqqında_ch_II_art_22_26:0.028446|1dfb892e-6204-4404-9166-c861f06996fa_art_7_13_part3:0.028083|Əmanətlərin sığortalanması haqqında_ch_II_art_21_25:0.027885|Əmanətlərin sığortalanması haqqında_ch_II_art_4_8:0.016129|İstehlak krediti müqaviləsi üzrə standart məlumatlandırma forması_art_3_4_part1:0.015873,1|5|2|3|4|18|7|20||,1|6|10|14|13|4|16|5|2|3
58,Fond risklərin bölüşdürülməsi məqsədilə sərbəst pul vəsaitlərini hansı maliyyə alətlərində yerləşdirə bilər?,Əmanətlərin sığortalanması haqqında_ch_II_art_18_22,Əmanətlərin sığortalanması haqqında_ch_II_art_18_22|“Qiymətli kağızlar bazarında lisenziyalaşdırılan şəxslərin nizamnamə kapitalının minimum miqdarı və onun formalaşdırılması haqqında Qaydalar”ın təsdiq edilməsi barədə_art_3_4|dd1aa268-4de2-48ab-8953-c87d3f1c74e3_art_4_12|AZƏRBAYCAN RESPUBLİKASININ QANUNU_ch_I_art_1_4|a416bd5767831ef5222712ecd_art_4_19_part3|802-IIQ-Azərbaycan Respublikasının Mərkəzi Bankı haqqında_ch_II_art_12_15|Banklarda korporativ idarəetmə Standartları_art_1_42_part1|a416bd5767831ef5222712ecd_art_4_19_part4|baab9bc790127f849f8ac1040_art_3_29|baab9bc790127f849f8ac1040_intro_1_part26,Əmanətlərin sığortalanması haqqında_ch_II_art_18_22:0.032787|“Qiymətli kağızlar bazarında lisenziyalaşdırılan şəxslərin nizamnamə kapitalının minimum miqdarı və onun formalaşdırılması haqqında Qaydalar”ın təsdiq edilməsi barədə_art_3_4:0.030303|dd1aa268-4de2-48ab-8953-c87d3f1c74e3_art_4_12:0.028778|AZƏRBAYCAN RESPUBLİKASININ QANUNU_ch_I_art_1_4:0.016129|a416bd5767831ef5222712ecd_art_4_19_part3:0.016129|802-IIQ-Azərbaycan Respublikasının Mərkəzi Bankı haqqında_ch_II_art_12_15:0.015873|Banklarda korporativ idarəetmə Standartları_art_1_42_part1:0.015873|a416bd5767831ef5222712ecd_art_4_19_part4:0.015625|baab9bc790127f849f8ac1040_art_3_29:0.015625|baab9bc790127f849f8ac1040_intro_1_part26:0.015385,1|6|9||2||3|4||,1|6|10|2||3|||4|5
59,Fond öz funksiyalarını yerinə yetirərkən maliyyə bazarlarına nəzarət orqanına və Mərkəzi Banka hansı məlumatları təqdim edir?,Əmanətlərin sığortalanması haqqında_ch_II_art_21_25,Əmanətlərin sığortalanması haqqında_ch_II_art_21_25|Əmanətlərin sığortalanması haqqında_ch_II_art_22_26|Əmanətlərin sığortalanması haqqında_ch_II_art_3_7|Əmanətlərin sığortalanması haqqında_ch_II_art_4_8|Banklar Haqqında Qanun_ch_VII_art_52_76|590-IIQ-Banklar haqqında_ch_VII_art_52_76|802-IIQ-Azərbaycan Respublikasının Mərkəzi Bankı haqqında_ch_XII_art_63_86|802-IIQ-Azərbaycan Respublikasının Mərkəzi Bankı haqqında_ch_IX_art_48_60_part2|Banklar Haqqında Qanun_ch_III_art_22_35_part3|590-IIQ-Banklar haqqında_ch_III_art_22_35_part3,Əmanətlərin sığortalanması haqqında_ch_II_art_21_25:0.032787|Əmanətlərin sığortalanması haqqında_ch_II_art_22_26:0.032002|Əmanətlərin sığortalanması haqqında_ch_II_art_3_7:0.027151|Əmanətlərin sığortalanması haqqında_ch_II_art_4_8:0.016129|Banklar Haqqında Qanun_ch_VII_art_52_76:0.015873|590-IIQ-Banklar haqqında_ch_VII_art_52_76:0.015625|802-IIQ-Azərbaycan Respublikasının Mərkəzi Bankı haqqında_ch_XII_art_63_86:0.015625|802-IIQ-Azərbaycan Respublikasının Mərkəzi Bankı haqqında_ch_IX_art_48_60_part2:0.015385|Banklar Haqqında Qanun_ch_III_art_22_35_part3:0.015385|590-IIQ-Banklar haqqında_ch_III_art_22_35_part3:0.015152,1|3|19|2|||4|5||,1|2|9||3|4|||5|6
60,Mərkəzi Bank banklarla bağlı hansı qərarlar qəbul edildikdə bu barədə Fonda növbəti iş günündən gec olmayaraq məlumat göndərməlidir?,Əmanətlərin sığortalanması haqqında_ch_II_art_21_25,Əmanətlərin sığortalanması haqqında_ch_IV_art_30_36|Əmanətlərin sığortalanması haqqında_ch_II_art_17_21|Əmanətlərin sığortalanması haqqında_ch_II_art_21_25|_Banklar haqqında_ Azərbaycan Respublikası Qanununun tətbiq edilməsi barədə_art_4_5_part2|Əmanətlərin sığortalanması haqqında_ch_II_art_22_26|_Banklar haqqında_ Azərbaycan Respublikası Qanununun tətbiq edilməsi barədə_art_4_5_part1|d6a9834a-d9f7-49f3-abff-14cd901c615d_art_5_11|Banklarda korporativ idarəetmə Standartları_art_18_31_part4|Banklarda əməliyyat risklərinin idarə edilməsi Qaydası_art_5_11|Azərbaycan Respublikası Prezidentinin Fərmanı_art_4_8_part2,Əmanətlərin sığortalanması haqqında_ch_IV_art_30_36:0.032258|Əmanətlərin sığortalanması haqqında_ch_II_art_17_21:0.031545|Əmanətlərin sığortalanması haqqında_ch_II_art_21_25:0.031025|_Banklar haqqında_ Azərbaycan Respublikası Qanununun tətbiq edilməsi barədə_art_4_5_part2:0.016393|Əmanətlərin sığortalanması haqqında_ch_II_art_22_26:0.015873|_Banklar haqqında_ Azərbaycan Respublikası Qanununun tətbiq edilməsi barədə_art_4_5_part1:0.015625|d6a9834a-d9f7-49f3-abff-14cd901c615d_art_5_11:0.015625|Banklarda korporativ idarəetmə Standartları_art_18_31_part4:0.015385|Banklarda əməliyyat risklərinin idarə edilməsi Qaydası_art_5_11:0.015385|Azərbaycan Respublikası Prezidentinin Fərmanı_art_4_8_part2:0.014925,2|6|3|1||4||5||,2|1|6||3||4||5|7
61,Mərkəzi Bank iştirakçı bankın Fond qarşısında öhdəliklərini yerinə yetirmədiyini aşkar etdikdə hansı tədbirləri görür və pozuntular aradan qaldırılmazsa hansı sanksiyalar tətbiq edilir?,Əmanətlərin sığortalanması haqqında_ch_II_art_21_25,Əmanətlərin sığortalanması haqqında_ch_II_art_21_25|Banklar Haqqında Qanun_ch_VI_art_49_72|590-IIQ-Banklar haqqında_ch_VI_art_49_72|Dənizkənarı Bulvar İdarəsinin fəaliyyətinin təmin edilməsi haqqında_art_63_74|590-IIQ-Banklar haqqında_ch_VI_art_47_70|Banklar Haqqında Qanun_ch_VI_art_47_70|Əmanətlərin sığortalanması haqqında_ch_II_art_14_18|_Banklar haqqında_ Azərbaycan Respublikası Qanununun tətbiq edilməsi barədə_art_4_5_part2|Əmanətlərin sığortalanması haqqında_ch_I_art_2_4_part2|_Dövlət qeydiyyatına alınmışdır__art_14_16,Əmanətlərin sığortalanması haqqında_ch_II_art_21_25:0.032787|Banklar Haqqında Qanun_ch_VI_art_49_72:0.029911|590-IIQ-Banklar haqqında_ch_VI_art_49_72:0.029469|Dənizkənarı Bulvar İdarəsinin fəaliyyətinin təmin edilməsi haqqında_art_63_74:0.028787|590-IIQ-Banklar haqqında_ch_VI_art_47_70:0.027397|Banklar Haqqında Qanun_ch_VI_art_47_70:0.026709|Əmanətlərin sığortalanması haqqında_ch_II_art_14_18:0.016129|_Banklar haqqında_ Azərbaycan Respublikası Qanununun tətbiq edilməsi barədə_art_4_5_part2:0.015873|Əmanətlərin sığortalanması haqqında_ch_I_art_2_4_part2:0.015873|_Dövlət qeydiyyatına alınmışdır__art_14_16:0.015625,1|4|5|2|13|18||3||,1|10|11|19|13|12|2||3|4
62,Bankın çevrilmə formasında yenidən təşkilinə qabaqcadan razılıq alınması üçün müraciətə hansı sənədlər əlavə edilməlidir?,“Bankların yenidən təşkili haqqında Qaydalar”ın təsdiq edilməsi barədə_art_6_10,“Bankların yenidən təşkili haqqında Qaydalar”ın təsdiq edilməsi barədə_art_6_10|“Bankların yenidən təşkili haqqında Qaydalar”ın təsdiq edilməsi barədə_art_5_9|“Bankların yenidən təşkili haqqında Qaydalar”ın təsdiq edilməsi barədə_art_3_7|“Bankların yenidən təşkili haqqında Qaydalar”ın təsdiq edilməsi barədə_art_4_8|590-IIQ-Banklar haqqında_ch_III_art_29_46|Banklar Haqqında Qanun_ch_III_art_29_46|“Bankların yenidən təşkili haqqında Qaydalar”ın təsdiq edilməsi barədə_art_1_5|“Bankların yenidən təşkili haqqında Qaydalar”ın təsdiq edilməsi barədə_art_1_2|“Bankların yenidən təşkili haqqında Qaydalar”ın təsdiq edilməsi barədə_art_2_6|Azərbaycan Respublikasının Mərkəzi Bankı - Bankların əsas vəsaitlərlə (əmlakla) apardıqları əməliyyatların tənzimlənməsi Qaydaları_art_6_7,“Bankların yenidən təşkili haqqında Qaydalar”ın təsdiq edilməsi barədə_art_6_10:0.032787|“Bankların yenidən təşkili haqqında Qaydalar”ın təsdiq edilməsi barədə_art_5_9:0.032002|“Bankların yenidən təşkili haqqında Qaydalar”ın təsdiq edilməsi barədə_art_3_7:0.031754|“Bankların yenidən təşkili haqqında Qaydalar”ın təsdiq edilməsi barədə_art_4_8:0.030798|590-IIQ-Banklar haqqında_ch_III_art_29_46:0.030777|Banklar Haqqında Qanun_ch_III_art_29_46:0.030310|“Bankların yenidən təşkili haqqında Qaydalar”ın təsdiq edilməsi barədə_art_1_5:0.027364|“Bankların yenidən təşkili haqqında Qaydalar”ın təsdiq edilməsi barədə_art_1_2:0.015385|“Bankların yenidən təşkili haqqında Qaydalar”ın təsdiq edilməsi barədə_art_2_6:0.015152|Azərbaycan Respublikasının Mərkəzi Bankı - Bankların əsas vəsaitlərlə (əmlakla) apardıqları əməliyyatların tənzimlənməsi Qaydaları_art_6_7:0.014706,1|2|4|3|6|7|8|5||,1|3|2|7|4|5|19||6|8
63,BOKT-yə çevrilən bank əmanətçilər qarşısında olan öhdəliklərinin icrasına dair hesabatı hansı müddət ərzində və kimlər tərəfindən imzalanmış şəkildə Palataya təqdim etməlidir?,“Bankların yenidən təşkili haqqında Qaydalar”ın təsdiq edilməsi barədə_art_6_10,“Bankların yenidən təşkili haqqında Qaydalar”ın təsdiq edilməsi barədə_art_6_10|933-IIIQ-Bank olmayan kredit təşkilatları haqqında_ch_V_art_24_33|590-IIQ-Banklar haqqında_ch_VIII_art_57_96_part1|Banklar Haqqında Qanun_ch_VIII_art_57_91_part1|“Bankların yenidən təşkili haqqında Qaydalar”ın təsdiq edilməsi barədə_art_3_7|d6a9834a-d9f7-49f3-abff-14cd901c615d_art_6_12_part1|Banklarda əməliyyat risklərinin idarə edilməsi Qaydası_art_6_12_part1|590-IIQ-Banklar haqqında_ch_VIII_art_57_96_part2|933-IIIQ-Bank olmayan kredit təşkilatları haqqında_ch_III_art_14_21|933-IIIQ-Bank olmayan kredit təşkilatları haqqında_ch_VI_art_22_48_part1,“Bankların yenidən təşkili haqqında Qaydalar”ın təsdiq edilməsi barədə_art_6_10:0.032787|933-IIIQ-Bank olmayan kredit təşkilatları haqqında_ch_V_art_24_33:0.030835|590-IIQ-Banklar haqqında_ch_VIII_art_57_96_part1:0.029572|Banklar Haqqında Qanun_ch_VIII_art_57_91_part1:0.028783|“Bankların yenidən təşkili haqqında Qaydalar”ın təsdiq edilməsi barədə_art_3_7:0.016129|d6a9834a-d9f7-49f3-abff-14cd901c615d_art_6_12_part1:0.015873|Banklarda əməliyyat risklərinin idarə edilməsi Qaydası_art_6_12_part1:0.015625|590-IIQ-Banklar haqqında_ch_VIII_art_57_96_part2:0.015385|933-IIIQ-Bank olmayan kredit təşkilatları haqqında_ch_III_art_14_21:0.015385|933-IIIQ-Bank olmayan kredit təşkilatları haqqında_ch_VI_art_22_48_part1:0.015152,1|2|13|16||3|4||5|6,1|8|3|4|2|||5||
64,Palata hansı hallarda bankın yenidən təşkilinə qabaqcadan verdiyi razılığı ləğv edir?,“Bankların yenidən təşkili haqqında Qaydalar”ın təsdiq edilməsi barədə_art_6_10,“Bankların yenidən təşkili haqqında Qaydalar”ın təsdiq edilməsi barədə_art_3_7|590-IIQ-Banklar haqqında_ch_III_art_29_46|“Kredit ittifaqına bank əməliyyatının həyata keçirilməsi üçün lisenziya verilməsi Qaydası”nın təsdiq edilməsi haqqında_art_4_6|Banklar Haqqında Qanun_ch_III_art_29_46|“Bankların yenidən təşkili haqqında Qaydalar”ın təsdiq edilməsi barədə_art_4_8|“Bankların yenidən təşkili haqqında Qaydalar”ın təsdiq edilməsi barədə_art_6_10|“Bankların yenidən təşkili haqqında Qaydalar”ın təsdiq edilməsi barədə_art_5_9|590-IIQ-Banklar haqqında_ch_VIII_art_57_99|Banklar Haqqında Qanun_ch_VIII_art_57_94|590-IIQ-Banklar haqqında_ch_III_art_22_35_part3,“Bankların yenidən təşkili haqqında Qaydalar”ın təsdiq edilməsi barədə_art_3_7:0.032787|590-IIQ-Banklar haqqında_ch_III_art_29_46:0.031754|“Kredit ittifaqına bank əməliyyatının həyata keçirilməsi üçün lisenziya verilməsi Qaydası”nın təsdiq edilməsi haqqında_art_4_6:0.031281|Banklar Haqqında Qanun_ch_III_art_29_46:0.031258|“Bankların yenidən təşkili haqqında Qaydalar”ın təsdiq edilməsi barədə_art_4_8:0.030777|“Bankların yenidən təşkili haqqında Qaydalar”ın təsdiq edilməsi barədə_art_6_10:0.028718|“Bankların yenidən təşkili haqqında Qaydalar”ın təsdiq edilməsi barədə_art_5_9:0.028624|590-IIQ-Banklar haqqında_ch_VIII_art_57_99:0.027973|Banklar Haqqında Qanun_ch_VIII_art_57_94:0.027588|590-IIQ-Banklar haqqında_ch_III_art_22_35_part3:0.027584,1|4|2|5|6|15|7|12|13|19,1|2|6|3|4|5|13|11|12|7
65,"""Bankların yenidən təşkili haqqında Qaydalar""a görə ""birləşmə"" və ""qoşulma"" anlayışları bir-birindən nə ilə fərqlənir?",“Bankların yenidən təşkili haqqında Qaydalar”ın təsdiq edilməsi barədə_art_2_6,“Bankların yenidən təşkili haqqında Qaydalar”ın təsdiq edilməsi barədə_art_2_6|590-IIQ-Banklar haqqında_ch_III_art_29_46|“Bankların yenidən təşkili haqqında Qaydalar”ın təsdiq edilməsi barədə_art_1_5|Banklar Haqqında Qanun_ch_III_art_29_46|“Bankların yenidən təşkili haqqında Qaydalar”ın təsdiq edilməsi barədə_art_5_9|“Bankların yenidən təşkili haqqında Qaydalar”ın təsdiq edilməsi barədə_art_3_7|“Bankların yenidən təşkili haqqında Qaydalar”ın təsdiq edilməsi barədə_art_1_2|“Bankların yenidən təşkili haqqında Qaydalar”ın təsdiq edilməsi barədə_art_6_10|AZƏRBAYCAN RESPUBLİKASININ QANUNU_ch_III_art_3_51|_Dövlət qeydiyyatına alınmışdır_art_3_4,“Bankların yenidən təşkili haqqında Qaydalar”ın təsdiq edilməsi barədə_art_2_6:0.032787|590-IIQ-Banklar haqqında_ch_III_art_29_46:0.031250|“Bankların yenidən təşkili haqqında Qaydalar”ın təsdiq edilməsi barədə_art_1_5:0.031054|Banklar Haqqında Qanun_ch_III_art_29_46:0.030769|“Bankların yenidən təşkili haqqında Qaydalar”ın təsdiq edilməsi barədə_art_5_9:0.030579|“Bankların yenidən təşkili haqqında Qaydalar”ın təsdiq edilməsi barədə_art_3_7:0.029437|“Bankların yenidən təşkili haqqında Qaydalar”ın təsdiq edilməsi barədə_art_1_2:0.027972|“Bankların yenidən təşkili haqqında Qaydalar”ın təsdiq edilməsi barədə_art_6_10:0.027651|AZƏRBAYCAN RESPUBLİKASININ QANUNU_ch_III_art_3_51:0.016129|_Dövlət qeydiyyatına alınmışdır_art_3_4:0.015873,1|4|2|5|3|6|18|9||,1|4|7|5|8|10|6|16|2|3
66,"""Bankların yenidən təşkili haqqında Qaydalar""ın təsdiq edilməsi barədə Qərarın Hüquqi Aktların Dövlət Reyestrinə daxil edilməsi üçün Ədliyyə Nazirliyinə təqdim edilməsi hansı şöbəyə və neçə gün müddətində tapşırılıb?",“Bankların yenidən təşkili haqqında Qaydalar”ın təsdiq edilməsi barədə_art_2_3,“İnvestisiya qiymətli kağızlarının qiymətinin sabitləşdirilməsi haqqında Qaydalar”ın təsdiq edilməsi barədə_art_2_3|“Qiymətli kağızlar bazarında lisenziyalaşdırılan şəxslərin kənar auditorlarına dair tələblər haqqında Qaydalar”ın təsdiq edilməsi barədə_art_2_3|“İpoteka örtüyünün reyestrinin aparılması və sərəncamçı tərəfindən ipoteka örtüyünün yoxlanılmasının nəticələri barədə hesabata dair tələblər haqqında Qaydalar”ın təsdiq edilməsi barədə_art_2_3|“Qiymətli kağızlar bazarında sui-istifadələrin qarşısının alınması haqqında Qaydalar”ın təsdiq edilməsi barədə_art_2_3|“İnvestisiya şirkətinin davamlı kapital tələbləri haqqında Qaydalar”ın təsdiq edilməsi barədə_art_2_3|“Bankların yenidən təşkili haqqında Qaydalar”ın təsdiq edilməsi barədə_art_2_3|“Kredit ittifaqlarının prudensial tənzimlənməsi Qaydaları”nın təsdiq edilməsi haqqında_art_2_3|“Azərbaycan Respublikası rezidentlərinin qeyri-rezidentlərlə maliyyə əməliyyatlarına və neytral əməliyyatlara dair hesabatın tərtibi və təqdim edilməsi haqqında Təlimat”ın təsdiq edilməsi barədə_art_3_4|beaf2f3b-d7c9-4377-8d69-d29758699119_art_2_3|“Fiziki şəxslərin bank hesablarından Azərbaycan Respublikasından kənara köçürülən xarici valyuta haqqında statistik hesabatın tərtibi və təqdim edilməsinə dair Təlimat”ın təsdiq edilməsi barədə_art_2_3,“İnvestisiya qiymətli kağızlarının qiymətinin sabitləşdirilməsi haqqında Qaydalar”ın təsdiq edilməsi barədə_art_2_3:0.031025|“Qiymətli kağızlar bazarında lisenziyalaşdırılan şəxslərin kənar auditorlarına dair tələblər haqqında Qaydalar”ın təsdiq edilməsi barədə_art_2_3:0.030886|“İpoteka örtüyünün reyestrinin aparılması və sərəncamçı tərəfindən ipoteka örtüyünün yoxlanılmasının nəticələri barədə hesabata dair tələblər haqqında Qaydalar”ın təsdiq edilməsi barədə_art_2_3:0.030835|“Qiymətli kağızlar bazarında sui-istifadələrin qarşısının alınması haqqında Qaydalar”ın təsdiq edilməsi barədə_art_2_3:0.030769|“İnvestisiya şirkətinin davamlı kapital tələbləri haqqında Qaydalar”ın təsdiq edilməsi barədə_art_2_3:0.030550|“Bankların yenidən təşkili haqqında Qaydalar”ın təsdiq edilməsi barədə_art_2_3:0.030478|“Kredit ittifaqlarının prudensial tənzimlənməsi Qaydaları”nın təsdiq edilməsi haqqında_art_2_3:0.030415|“Azərbaycan Respublikası rezidentlərinin qeyri-rezidentlərlə maliyyə əməliyyatlarına və neytral əməliyyatlara dair hesabatın tərtibi və təqdim edilməsi haqqında Təlimat”ın təsdiq edilməsi barədə_art_3_4:0.030366|beaf2f3b-d7c9-4377-8d69-d29758699119_art_2_3:0.027212|“Fiziki şəxslərin bank hesablarından Azərbaycan Respublikasından kənara köçürülən xarici valyuta haqqında statistik hesabatın tərtibi və təqdim edilməsinə dair Təlimat”ın təsdiq edilməsi barədə_art_2_3:0.026519,3|1|2|5|4|11|10|9|13|18,6|9|8|5|7|1|2|3|14|13
67,"""Maliyyə bazarlarında fəaliyyətinə nəzarət edilən subyektlərdə informasiya texnologiyalarının idarə edilməsinə dair Təlimat"" Mərkəzi Bankın hansı tarixli qərarı ilə və hansı protokol nömrəsi ilə təsdiq edilib?",50c0f6d30754ffa78df0070e8_intro_1,50c0f6d30754ffa78df0070e8_intro_1|İnformasiya Sistemlərinin Təhlükəsizliyi Qaydaları_art_2_3|1e1594e275bb96ef2c75aa1e8_intro_1|9018b71b0859bc7a490ea0f22_art_2_11_part2|096312ee-c41c-4c1f-9edd-baf5f3187758_art_11_58|64b6f05f-196b-4894-9374-9e5c1c4df7a2_art_3_107_part1|Əməliyyat Risklərinin İdarə Edilməsi Qaydası_art_7_13_part1|İnformasiya Sistemlərinin Təhlükəsizliyi Qaydaları_intro_1|Əməliyyat Risklərinin İdarə Edilməsi Qaydası_art_7_13_part2|9018b71b0859bc7a490ea0f22_art_5_20_part1,50c0f6d30754ffa78df0070e8_intro_1:0.032787|İnformasiya Sistemlərinin Təhlükəsizliyi Qaydaları_art_2_3:0.029469|1e1594e275bb96ef2c75aa1e8_intro_1:0.028624|9018b71b0859bc7a490ea0f22_art_2_11_part2:0.027402|096312ee-c41c-4c1f-9edd-baf5f3187758_art_11_58:0.027047|64b6f05f-196b-4894-9374-9e5c1c4df7a2_art_3_107_part1:0.016129|Əməliyyat Risklərinin İdarə Edilməsi Qaydası_art_7_13_part1:0.016129|İnformasiya Sistemlərinin Təhlükəsizliyi Qaydaları_intro_1:0.015873|Əməliyyat Risklərinin İdarə Edilməsi Qaydası_art_7_13_part2:0.015873|9018b71b0859bc7a490ea0f22_art_5_20_part1:0.015625,1|11|7|12|16|2||3||,1|5|13|14|12||2||3|4
68,Bu Təlimat hansı beynəlxalq standarta uyğun hazırlanıb və hansı nəzarət subyektlərini əhatə edir?,50c0f6d30754ffa78df0070e8_art_1_2,50c0f6d30754ffa78df0070e8_art_1_2|“Azərbaycan Respublikası rezidentlərinin qeyri-rezidentlərlə maliyyə əməliyyatlarına və neytral əməliyyatlara dair hesabatın tərtibi və təqdim edilməsi haqqında Təlimat”ın təsdiq edilməsi barədə_art_1_5|Dənizkənarı Bulvar İdarəsinin fəaliyyətinin təmin edilməsi haqqında_art_62_72_part1|Öhdəlik daşıyan şəxslərin daxili nəzarət proqramının cavab verməli olduğu minimum Tələblər_art_4_15_part2|Öhdəlik daşıyan şəxslərin daxili nəzarət proqramının cavab verməli olduğu minimum Tələblər_art_4_15_part1|5b725bb224d33e2085294c793_art_1_10|Cinayət yolu ilə əldə edilmiş əmlakın leqallaşdırılmasına və terrorçuluğun maliyyələşdirilməsinə qarşı mübarizə haqqında_art_6_13|Məcəllə_art_6_13|Öhdəlik daşıyan şəxslərin daxili nəzarət proqramının cavab verməli olduğu minimum Tələblər_art_2_5_part1|5b725bb224d33e2085294c793_art_6_23,50c0f6d30754ffa78df0070e8_art_1_2:0.032522|“Azərbaycan Respublikası rezidentlərinin qeyri-rezidentlərlə maliyyə əməliyyatlarına və neytral əməliyyatlara dair hesabatın tərtibi və təqdim edilməsi haqqında Təlimat”ın təsdiq edilməsi barədə_art_1_5:0.029031|Dənizkənarı Bulvar İdarəsinin fəaliyyətinin təmin edilməsi haqqında_art_62_72_part1:0.016393|Öhdəlik daşıyan şəxslərin daxili nəzarət proqramının cavab verməli olduğu minimum Tələblər_art_4_15_part2:0.016129|Öhdəlik daşıyan şəxslərin daxili nəzarət proqramının cavab verməli olduğu minimum Tələblər_art_4_15_part1:0.015873|5b725bb224d33e2085294c793_art_1_10:0.015625|Cinayət yolu ilə əldə edilmiş əmlakın leqallaşdırılmasına və terrorçuluğun maliyyələşdirilməsinə qarşı mübarizə haqqında_art_6_13:0.015625|Məcəllə_art_6_13:0.015385|Öhdəlik daşıyan şəxslərin daxili nəzarət proqramının cavab verməli olduğu minimum Tələblər_art_2_5_part1:0.015385|5b725bb224d33e2085294c793_art_6_23:0.015152,1|16||2|3|4|||5|,2|3|1||||4|5||6
69,Sənədin 4-cü bölməsində bençmark ölkələrin qabaqcıl təcrübələri hansı ölkələr üzrə nəzərdən keçirilir?,9018b71b0859bc7a490ea0f22_art_4_5,9018b71b0859bc7a490ea0f22_art_4_5|9018b71b0859bc7a490ea0f22_art_4_16_part1|Öhdəlik daşıyan şəxslərin daxili nəzarət proqramının cavab verməli olduğu minimum Tələblər_art_2_5_part7|590-IIQ-Banklar haqqında_ch_IV_49|98a6608d0eb4e83b612fde01f_art_2_37_part6|Banklar Haqqında Qanun_ch_IV_49|feeb62eb12b5c144caa99818e_art_4_12_part1|a416bd5767831ef5222712ecd_art_1_7_part2|“Azərbaycan Respublikasının bank sistemində arxiv işinin aparılması haqqında Təlimat”ın təsdiq edilməsi barədə_art_4_60|45937180-250a-4b4a-b8e5-153945adb06d_art_13_21,9018b71b0859bc7a490ea0f22_art_4_5:0.032787|9018b71b0859bc7a490ea0f22_art_4_16_part1:0.032258|Öhdəlik daşıyan şəxslərin daxili nəzarət proqramının cavab verməli olduğu minimum Tələblər_art_2_5_part7:0.026876|590-IIQ-Banklar haqqında_ch_IV_49:0.015873|98a6608d0eb4e83b612fde01f_art_2_37_part6:0.015873|Banklar Haqqında Qanun_ch_IV_49:0.015625|feeb62eb12b5c144caa99818e_art_4_12_part1:0.015625|a416bd5767831ef5222712ecd_art_1_7_part2:0.015385|“Azərbaycan Respublikasının bank sistemində arxiv işinin aparılması haqqında Təlimat”ın təsdiq edilməsi barədə_art_4_60:0.015385|45937180-250a-4b4a-b8e5-153945adb06d_art_13_21:0.015152,1|2|17|3||4|||5|,1|2|12||3||4|5||6
70,Maliyyə bazarları üzrə kibertəhlükəsizlik strategiyasının neçə strateji prioriteti var və onlar nədən ibarətdir?,9018b71b0859bc7a490ea0f22_art_5_6,9018b71b0859bc7a490ea0f22_art_5_20_part1|9018b71b0859bc7a490ea0f22_art_5_6|9018b71b0859bc7a490ea0f22_art_7_80_part1|9018b71b0859bc7a490ea0f22_art_8_82_part1|9018b71b0859bc7a490ea0f22_art_7_80_part2|9018b71b0859bc7a490ea0f22_art_6_79|9018b71b0859bc7a490ea0f22_art_1_10|9018b71b0859bc7a490ea0f22_art_8_82_part2|9018b71b0859bc7a490ea0f22_art_13_73|9018b71b0859bc7a490ea0f22_art_4_36_part2,9018b71b0859bc7a490ea0f22_art_5_20_part1:0.032522|9018b71b0859bc7a490ea0f22_art_5_6:0.032266|9018b71b0859bc7a490ea0f22_art_7_80_part1:0.031514|9018b71b0859bc7a490ea0f22_art_8_82_part1:0.031498|9018b71b0859bc7a490ea0f22_art_7_80_part2:0.029857|9018b71b0859bc7a490ea0f22_art_6_79:0.029418|9018b71b0859bc7a490ea0f22_art_1_10:0.029324|9018b71b0859bc7a490ea0f22_art_8_82_part2:0.029010|9018b71b0859bc7a490ea0f22_art_13_73:0.028191|9018b71b0859bc7a490ea0f22_art_4_36_part2:0.028175,2|1|5|3|6|9|4|7|13|12,1|3|2|4|8|7|13|11|9|10
71,Kassir məxaric sənədini qəbul edərkən hansı məlumatları və elementləri yoxlamalıdır?,4a6fbf3ba5bf66fda98b121c7_art_8_18_part2,4a6fbf3ba5bf66fda98b121c7_art_8_18_part2|4a6fbf3ba5bf66fda98b121c7_art_8_18_part1|4a6fbf3ba5bf66fda98b121c7_art_3_35_part14|4a6fbf3ba5bf66fda98b121c7_art_14_28_part4|4a6fbf3ba5bf66fda98b121c7_art_8_18_part3|4a6fbf3ba5bf66fda98b121c7_art_7_16_part1|_Dövlət qeydiyyatına alınmışdır_art_10_14_part3|_Dövlət qeydiyyatına alınmışdır_art_14_23_part2|“Azərbaycan Respublikasının bank sistemində arxiv işinin aparılması haqqında Təlimat”ın təsdiq edilməsi barədə_art_78_96|4a6fbf3ba5bf66fda98b121c7_art_14_28_part3,4a6fbf3ba5bf66fda98b121c7_art_8_18_part2:0.032787|4a6fbf3ba5bf66fda98b121c7_art_8_18_part1:0.032002|4a6fbf3ba5bf66fda98b121c7_art_3_35_part14:0.031498|4a6fbf3ba5bf66fda98b121c7_art_14_28_part4:0.030835|4a6fbf3ba5bf66fda98b121c7_art_8_18_part3:0.030777|4a6fbf3ba5bf66fda98b121c7_art_7_16_part1:0.029857|_Dövlət qeydiyyatına alınmışdır_art_10_14_part3:0.029670|_Dövlət qeydiyyatına alınmışdır_art_14_23_part2:0.028577|“Azərbaycan Respublikasının bank sistemində arxiv işinin aparılması haqqında Təlimat”ın təsdiq edilməsi barədə_art_78_96:0.027984|4a6fbf3ba5bf66fda98b121c7_art_14_28_part3:0.015385,1|3|4|2|6|8|5|11|10|,1|2|3|8|4|6|10|9|13|5
72,"Hesab üzərində sərəncam hüququ olan bir neçə şəxs olduqda, imza hüququ neçə formada həyata keçirilə bilər?",64b6f05f-196b-4894-9374-9e5c1c4df7a2_art_2_97,64b6f05f-196b-4894-9374-9e5c1c4df7a2_art_2_97|Bank Hesabları Qaydası_art_2_97|Bank Hesabları Qaydası_art_5_95|Bank Hesabları Qaydası_art_12_55|Bank Hesabları Qaydası_art_4_9_part3|64b6f05f-196b-4894-9374-9e5c1c4df7a2_art_12_55|64b6f05f-196b-4894-9374-9e5c1c4df7a2_art_5_95|64b6f05f-196b-4894-9374-9e5c1c4df7a2_art_4_9_part3|Bank Hesabları Qaydası_art_4_9_part4|64b6f05f-196b-4894-9374-9e5c1c4df7a2_art_4_9_part4,64b6f05f-196b-4894-9374-9e5c1c4df7a2_art_2_97:0.032522|Bank Hesabları Qaydası_art_2_97:0.032002|Bank Hesabları Qaydası_art_5_95:0.030478|Bank Hesabları Qaydası_art_12_55:0.030303|Bank Hesabları Qaydası_art_4_9_part3:0.030118|64b6f05f-196b-4894-9374-9e5c1c4df7a2_art_12_55:0.029631|64b6f05f-196b-4894-9374-9e5c1c4df7a2_art_5_95:0.029514|64b6f05f-196b-4894-9374-9e5c1c4df7a2_art_4_9_part3:0.029387|Bank Hesabları Qaydası_art_4_9_part4:0.029274|64b6f05f-196b-4894-9374-9e5c1c4df7a2_art_4_9_part4:0.028624,1|2|11|6|4|8|12|3|5|7,2|3|1|6|9|7|4|14|12|13
73,Valyuta mübadiləsi aparılmayan forvard əməliyyatları zamanı tərəflər arasında hansı hallarda ödəniş həyata keçirilmir?,9abef96e-dec9-4c51-b763-8ccf4e23afdd_art_4_8,9abef96e-dec9-4c51-b763-8ccf4e23afdd_art_1_4_part2|9abef96e-dec9-4c51-b763-8ccf4e23afdd_art_4_8|096312ee-c41c-4c1f-9edd-baf5f3187758_art_3_20|Valyuta tənzimi haqqında_art_4_25|9abef96e-dec9-4c51-b763-8ccf4e23afdd_art_1_4_part1|096312ee-c41c-4c1f-9edd-baf5f3187758_art_6_24|Dənizkənarı Bulvar İdarəsinin fəaliyyətinin təmin edilməsi haqqında_art_15_21|Bank Şöbələri və Valyuta Qaydası_art_3_7|Valyuta tənzimi haqqında_art_3_24|4a6fbf3ba5bf66fda98b121c7_art_6_15,9abef96e-dec9-4c51-b763-8ccf4e23afdd_art_1_4_part2:0.032522|9abef96e-dec9-4c51-b763-8ccf4e23afdd_art_4_8:0.032018|096312ee-c41c-4c1f-9edd-baf5f3187758_art_3_20:0.031514|Valyuta tənzimi haqqında_art_4_25:0.031498|9abef96e-dec9-4c51-b763-8ccf4e23afdd_art_1_4_part1:0.030798|096312ee-c41c-4c1f-9edd-baf5f3187758_art_6_24:0.029418|Dənizkənarı Bulvar İdarəsinin fəaliyyətinin təmin edilməsi haqqında_art_15_21:0.028850|Bank Şöbələri və Valyuta Qaydası_art_3_7:0.015385|Valyuta tənzimi haqqında_art_3_24:0.015152|4a6fbf3ba5bf66fda98b121c7_art_6_15:0.014706,1|4|2|3|7|9|13|5|6|,2|1|5|4|3|7|6|||8
74,Fiziki şəxslər hansı məbləğdən yuxarı olan nağd milli valyutanı gömrük orqanlarına yazılı formada bəyan etməlidirlər?,Azərbaycan Respublikasının 1999-cu il 22 iyun tarixli 689-IQ nömrəli Qanunu ilə təsdiq edilmiş «Ədalət mühakiməsinin rəsmi embleminin təsviri»ndə dəyişiklik edilməsi barədə_art_2_3,Azərbaycan Respublikasının 1999-cu il 22 iyun tarixli 689-IQ nömrəli Qanunu ilə təsdiq edilmiş «Ədalət mühakiməsinin rəsmi embleminin təsviri»ndə dəyişiklik edilməsi barədə_art_2_3|Valyuta tənzimi haqqında_art_3_55|Valyuta tənzimi haqqında_art_5_57|Azərbaycan Respublikasının 1999-cu il 22 iyun tarixli 689-IQ nömrəli Qanunu ilə təsdiq edilmiş «Ədalət mühakiməsinin rəsmi embleminin təsviri»ndə dəyişiklik edilməsi barədə_intro_1|Valyuta tənzimi haqqında_art_6_67|Valyuta tənzimi haqqında_art_4_56|096312ee-c41c-4c1f-9edd-baf5f3187758_art_3_20|Cinayət yolu ilə əldə edilmiş əmlakın leqallaşdırılmasına və terrorçuluğun maliyyələşdirilməsinə qarşı mübarizə haqqında_art_18_27|Məcəllə_art_18_27|Valyuta tənzimi haqqında_art_6_58,Azərbaycan Respublikasının 1999-cu il 22 iyun tarixli 689-IQ nömrəli Qanunu ilə təsdiq edilmiş «Ədalət mühakiməsinin rəsmi embleminin təsviri»ndə dəyişiklik edilməsi barədə_art_2_3:0.032787|Valyuta tənzimi haqqında_art_3_55:0.030622|Valyuta tənzimi haqqında_art_5_57:0.030550|Azərbaycan Respublikasının 1999-cu il 22 iyun tarixli 689-IQ nömrəli Qanunu ilə təsdiq edilmiş «Ədalət mühakiməsinin rəsmi embleminin təsviri»ndə dəyişiklik edilməsi barədə_intro_1:0.030331|Valyuta tənzimi haqqında_art_6_67:0.030090|Valyuta tənzimi haqqında_art_4_56:0.029958|096312ee-c41c-4c1f-9edd-baf5f3187758_art_3_20:0.029643|Cinayət yolu ilə əldə edilmiş əmlakın leqallaşdırılmasına və terrorçuluğun maliyyələşdirilməsinə qarşı mübarizə haqqında_art_18_27:0.029469|Məcəllə_art_18_27:0.029040|Valyuta tənzimi haqqında_art_6_58:0.028778,1|2|4|8|5|3|14|11|12|9,1|9|7|4|8|11|2|5|6|10
75,Şəbəkəni aldadaraq səlahiyyətsiz sistemin özünü səlahiyyətli kompyuter sistemi kimi göstərdiyi hücum növü (“Spoofing”) hansı hallarda baş verə bilər və buna qarşı hansı təhlükəsizlik tədbirləri görülməlidir?,Azərbaycan Respublikasının Mərkəzi Bankı - Azərbaycan Respublikasında elektron bankçılıq xidmətlərinin göstərilməsinə və bu xidmətlər üzrə təhlükəsizliyin təmin olunmasına dair Metodoloji Rəhbərlik_art_5_7_part8,Azərbaycan Respublikasının Mərkəzi Bankı - Azərbaycan Respublikasında elektron bankçılıq xidmətlərinin göstərilməsinə və bu xidmətlər üzrə təhlükəsizliyin təmin olunmasına dair Metodoloji Rəhbərlik_art_5_7_part8|Azərbaycan Respublikasının Mərkəzi Bankı - Azərbaycan Respublikasında elektron bankçılıq xidmətlərinin göstərilməsinə və bu xidmətlər üzrə təhlükəsizliyin təmin olunmasına dair Metodoloji Rəhbərlik_art_5_7_part7|Azərbaycan Respublikasının Mərkəzi Bankı - Azərbaycan Respublikasında elektron bankçılıq xidmətlərinin göstərilməsinə və bu xidmətlər üzrə təhlükəsizliyin təmin olunmasına dair Metodoloji Rəhbərlik_art_5_7_part5|Azərbaycan Respublikasının Mərkəzi Bankı - Azərbaycan Respublikasında elektron bankçılıq xidmətlərinin göstərilməsinə və bu xidmətlər üzrə təhlükəsizliyin təmin olunmasına dair Metodoloji Rəhbərlik_art_5_7_part6|Azərbaycan Respublikasının Mərkəzi Bankı - Azərbaycan Respublikasında elektron bankçılıq xidmətlərinin göstərilməsinə və bu xidmətlər üzrə təhlükəsizliyin təmin olunmasına dair Metodoloji Rəhbərlik_art_5_7_part9|Azərbaycan Respublikasının Mərkəzi Bankı - Azərbaycan Respublikasında elektron bankçılıq xidmətlərinin göstərilməsinə və bu xidmətlər üzrə təhlükəsizliyin təmin olunmasına dair Metodoloji Rəhbərlik_art_5_7_part2|Azərbaycan Respublikasının Mərkəzi Bankı - Azərbaycan Respublikasında elektron bankçılıq xidmətlərinin göstərilməsinə və bu xidmətlər üzrə təhlükəsizliyin təmin olunmasına dair Metodoloji Rəhbərlik_art_5_7_part3|c8ef8b99-7b1c-442c-bf14-1f015ec0cc8e_art_4_5|ba0d73daa9275fa1fe1e4694b_art_4_51_part1|Azərbaycan Respublikasının Mərkəzi Bankı - Azərbaycan Respublikasında elektron bankçılıq xidmətlərinin göstərilməsinə və bu xidmətlər üzrə təhlükəsizliyin təmin olunmasına dair Metodoloji Rəhbərlik_art_5_7_part4,Azərbaycan Respublikasının Mərkəzi Bankı - Azərbaycan Respublikasında elektron bankçılıq xidmətlərinin göstərilməsinə və bu xidmətlər üzrə təhlükəsizliyin təmin olunmasına dair Metodoloji Rəhbərlik_art_5_7_part8:0.032787|Azərbaycan Respublikasının Mərkəzi Bankı - Azərbaycan Respublikasında elektron bankçılıq xidmətlərinin göstərilməsinə və bu xidmətlər üzrə təhlükəsizliyin təmin olunmasına dair Metodoloji Rəhbərlik_art_5_7_part7:0.032258|Azərbaycan Respublikasının Mərkəzi Bankı - Azərbaycan Respublikasında elektron bankçılıq xidmətlərinin göstərilməsinə və bu xidmətlər üzrə təhlükəsizliyin təmin olunmasına dair Metodoloji Rəhbərlik_art_5_7_part5:0.031746|Azərbaycan Respublikasının Mərkəzi Bankı - Azərbaycan Respublikasında elektron bankçılıq xidmətlərinin göstərilməsinə və bu xidmətlər üzrə təhlükəsizliyin təmin olunmasına dair Metodoloji Rəhbərlik_art_5_7_part6:0.031250|Azərbaycan Respublikasının Mərkəzi Bankı - Azərbaycan Respublikasında elektron bankçılıq xidmətlərinin göstərilməsinə və bu xidmətlər üzrə təhlükəsizliyin təmin olunmasına dair Metodoloji Rəhbərlik_art_5_7_part9:0.029469|Azərbaycan Respublikasının Mərkəzi Bankı - Azərbaycan Respublikasında elektron bankçılıq xidmətlərinin göstərilməsinə və bu xidmətlər üzrə təhlükəsizliyin təmin olunmasına dair Metodoloji Rəhbərlik_art_5_7_part2:0.029211|Azərbaycan Respublikasının Mərkəzi Bankı - Azərbaycan Respublikasında elektron bankçılıq xidmətlərinin göstərilməsinə və bu xidmətlər üzrə təhlükəsizliyin təmin olunmasına dair Metodoloji Rəhbərlik_art_5_7_part3:0.028006|c8ef8b99-7b1c-442c-bf14-1f015ec0cc8e_art_4_5:0.027222|ba0d73daa9275fa1fe1e4694b_art_4_51_part1:0.025974|Azərbaycan Respublikasının Mərkəzi Bankı - Azərbaycan Respublikasında elektron bankçılıq xidmətlərinin göstərilməsinə və bu xidmətlər üzrə təhlükəsizliyin təmin olunmasına dair Metodoloji Rəhbərlik_art_5_7_part4:0.015385,1|2|3|4|11|10|14|12|17|5,1|2|3|4|5|7|9|15|17|
76,Bankomatdan istifadə edən kart sahibi digər bankın müştərisi olduqda hansı mühasibat yazılışı verilir?,Azərbaycan Respublikasının Mərkəzi Bankı - Azərbaycan Respublikasının bank sistemində ödəniş vasitələrinin maliyyə hesabatlarında uçotu Qaydaları_art_4_6,Azərbaycan Respublikasının Mərkəzi Bankı - Azərbaycan Respublikasının bank sistemində ödəniş vasitələrinin maliyyə hesabatlarında uçotu Qaydaları_art_4_6|Azərbaycan Respublikasının Mərkəzi Bankı - Azərbaycan Respublikasının bank sistemində ödəniş vasitələrinin maliyyə hesabatlarında uçotu Qaydaları_art_2_3_part1|Azərbaycan Respublikasının Mərkəzi Bankı - Azərbaycan Respublikasının Bank sistemində əmanətlərin (depozitlərin) uçot Qaydaları_art_1_5|_Dövlət qeydiyyatına alınmışdır_art_12_21|_Dövlət qeydiyyatına alınmışdır_art_2_3|Azərbaycan Respublikasının Mərkəzi Bankı - Azərbaycan Respublikasının bank sistemində ödəniş vasitələrinin maliyyə hesabatlarında uçotu Qaydaları_art_5_7|Bank Hesabları Qaydası_art_4_9_part1|Azərbaycan Respublikasının Mərkəzi Bankı - Azərbaycan Respublikasının bank sistemində ödəniş vasitələrinin maliyyə hesabatlarında uçotu Qaydaları_art_3_5|Bank Hesabları Qaydası_art_4_9_part2|64b6f05f-196b-4894-9374-9e5c1c4df7a2_art_4_9_part2,Azərbaycan Respublikasının Mərkəzi Bankı - Azərbaycan Respublikasının bank sistemində ödəniş vasitələrinin maliyyə hesabatlarında uçotu Qaydaları_art_4_6:0.032787|Azərbaycan Respublikasının Mərkəzi Bankı - Azərbaycan Respublikasının bank sistemində ödəniş vasitələrinin maliyyə hesabatlarında uçotu Qaydaları_art_2_3_part1:0.032258|Azərbaycan Respublikasının Mərkəzi Bankı - Azərbaycan Respublikasının Bank sistemində əmanətlərin (depozitlərin) uçot Qaydaları_art_1_5:0.029437|_Dövlət qeydiyyatına alınmışdır_art_12_21:0.028595|_Dövlət qeydiyyatına alınmışdır_art_2_3:0.027151|Azərbaycan Respublikasının Mərkəzi Bankı - Azərbaycan Respublikasının bank sistemində ödəniş vasitələrinin maliyyə hesabatlarında uçotu Qaydaları_art_5_7:0.015873|Bank Hesabları Qaydası_art_4_9_part1:0.015873|Azərbaycan Respublikasının Mərkəzi Bankı - Azərbaycan Respublikasının bank sistemində ödəniş vasitələrinin maliyyə hesabatlarında uçotu Qaydaları_art_3_5:0.015625|Bank Hesabları Qaydası_art_4_9_part2:0.015625|64b6f05f-196b-4894-9374-9e5c1c4df7a2_art_4_9_part2:0.015385,1|2|10|8|9||3||4|5,1|2|6|12|19|3||4||
77,Đstiqraz vərəqəsinin sertifikatında əks olunmalı rekvizitlərin göstərilməsi qaydası hansı digər qiymətli kağız növlərinə də şamil edilir?,Azərbaycan Respublikasının Mərkəzi Bankı - Sənədləşdirilmiş emissiya qiymətli kağızların sertifikatlarının məcburi rekvizitləri_art_5_6,Azərbaycan Respublikasının Mərkəzi Bankı - Sənədləşdirilmiş emissiya qiymətli kağızların sertifikatlarının məcburi rekvizitləri_art_5_6|Azərbaycan Respublikasının Mərkəzi Bankı - Sənədləşdirilmiş emissiya qiymətli kağızların sertifikatlarının məcburi rekvizitləri_art_3_4|Azərbaycan Respublikasının Mərkəzi Bankı - Sənədləşdirilmiş emissiya qiymətli kağızların sertifikatlarının məcburi rekvizitləri_art_2_3|_Dövlət qeydiyyatına alınmışdır_art_6_8|Azərbaycan Respublikasının Mərkəzi Bankı - Sənədləşdirilmiş emissiya qiymətli kağızların sertifikatlarının məcburi rekvizitləri_intro_1|Dənizkənarı Bulvar İdarəsinin fəaliyyətinin təmin edilməsi haqqında_art_23_29|1dfb892e-6204-4404-9166-c861f06996fa_art_7_13_part2|5b725bb224d33e2085294c793_art_9_26|Azərbaycan Respublikasının Mərkəzi Bankı - Sənədləşdirilmiş emissiya qiymətli kağızların sertifikatlarının məcburi rekvizitləri_art_1_2|Bank Hesabları Qaydası_art_4_9_part4,Azərbaycan Respublikasının Mərkəzi Bankı - Sənədləşdirilmiş emissiya qiymətli kağızların sertifikatlarının məcburi rekvizitləri_art_5_6:0.032787|Azərbaycan Respublikasının Mərkəzi Bankı - Sənədləşdirilmiş emissiya qiymətli kağızların sertifikatlarının məcburi rekvizitləri_art_3_4:0.032258|Azərbaycan Respublikasının Mərkəzi Bankı - Sənədləşdirilmiş emissiya qiymətli kağızların sertifikatlarının məcburi rekvizitləri_art_2_3:0.015873|_Dövlət qeydiyyatına alınmışdır_art_6_8:0.015873|Azərbaycan Respublikasının Mərkəzi Bankı - Sənədləşdirilmiş emissiya qiymətli kağızların sertifikatlarının məcburi rekvizitləri_intro_1:0.015625|Dənizkənarı Bulvar İdarəsinin fəaliyyətinin təmin edilməsi haqqında_art_23_29:0.015625|1dfb892e-6204-4404-9166-c861f06996fa_art_7_13_part2:0.015385|5b725bb224d33e2085294c793_art_9_26:0.015385|Azərbaycan Respublikasının Mərkəzi Bankı - Sənədləşdirilmiş emissiya qiymətli kağızların sertifikatlarının məcburi rekvizitləri_art_1_2:0.015152|Bank Hesabları Qaydası_art_4_9_part4:0.015152,1|2|3||4||5||6|,1|2||3||4||5||6
78,Müvəqqəti cari hesab üzrə hansı əməliyyatların aparılmasına icazə verilir?,Bank Hesabları Qaydası_art_1_65,64b6f05f-196b-4894-9374-9e5c1c4df7a2_art_1_65|64b6f05f-196b-4894-9374-9e5c1c4df7a2_art_2_6_part1|Bank Hesabları Qaydası_art_1_65|Bank Hesabları Qaydası_art_2_6_part1|64b6f05f-196b-4894-9374-9e5c1c4df7a2_art_2_66|64b6f05f-196b-4894-9374-9e5c1c4df7a2_art_7_50|Bank Hesabları Qaydası_art_2_66|Bank Hesabları Qaydası_art_7_50|64b6f05f-196b-4894-9374-9e5c1c4df7a2_art_4_68|64b6f05f-196b-4894-9374-9e5c1c4df7a2_art_2_6_part2,64b6f05f-196b-4894-9374-9e5c1c4df7a2_art_1_65:0.031778|64b6f05f-196b-4894-9374-9e5c1c4df7a2_art_2_6_part1:0.031281|Bank Hesabları Qaydası_art_1_65:0.031281|Bank Hesabları Qaydası_art_2_6_part1:0.030679|64b6f05f-196b-4894-9374-9e5c1c4df7a2_art_2_66:0.030579|64b6f05f-196b-4894-9374-9e5c1c4df7a2_art_7_50:0.030366|Bank Hesabları Qaydası_art_2_66:0.030118|Bank Hesabları Qaydası_art_7_50:0.029911|64b6f05f-196b-4894-9374-9e5c1c4df7a2_art_4_68:0.027778|64b6f05f-196b-4894-9374-9e5c1c4df7a2_art_2_6_part2:0.027425,1|6|2|10|8|3|9|4|12|7,5|2|6|1|3|9|4|10|12|20
79,Bank şöbəsi əsasnaməsinə uyğun olaraq hansı fəaliyyət növlərini həyata keçirə bilər?,Bank Şöbələri və Valyuta Qaydası_art_2_6,590-IIQ-Banklar haqqında_ch_IV_art_32_51|Banklar Haqqında Qanun_ch_IV_art_32_51|590-IIQ-Banklar haqqında_ch_IV_art_33_52|Banklar Haqqında Qanun_ch_IV_art_33_52|Banklar Haqqında Qanun_ch_I_art_3_7|590-IIQ-Banklar haqqında_ch_I_art_3_7|Bank Şöbələri və Valyuta Qaydası_art_2_6|Dənizkənarı Bulvar İdarəsinin fəaliyyətinin təmin edilməsi haqqında_art_5_10|Dənizkənarı Bulvar İdarəsinin fəaliyyətinin təmin edilməsi haqqında_art_58_66|Banklar Haqqında Qanun_ch_II_art_11_20_part1,590-IIQ-Banklar haqqında_ch_IV_art_32_51:0.031025|Banklar Haqqında Qanun_ch_IV_art_32_51:0.031010|590-IIQ-Banklar haqqında_ch_IV_art_33_52:0.030886|Banklar Haqqında Qanun_ch_IV_art_33_52:0.030415|Banklar Haqqında Qanun_ch_I_art_3_7:0.030415|590-IIQ-Banklar haqqında_ch_I_art_3_7:0.029469|Bank Şöbələri və Valyuta Qaydası_art_2_6:0.016393|Dənizkənarı Bulvar İdarəsinin fəaliyyətinin təmin edilməsi haqqında_art_5_10:0.015873|Dənizkənarı Bulvar İdarəsinin fəaliyyətinin təmin edilməsi haqqında_art_58_66:0.015625|Banklar Haqqında Qanun_ch_II_art_11_20_part1:0.015152,3|4|9|10|2|5|1|||6,6|5|1|2|10|11||3|4|
80,Ödəniş sisteminə daxil edilmiş ödəniş sərəncamı hansı andan etibarən geri götürülə bilməz?,Dənizkənarı Bulvar İdarəsinin fəaliyyətinin təmin edilməsi haqqında_art_46_52,Dənizkənarı Bulvar İdarəsinin fəaliyyətinin təmin edilməsi haqqında_art_28_34|Dənizkənarı Bulvar İdarəsinin fəaliyyətinin təmin edilməsi haqqında_art_46_52|Dənizkənarı Bulvar İdarəsinin fəaliyyətinin təmin edilməsi haqqında_art_33_39|Dənizkənarı Bulvar İdarəsinin fəaliyyətinin təmin edilməsi haqqında_art_47_53|Dənizkənarı Bulvar İdarəsinin fəaliyyətinin təmin edilməsi haqqında_art_27_33|Dənizkənarı Bulvar İdarəsinin fəaliyyətinin təmin edilməsi haqqında_art_22_28|Dənizkənarı Bulvar İdarəsinin fəaliyyətinin təmin edilməsi haqqında_art_26_32|Dənizkənarı Bulvar İdarəsinin fəaliyyətinin təmin edilməsi haqqında_art_32_38|Dənizkənarı Bulvar İdarəsinin fəaliyyətinin təmin edilməsi haqqında_art_44_50|Dənizkənarı Bulvar İdarəsinin fəaliyyətinin təmin edilməsi haqqında_art_25_31,Dənizkənarı Bulvar İdarəsinin fəaliyyətinin təmin edilməsi haqqında_art_28_34:0.032522|Dənizkənarı Bulvar İdarəsinin fəaliyyətinin təmin edilməsi haqqında_art_46_52:0.032522|Dənizkənarı Bulvar İdarəsinin fəaliyyətinin təmin edilməsi haqqında_art_33_39:0.030579|Dənizkənarı Bulvar İdarəsinin fəaliyyətinin təmin edilməsi haqqında_art_47_53:0.030366|Dənizkənarı Bulvar İdarəsinin fəaliyyətinin təmin edilməsi haqqında_art_27_33:0.030310|Dənizkənarı Bulvar İdarəsinin fəaliyyətinin təmin edilməsi haqqında_art_22_28:0.029514|Dənizkənarı Bulvar İdarəsinin fəaliyyətinin təmin edilməsi haqqında_art_26_32:0.029324|Dənizkənarı Bulvar İdarəsinin fəaliyyətinin təmin edilməsi haqqında_art_32_38:0.029236|Dənizkənarı Bulvar İdarəsinin fəaliyyətinin təmin edilməsi haqqında_art_44_50:0.028814|Dənizkənarı Bulvar İdarəsinin fəaliyyətinin təmin edilməsi haqqında_art_25_31:0.027526,1|2|8|3|7|4|13|11|12|18,2|1|3|9|5|12|4|6|7|8
81,Ödəniş əməliyyatının aşağı riskli hesab edilməsi üçün hansı şərtlərin hamısı ödənilməlidir?,c8ef8b99-7b1c-442c-bf14-1f015ec0cc8e_art_4_5,c8ef8b99-7b1c-442c-bf14-1f015ec0cc8e_art_4_5|Müştəri Uyğunluğu və Risk Qiymətləndirməsi Qaydaları_art_3_8_part2|Müştəri Uyğunluğu və Risk Qiymətləndirməsi Qaydaları_art_3_8_part1|Cinayət yolu ilə əldə edilmiş əmlakın leqallaşdırılmasına və terrorçuluğun maliyyələşdirilməsinə qarşı mübarizə haqqında_art_9_16|c8ef8b99-7b1c-442c-bf14-1f015ec0cc8e_art_3_4|Məcəllə_art_9_16|Müştəri Uyğunluğu və Risk Qiymətləndirməsi Qaydaları_art_4_11|Banklarda əməliyyat risklərinin idarə edilməsi Qaydası_art_3_8_part1|Dənizkənarı Bulvar İdarəsinin fəaliyyətinin təmin edilməsi haqqında_art_7_12|Dənizkənarı Bulvar İdarəsinin fəaliyyətinin təmin edilməsi haqqında_art_23_29,c8ef8b99-7b1c-442c-bf14-1f015ec0cc8e_art_4_5:0.032522|Müştəri Uyğunluğu və Risk Qiymətləndirməsi Qaydaları_art_3_8_part2:0.032002|Müştəri Uyğunluğu və Risk Qiymətləndirməsi Qaydaları_art_3_8_part1:0.031778|Cinayət yolu ilə əldə edilmiş əmlakın leqallaşdırılmasına və terrorçuluğun maliyyələşdirilməsinə qarşı mübarizə haqqında_art_9_16:0.028370|c8ef8b99-7b1c-442c-bf14-1f015ec0cc8e_art_3_4:0.028309|Məcəllə_art_9_16:0.027973|Müştəri Uyğunluğu və Risk Qiymətləndirməsi Qaydaları_art_4_11:0.015873|Banklarda əməliyyat risklərinin idarə edilməsi Qaydası_art_3_8_part1:0.015625|Dənizkənarı Bulvar İdarəsinin fəaliyyətinin təmin edilməsi haqqında_art_7_12:0.015625|Dənizkənarı Bulvar İdarəsinin fəaliyyətinin təmin edilməsi haqqında_art_23_29:0.015385,1|2|5|10|16|11|3|4||,2|3|1|11|6|12|||4|5
82,Hüquqi şəxs kimi dövlət qeydiyyatına alınması haqqında şəhadətnamədə hansı əsas rekvizitlər göstərilir?,dd1aa268-4de2-48ab-8953-c87d3f1c74e3_art_3_16,Azərbaycan Respublikasının Mərkəzi Bankı - Sənədləşdirilmiş emissiya qiymətli kağızların sertifikatlarının məcburi rekvizitləri_art_2_3|Auditor xidməti haqqında_art_19_20|64b6f05f-196b-4894-9374-9e5c1c4df7a2_art_1_44|Auditor xidməti haqqında_art_20_21_part5|Bank Hesabları Qaydası_art_1_44|Valyuta tənzimi haqqında_art_13_74_part1|64b6f05f-196b-4894-9374-9e5c1c4df7a2_art_7_50|Bank Hesabları Qaydası_art_4_9_part2|Bank Hesabları Qaydası_art_7_50|Müştəri Uyğunluğu və Risk Qiymətləndirməsi Qaydaları_art_6_13_part2,Azərbaycan Respublikasının Mərkəzi Bankı - Sənədləşdirilmiş emissiya qiymətli kağızların sertifikatlarının məcburi rekvizitləri_art_2_3:0.028893|Auditor xidməti haqqında_art_19_20:0.016393|64b6f05f-196b-4894-9374-9e5c1c4df7a2_art_1_44:0.016129|Auditor xidməti haqqında_art_20_21_part5:0.016129|Bank Hesabları Qaydası_art_1_44:0.015873|Valyuta tənzimi haqqında_art_13_74_part1:0.015873|64b6f05f-196b-4894-9374-9e5c1c4df7a2_art_7_50:0.015625|Bank Hesabları Qaydası_art_4_9_part2:0.015625|Bank Hesabları Qaydası_art_7_50:0.015385|Müştəri Uyğunluğu və Risk Qiymətləndirməsi Qaydaları_art_6_13_part2:0.015385,1||2||3|||4||5,20|1||2||3|4||5|
83,İstehlakçı istehlak krediti müqaviləsindən neçə gün ərzində səbəb göstərmədən imtina edə bilər və bu zaman hansı ödənişləri etməlidir?,İstehlak krediti müqaviləsi üzrə standart məlumatlandırma forması_art_3_4_part1,İstehlak krediti müqaviləsi üzrə standart məlumatlandırma forması_art_3_4_part1|İstehlak krediti müqaviləsi üzrə standart məlumatlandırma forması_art_3_4_part2|İstehlakçıların hüquqlarının müdafiəsi haqqında_ch_II_art_6_24|İstehlakçıların hüquqlarının müdafiəsi haqqında_ch_II_art_1_70|İstehlakçıların hüquqlarının müdafiəsi haqqında_ch_II_art_1_31|Banklar Haqqında Qanun_ch_X_art_74_116|590-IIQ-Banklar haqqında_ch_X_art_74_121|Dənizkənarı Bulvar İdarəsinin fəaliyyətinin təmin edilməsi haqqında_art_19_25|590-IIQ-Banklar haqqında_ch_X_art_77_124_part2|f15fd85d-3c4e-4d87-aa78-8367ca166daf_art_4_8_part2,İstehlak krediti müqaviləsi üzrə standart məlumatlandırma forması_art_3_4_part1:0.032787|İstehlak krediti müqaviləsi üzrə standart məlumatlandırma forması_art_3_4_part2:0.032002|İstehlakçıların hüquqlarının müdafiəsi haqqında_ch_II_art_6_24:0.030118|İstehlakçıların hüquqlarının müdafiəsi haqqında_ch_II_art_1_70:0.029643|İstehlakçıların hüquqlarının müdafiəsi haqqında_ch_II_art_1_31:0.015873|Banklar Haqqında Qanun_ch_X_art_74_116:0.015625|590-IIQ-Banklar haqqında_ch_X_art_74_121:0.015385|Dənizkənarı Bulvar İdarəsinin fəaliyyətinin təmin edilməsi haqqında_art_19_25:0.015385|590-IIQ-Banklar haqqında_ch_X_art_77_124_part2:0.015152|f15fd85d-3c4e-4d87-aa78-8367ca166daf_art_4_8_part2:0.015152,1|2|4|14|3|||5|6|,1|3|9|2||4|5|||6
84,Qiymətli kağızların satın alınmasının başlanılmasından neçə iş günü əvvəl emitent Komitəyə hansı məlumatları təqdim etməlidir?,“İnvestisiya qiymətli kağızlarının qiymətinin sabitləşdirilməsi haqqında Qaydalar”ın təsdiq edilməsi barədə_art_3_9,“İnvestisiya qiymətli kağızlarının qiymətinin sabitləşdirilməsi haqqında Qaydalar”ın təsdiq edilməsi barədə_art_3_9|“İnvestisiya qiymətli kağızlarının qiymətinin sabitləşdirilməsi haqqında Qaydalar”ın təsdiq edilməsi barədə_art_2_8|“Qiymətli kağızlar bazarında sui-istifadələrin qarşısının alınması haqqında Qaydalar”ın təsdiq edilməsi barədə_art_5_12|beaf2f3b-d7c9-4377-8d69-d29758699119_art_3_6|“İnvestisiya qiymətli kağızlarının qiymətinin sabitləşdirilməsi haqqında Qaydalar”ın təsdiq edilməsi barədə_art_1_7|“Qiymətli kağızlar bazarında sui-istifadələrin qarşısının alınması haqqında Qaydalar”ın təsdiq edilməsi barədə_art_3_10|ad29955c-5a37-413c-937e-cd1e5988ae62_art_3_7|“İpoteka örtüyünün reyestrinin aparılması və sərəncamçı tərəfindən ipoteka örtüyünün yoxlanılmasının nəticələri barədə hesabata dair tələblər haqqında Qaydalar”ın təsdiq edilməsi barədə_art_2_8|Dənizkənarı Bulvar İdarəsinin fəaliyyətinin təmin edilməsi haqqında_art_68_79|“İnvestisiya qiymətli kağızlarının qiymətinin sabitləşdirilməsi haqqında Qaydalar”ın təsdiq edilməsi barədə_art_4_10,“İnvestisiya qiymətli kağızlarının qiymətinin sabitləşdirilməsi haqqında Qaydalar”ın təsdiq edilməsi barədə_art_3_9:0.032787|“İnvestisiya qiymətli kağızlarının qiymətinin sabitləşdirilməsi haqqında Qaydalar”ın təsdiq edilməsi barədə_art_2_8:0.031746|“Qiymətli kağızlar bazarında sui-istifadələrin qarşısının alınması haqqında Qaydalar”ın təsdiq edilməsi barədə_art_5_12:0.030550|beaf2f3b-d7c9-4377-8d69-d29758699119_art_3_6:0.030214|“İnvestisiya qiymətli kağızlarının qiymətinin sabitləşdirilməsi haqqında Qaydalar”ın təsdiq edilməsi barədə_art_1_7:0.029287|“Qiymətli kağızlar bazarında sui-istifadələrin qarşısının alınması haqqında Qaydalar”ın təsdiq edilməsi barədə_art_3_10:0.027206|ad29955c-5a37-413c-937e-cd1e5988ae62_art_3_7:0.026334|“İpoteka örtüyünün reyestrinin aparılması və sərəncamçı tərəfindən ipoteka örtüyünün yoxlanılmasının nəticələri barədə hesabata dair tələblər haqqında Qaydalar”ın təsdiq edilməsi barədə_art_2_8:0.015625|Dənizkənarı Bulvar İdarəsinin fəaliyyətinin təmin edilməsi haqqında_art_68_79:0.015385|“İnvestisiya qiymətli kağızlarının qiymətinin sabitləşdirilməsi haqqında Qaydalar”ın təsdiq edilməsi barədə_art_4_10:0.015385,1|3|4|2|16|20|18||5|,1|3|7|11|2|8|14|4||5
85,Sistem əhəmiyyətli banklarda komplayens funksiyası ilə bağlı hansı struktur qurumları formalaşdırılmalıdır?,009aa733c2e8a69d2ccc41bf4_art_5_6,009aa733c2e8a69d2ccc41bf4_art_5_6|Azərbaycan Respublikası Prezidentinin Fərmanı_art_12_20|Banklarda korporativ idarəetmə Standartları_art_16_28|590-IIQ-Banklar haqqında_ch_VIII_art_57_93_part1|Öhdəlik daşıyan şəxslərin daxili nəzarət proqramının cavab verməli olduğu minimum Tələblər_art_3_13_part1|Banklarda korporativ idarəetmə Standartları_art_7_16_part1|Banklar Haqqında Qanun_ch_VIII_81_part9|Banklar Haqqında Qanun_ch_VIII_81_part8|a416bd5767831ef5222712ecd_art_4_19_part5|Banklarda korporativ idarəetmə Standartları_art_2_7_part1,009aa733c2e8a69d2ccc41bf4_art_5_6:0.032787|Azərbaycan Respublikası Prezidentinin Fərmanı_art_12_20:0.032002|Banklarda korporativ idarəetmə Standartları_art_16_28:0.032002|590-IIQ-Banklar haqqında_ch_VIII_art_57_93_part1:0.028814|Öhdəlik daşıyan şəxslərin daxili nəzarət proqramının cavab verməli olduğu minimum Tələblər_art_3_13_part1:0.028543|Banklarda korporativ idarəetmə Standartları_art_7_16_part1:0.028125|Banklar Haqqında Qanun_ch_VIII_81_part9:0.027273|Banklar Haqqında Qanun_ch_VIII_81_part8:0.026847|a416bd5767831ef5222712ecd_art_4_19_part5:0.026172|Banklarda korporativ idarəetmə Standartları_art_2_7_part1:0.015625,1|3|2|7|5|4|17|14|19|,1|2|3|12|16|20|10|15|14|4
86,Daşınmaz əsas vəsaitin hissə-hissə ödənilməsi yolu ilə satışına yalnız hansı şərtlərlə yol verilir?,Azərbaycan Respublikasının Mərkəzi Bankı - Bankların əsas vəsaitlərlə (əmlakla) apardıqları əməliyyatların tənzimlənməsi Qaydaları_art_7_8,Azərbaycan Respublikasının Mərkəzi Bankı - Bankların əsas vəsaitlərlə (əmlakla) apardıqları əməliyyatların tənzimlənməsi Qaydaları_art_7_8|Azərbaycan Respublikasının Mərkəzi Bankı - Bankların əsas vəsaitlərlə (əmlakla) apardıqları əməliyyatların tənzimlənməsi Qaydaları_art_6_7|Azərbaycan Respublikasının Mərkəzi Bankı - Bankların əsas vəsaitlərlə (əmlakla) apardıqları əməliyyatların tənzimlənməsi Qaydaları_art_5_6|590-IIQ-Banklar haqqında_ch_III_art_2_34|Banklar Haqqında Qanun_ch_VIII_81_part7|Banklar Haqqında Qanun_ch_III_art_2_34|Banklar Haqqında Qanun_ch_X_art_81_124|590-IIQ-Banklar haqqında_ch_X_art_81_129|f15fd85d-3c4e-4d87-aa78-8367ca166daf_art_2_6|Cinayət yolu ilə əldə edilmiş əmlakın leqallaşdırılmasına və terrorçuluğun maliyyələşdirilməsinə qarşı mübarizə haqqında_art_1_2_part1,Azərbaycan Respublikasının Mərkəzi Bankı - Bankların əsas vəsaitlərlə (əmlakla) apardıqları əməliyyatların tənzimlənməsi Qaydaları_art_7_8:0.032787|Azərbaycan Respublikasının Mərkəzi Bankı - Bankların əsas vəsaitlərlə (əmlakla) apardıqları əməliyyatların tənzimlənməsi Qaydaları_art_6_7:0.032258|Azərbaycan Respublikasının Mərkəzi Bankı - Bankların əsas vəsaitlərlə (əmlakla) apardıqları əməliyyatların tənzimlənməsi Qaydaları_art_5_6:0.031746|590-IIQ-Banklar haqqında_ch_III_art_2_34:0.015625|Banklar Haqqında Qanun_ch_VIII_81_part7:0.015625|Banklar Haqqında Qanun_ch_III_art_2_34:0.015385|Banklar Haqqında Qanun_ch_X_art_81_124:0.015385|590-IIQ-Banklar haqqında_ch_X_art_81_129:0.015152|f15fd85d-3c4e-4d87-aa78-8367ca166daf_art_2_6:0.015152|Cinayət yolu ilə əldə edilmiş əmlakın leqallaşdırılmasına və terrorçuluğun maliyyələşdirilməsinə qarşı mübarizə haqqında_art_1_2_part1:0.014925,1|2|3||4||5|6||7,1|2|3|4||5|||6|
87,"Ləğvedici kreditordan asılı səbəblərdən öhdəliyi yerinə yetirə bilmədikdə, ödənilməmiş məbləğ hara köçürülməlidir?",_Dövlət qeydiyyatına alınmışdır__art_13_14_part2,_Dövlət qeydiyyatına alınmışdır__art_13_14_part2|_Dövlət qeydiyyatına alınmışdır__art_13_14_part1|590-IIQ-Banklar haqqında_ch_X_art_87_135|Banklar Haqqında Qanun_ch_X_art_87_130|_Dövlət qeydiyyatına alınmışdır__art_12_13|Dənizkənarı Bulvar İdarəsinin fəaliyyətinin təmin edilməsi haqqında_art_31_37|_Dövlət qeydiyyatına alınmışdır__art_11_12|6c51a485-6986-4257-b6e0-25475732f1dc_art_2_6|590-IIQ-Banklar haqqında_ch_VIII_art_57_89|Banklar Haqqında Qanun_ch_X_art_81_124,_Dövlət qeydiyyatına alınmışdır__art_13_14_part2:0.032787|_Dövlət qeydiyyatına alınmışdır__art_13_14_part1:0.031754|590-IIQ-Banklar haqqında_ch_X_art_87_135:0.030331|Banklar Haqqında Qanun_ch_X_art_87_130:0.029877|_Dövlət qeydiyyatına alınmışdır__art_12_13:0.016129|Dənizkənarı Bulvar İdarəsinin fəaliyyətinin təmin edilməsi haqqında_art_31_37:0.015873|_Dövlət qeydiyyatına alınmışdır__art_11_12:0.015873|6c51a485-6986-4257-b6e0-25475732f1dc_art_2_6:0.015385|590-IIQ-Banklar haqqında_ch_VIII_art_57_89:0.015152|Banklar Haqqında Qanun_ch_X_art_81_124:0.015152,1|2|4|5||3|||6|,1|4|8|9|2||3|5||6
88,Makroprudensial alətlərin seçilməsi mərhələsində hansı amillərə uyğun olaraq alətlər müəyyən edilir?,a416bd5767831ef5222712ecd_art_2_17,a416bd5767831ef5222712ecd_art_2_17|a416bd5767831ef5222712ecd_art_4_19_part2|a416bd5767831ef5222712ecd_art_4_19_part1|a416bd5767831ef5222712ecd_art_2_3|a416bd5767831ef5222712ecd_art_4_19_part5|a416bd5767831ef5222712ecd_art_4_19_part6|a416bd5767831ef5222712ecd_art_6_13_part1|a416bd5767831ef5222712ecd_art_3_18|a416bd5767831ef5222712ecd_art_4_27_part2|a416bd5767831ef5222712ecd_art_4_19_part3,a416bd5767831ef5222712ecd_art_2_17:0.032787|a416bd5767831ef5222712ecd_art_4_19_part2:0.031258|a416bd5767831ef5222712ecd_art_4_19_part1:0.031054|a416bd5767831ef5222712ecd_art_2_3:0.030415|a416bd5767831ef5222712ecd_art_4_19_part5:0.030118|a416bd5767831ef5222712ecd_art_4_19_part6:0.029877|a416bd5767831ef5222712ecd_art_6_13_part1:0.029857|a416bd5767831ef5222712ecd_art_3_18:0.029572|a416bd5767831ef5222712ecd_art_4_27_part2:0.029324|a416bd5767831ef5222712ecd_art_4_19_part3:0.029010,1|5|2|10|4|9|8|3|13|7,1|3|7|2|9|5|6|13|4|11
89,İnvestisiya şirkətinin nizamnamə kapitalının formalaşdırılması zamanı daxil olmuş pul vəsaitləri emissiyanın yekunları təsdiqlənənədək harada saxlanıla bilər?,“Qiymətli kağızlar bazarında lisenziyalaşdırılan şəxslərin nizamnamə kapitalının minimum miqdarı və onun formalaşdırılması haqqında Qaydalar”ın təsdiq edilməsi barədə_art_3_4,“Qiymətli kağızlar bazarında lisenziyalaşdırılan şəxslərin nizamnamə kapitalının minimum miqdarı və onun formalaşdırılması haqqında Qaydalar”ın təsdiq edilməsi barədə_art_3_4|“İnvestisiya şirkətinin davamlı kapital tələbləri haqqında Qaydalar”ın təsdiq edilməsi barədə_art_4_12_part1|64b6f05f-196b-4894-9374-9e5c1c4df7a2_art_4_68|Bank Hesabları Qaydası_art_4_68|“Qiymətli kağızlar bazarında lisenziyalaşdırılan şəxslərin nizamnamə kapitalının minimum miqdarı və onun formalaşdırılması haqqında Qaydalar”ın təsdiq edilməsi barədə_art_2_3|“İnvestisiya şirkətinin davamlı kapital tələbləri haqqında Qaydalar”ın təsdiq edilməsi barədə_art_9_20_part1|“Qiymətli kağızlar bazarında lisenziyalaşdırılan şəxslərin nizamnamə kapitalının minimum miqdarı və onun formalaşdırılması haqqında Qaydalar”ın təsdiq edilməsi barədə_art_1_2|Azərbaycan Respublikası Prezidentinin Fərmanı_art_15_25_part1|Azərbaycan Respublikası Prezidentinin Fərmanı_art_15_25_part2|“Azərbaycan Respublikasının bank sistemində arxiv işinin aparılması haqqında Təlimat”ın təsdiq edilməsi barədə_art_61_78,“Qiymətli kağızlar bazarında lisenziyalaşdırılan şəxslərin nizamnamə kapitalının minimum miqdarı və onun formalaşdırılması haqqında Qaydalar”ın təsdiq edilməsi barədə_art_3_4:0.032787|“İnvestisiya şirkətinin davamlı kapital tələbləri haqqında Qaydalar”ın təsdiq edilməsi barədə_art_4_12_part1:0.032002|64b6f05f-196b-4894-9374-9e5c1c4df7a2_art_4_68:0.030536|Bank Hesabları Qaydası_art_4_68:0.030077|“Qiymətli kağızlar bazarında lisenziyalaşdırılan şəxslərin nizamnamə kapitalının minimum miqdarı və onun formalaşdırılması haqqında Qaydalar”ın təsdiq edilməsi barədə_art_2_3:0.029462|“İnvestisiya şirkətinin davamlı kapital tələbləri haqqında Qaydalar”ın təsdiq edilməsi barədə_art_9_20_part1:0.029083|“Qiymətli kağızlar bazarında lisenziyalaşdırılan şəxslərin nizamnamə kapitalının minimum miqdarı və onun formalaşdırılması haqqında Qaydalar”ın təsdiq edilməsi barədə_art_1_2:0.028783|Azərbaycan Respublikası Prezidentinin Fərmanı_art_15_25_part1:0.028175|Azərbaycan Respublikası Prezidentinin Fərmanı_art_15_25_part2:0.015873|“Azərbaycan Respublikasının bank sistemində arxiv işinin aparılması haqqında Təlimat”ın təsdiq edilməsi barədə_art_61_78:0.015625,1|2|5|6|15|13|4|10|3|,1|3|6|7|2|5|16|12||4
90,Pərakəndə risklər üzrə risk çəkisinin 75% olaraq müəyyən edilməsi üçün hansı şərtlərin hamısı ödənilməlidir?,“İnvestisiya şirkətinin davamlı kapital tələbləri haqqında Qaydalar”ın təsdiq edilməsi barədə_art_5_14,“İnvestisiya şirkətinin davamlı kapital tələbləri haqqında Qaydalar”ın təsdiq edilməsi barədə_art_5_14|“İnvestisiya şirkətinin davamlı kapital tələbləri haqqında Qaydalar”ın təsdiq edilməsi barədə_art_6_15_part1|Müştəri Uyğunluğu və Risk Qiymətləndirməsi Qaydaları_art_3_8_part1|İstehlakçıların hüquqlarının müdafiəsi haqqında_ch_V_art_29_94|f15fd85d-3c4e-4d87-aa78-8367ca166daf_art_5_10_part2|1dfb892e-6204-4404-9166-c861f06996fa_art_7_13_part1|511cdc58f232d5d9395551ae8_art_3_12|8a4d0220-9312-4ef2-88e8-c65b607a186a_art_5_12_part1|faa09ce5-3d98-48b1-ac48-e81ca3d9d4e7_art_5_12_part1|d290a5c47f251d932318feaec_art_5_7,“İnvestisiya şirkətinin davamlı kapital tələbləri haqqında Qaydalar”ın təsdiq edilməsi barədə_art_5_14:0.032787|“İnvestisiya şirkətinin davamlı kapital tələbləri haqqında Qaydalar”ın təsdiq edilməsi barədə_art_6_15_part1:0.028898|Müştəri Uyğunluğu və Risk Qiymətləndirməsi Qaydaları_art_3_8_part1:0.028283|İstehlakçıların hüquqlarının müdafiəsi haqqında_ch_V_art_29_94:0.016129|f15fd85d-3c4e-4d87-aa78-8367ca166daf_art_5_10_part2:0.016129|1dfb892e-6204-4404-9166-c861f06996fa_art_7_13_part1:0.015873|511cdc58f232d5d9395551ae8_art_3_12:0.015873|8a4d0220-9312-4ef2-88e8-c65b607a186a_art_5_12_part1:0.015625|faa09ce5-3d98-48b1-ac48-e81ca3d9d4e7_art_5_12_part1:0.015385|d290a5c47f251d932318feaec_art_5_7:0.015152,1|14|19||2|3||4|5|,1|5|4|2|||3|||6
91,Kredit ittifaqının üzvlərinə verdiyi təminatsız kreditlərin maksimum məbləği normativi hansı həddə bərabər və ya ondan çox olmalıdır?,“Kredit ittifaqlarının prudensial tənzimlənməsi Qaydaları”nın təsdiq edilməsi haqqında_art_8_12,“Kredit ittifaqlarının prudensial tənzimlənməsi Qaydaları”nın təsdiq edilməsi haqqında_art_8_12|“Kredit ittifaqlarının prudensial tənzimlənməsi Qaydaları”nın təsdiq edilməsi haqqında_art_7_11|“Kredit ittifaqlarının prudensial tənzimlənməsi Qaydaları”nın təsdiq edilməsi haqqında_art_10_29|“Kredit ittifaqlarının prudensial tənzimlənməsi Qaydaları”nın təsdiq edilməsi haqqında_art_3_7|“Kredit ittifaqlarının prudensial tənzimlənməsi Qaydaları”nın təsdiq edilməsi haqqında_art_5_9|f15fd85d-3c4e-4d87-aa78-8367ca166daf_art_4_8_part1|f15fd85d-3c4e-4d87-aa78-8367ca166daf_art_4_8_part2|6c51a485-6986-4257-b6e0-25475732f1dc_art_7_11|“Kredit ittifaqlarının prudensial tənzimlənməsi Qaydaları”nın təsdiq edilməsi haqqında_art_6_10|Banklarda əməliyyat risklərinin idarə edilməsi Qaydası_art_3_8_part1,“Kredit ittifaqlarının prudensial tənzimlənməsi Qaydaları”nın təsdiq edilməsi haqqında_art_8_12:0.032787|“Kredit ittifaqlarının prudensial tənzimlənməsi Qaydaları”nın təsdiq edilməsi haqqında_art_7_11:0.031498|“Kredit ittifaqlarının prudensial tənzimlənməsi Qaydaları”nın təsdiq edilməsi haqqında_art_10_29:0.031281|“Kredit ittifaqlarının prudensial tənzimlənməsi Qaydaları”nın təsdiq edilməsi haqqında_art_3_7:0.031281|“Kredit ittifaqlarının prudensial tənzimlənməsi Qaydaları”nın təsdiq edilməsi haqqında_art_5_9:0.030331|f15fd85d-3c4e-4d87-aa78-8367ca166daf_art_4_8_part1:0.028624|f15fd85d-3c4e-4d87-aa78-8367ca166daf_art_4_8_part2:0.027799|6c51a485-6986-4257-b6e0-25475732f1dc_art_7_11:0.027778|“Kredit ittifaqlarının prudensial tənzimlənməsi Qaydaları”nın təsdiq edilməsi haqqında_art_6_10:0.015873|Banklarda əməliyyat risklərinin idarə edilməsi Qaydası_art_3_8_part1:0.015385,1|3|6|2|4|13|14|12||5,1|4|2|6|8|7|10|12|3|
92,İcarəyə verən tərəfindən maliyyə hesabatlarında maliyyə icarəsi üzrə hansı məlumatlar açıqlanmalıdır?,05dc79d9-43f7-4a71-aa62-709a43c03f7d_art_6_7,05dc79d9-43f7-4a71-aa62-709a43c03f7d_art_4_5|05dc79d9-43f7-4a71-aa62-709a43c03f7d_art_6_7|05dc79d9-43f7-4a71-aa62-709a43c03f7d_art_5_6|05dc79d9-43f7-4a71-aa62-709a43c03f7d_art_3_4|05dc79d9-43f7-4a71-aa62-709a43c03f7d_art_2_3|“Dövlət qeydiyyatına alınmışdır_art_9_13|“Dövlət qeydiyyatına alınmışdır_art_15_20|Azərbaycan Respublikası Prezidentinin Fərmanı_art_15_25_part2|“Dövlət qeydiyyatına alınmışdır_art_13_18|Azərbaycan Respublikası Prezidentinin Fərmanı_art_15_25_part1,05dc79d9-43f7-4a71-aa62-709a43c03f7d_art_4_5:0.032522|05dc79d9-43f7-4a71-aa62-709a43c03f7d_art_6_7:0.032522|05dc79d9-43f7-4a71-aa62-709a43c03f7d_art_5_6:0.031746|05dc79d9-43f7-4a71-aa62-709a43c03f7d_art_3_4:0.031250|05dc79d9-43f7-4a71-aa62-709a43c03f7d_art_2_3:0.030090|“Dövlət qeydiyyatına alınmışdır_art_9_13:0.029877|“Dövlət qeydiyyatına alınmışdır_art_15_20:0.027425|Azərbaycan Respublikası Prezidentinin Fərmanı_art_15_25_part2:0.015152|“Dövlət qeydiyyatına alınmışdır_art_13_18:0.015152|Azərbaycan Respublikası Prezidentinin Fərmanı_art_15_25_part1:0.014925,2|1|3|4|5|9|20|6||7,1|2|3|4|8|5|7||6|
93,İnformasiya sisteminə valyuta mübadiləsi əməliyyatlarına dair hansı məlumatlar daxil edilir?,3df76b8c-0902-46c3-86d9-7274e5a85bfa_art_7_11_part1,3df76b8c-0902-46c3-86d9-7274e5a85bfa_art_7_11_part1|3df76b8c-0902-46c3-86d9-7274e5a85bfa_art_1_5|096312ee-c41c-4c1f-9edd-baf5f3187758_art_7_25|3df76b8c-0902-46c3-86d9-7274e5a85bfa_art_2_3|Valyuta tənzimi haqqında_art_16_101|096312ee-c41c-4c1f-9edd-baf5f3187758_art_6_24|3df76b8c-0902-46c3-86d9-7274e5a85bfa_art_9_15|3df76b8c-0902-46c3-86d9-7274e5a85bfa_art_7_11_part2|096312ee-c41c-4c1f-9edd-baf5f3187758_art_13_46_part2|096312ee-c41c-4c1f-9edd-baf5f3187758_art_11_58,3df76b8c-0902-46c3-86d9-7274e5a85bfa_art_7_11_part1:0.032787|3df76b8c-0902-46c3-86d9-7274e5a85bfa_art_1_5:0.032258|096312ee-c41c-4c1f-9edd-baf5f3187758_art_7_25:0.031010|3df76b8c-0902-46c3-86d9-7274e5a85bfa_art_2_3:0.030777|Valyuta tənzimi haqqında_art_16_101:0.030159|096312ee-c41c-4c1f-9edd-baf5f3187758_art_6_24:0.029418|3df76b8c-0902-46c3-86d9-7274e5a85bfa_art_9_15:0.028860|3df76b8c-0902-46c3-86d9-7274e5a85bfa_art_7_11_part2:0.028485|096312ee-c41c-4c1f-9edd-baf5f3187758_art_13_46_part2:0.027783|096312ee-c41c-4c1f-9edd-baf5f3187758_art_11_58:0.027402,1|2|5|4|3|7|17|6|11|14,1|2|4|6|10|9|3|15|13|12
94,Mənfəət və ya zərər hesablarında ədalətli dəyərlə ölçülmüş kredit portfeli hansı valyutada və hansı ölçü vahidində göstərilir?,93968292987fc27975a90fcfd_art_4_38,93968292987fc27975a90fcfd_art_4_34|93968292987fc27975a90fcfd_art_3_53|93968292987fc27975a90fcfd_art_4_38|93968292987fc27975a90fcfd_art_3_56|93968292987fc27975a90fcfd_art_4_26|93968292987fc27975a90fcfd_art_2_58|93968292987fc27975a90fcfd_art_4_30|93968292987fc27975a90fcfd_art_4_22|beaf2f3b-d7c9-4377-8d69-d29758699119_art_6_36_part1|09b9304488242be054f8c2eb6_intro_1_part14,93968292987fc27975a90fcfd_art_4_34:0.032522|93968292987fc27975a90fcfd_art_3_53:0.032266|93968292987fc27975a90fcfd_art_4_38:0.031754|93968292987fc27975a90fcfd_art_3_56:0.031498|93968292987fc27975a90fcfd_art_4_26:0.030303|93968292987fc27975a90fcfd_art_2_58:0.030090|93968292987fc27975a90fcfd_art_4_30:0.030090|93968292987fc27975a90fcfd_art_4_22:0.014925|beaf2f3b-d7c9-4377-8d69-d29758699119_art_6_36_part1:0.014925|09b9304488242be054f8c2eb6_intro_1_part14:0.014493,2|1|4|3|6|8|5|7||9,1|3|2|4|6|5|8||7|
95,Statistik vahid nağd xarici valyuta əməliyyatları hesabatını Mərkəzi Banka hansı müddətdə təqdim etməlidir?,Azərbaycan Respublikası Prezidentinin Fərmanı_art_3_9_part1,Azərbaycan Respublikası Prezidentinin Fərmanı_art_3_9_part1|Azərbaycan Respublikası Prezidentinin Fərmanı_intro_1|Azərbaycan Respublikası Prezidentinin Fərmanı_art_1_4|Azərbaycan Respublikası Prezidentinin Fərmanı_art_2_5_part1|Azərbaycan Respublikası Prezidentinin Fərmanı_art_4_14_part1|“Azərbaycan Respublikası rezidentlərinin qeyri-rezidentlərlə maliyyə əməliyyatlarına və neytral əməliyyatlara dair hesabatın tərtibi və təqdim edilməsi haqqında Təlimat”ın təsdiq edilməsi barədə_art_3_8|Azərbaycan Respublikası Prezidentinin Fərmanı_art_2_5_part3|“Fiziki şəxslərin bank hesablarından Azərbaycan Respublikasından kənara köçürülən xarici valyuta haqqında statistik hesabatın tərtibi və təqdim edilməsinə dair Təlimat”ın təsdiq edilməsi barədə_art_3_6|Azərbaycan Respublikası Prezidentinin Fərmanı_art_2_3|096312ee-c41c-4c1f-9edd-baf5f3187758_art_7_25,Azərbaycan Respublikası Prezidentinin Fərmanı_art_3_9_part1:0.032522|Azərbaycan Respublikası Prezidentinin Fərmanı_intro_1:0.031010|Azərbaycan Respublikası Prezidentinin Fərmanı_art_1_4:0.030090|Azərbaycan Respublikası Prezidentinin Fərmanı_art_2_5_part1:0.029644|Azərbaycan Respublikası Prezidentinin Fərmanı_art_4_14_part1:0.029643|“Azərbaycan Respublikası rezidentlərinin qeyri-rezidentlərlə maliyyə əməliyyatlarına və neytral əməliyyatlara dair hesabatın tərtibi və təqdim edilməsi haqqında Təlimat”ın təsdiq edilməsi barədə_art_3_8:0.029324|Azərbaycan Respublikası Prezidentinin Fərmanı_art_2_5_part3:0.029214|“Fiziki şəxslərin bank hesablarından Azərbaycan Respublikasından kənara köçürülən xarici valyuta haqqında statistik hesabatın tərtibi və təqdim edilməsinə dair Təlimat”ın təsdiq edilməsi barədə_art_3_6:0.029206|Azərbaycan Respublikası Prezidentinin Fərmanı_art_2_3:0.028577|096312ee-c41c-4c1f-9edd-baf5f3187758_art_7_25:0.026786,1|5|8|9|2|4|18|3|11|10,2|4|5|6|14|13|1|15|9|20
96,Əmanətlər üzrə hesablanmış faizlərin ödənilməsi zamanı hansı mühasibat yazılışı verilir?,Azərbaycan Respublikasının Mərkəzi Bankı - Azərbaycan Respublikasının Bank sistemində əmanətlərin (depozitlərin) uçot Qaydaları_art_3_7,Azərbaycan Respublikasının Mərkəzi Bankı - Azərbaycan Respublikasının Bank sistemində əmanətlərin (depozitlərin) uçot Qaydaları_art_3_7|Azərbaycan Respublikasının Mərkəzi Bankı - Azərbaycan Respublikasının Bank sistemində əmanətlərin (depozitlərin) uçot Qaydaları_art_2_6|Azərbaycan Respublikasının Mərkəzi Bankı - Azərbaycan Respublikasının Bank sistemində əmanətlərin (depozitlərin) uçot Qaydaları_art_1_5|Azərbaycan Respublikasının Mərkəzi Bankı - Azərbaycan Respublikasının Bank sistemində əmanətlərin (depozitlərin) uçot Qaydaları_art_4_8|Azərbaycan Respublikasının Mərkəzi Bankı - Azərbaycan Respublikasının Bank sistemində əmanətlərin (depozitlərin) uçot Qaydaları_art_1_2|Azərbaycan Respublikasının Mərkəzi Bankı - Azərbaycan Respublikasının Bank sistemində əmanətlərin (depozitlərin) uçot Qaydaları_art_2_3|“Kredit ittifaqlarının prudensial tənzimlənməsi Qaydaları”nın təsdiq edilməsi haqqında_art_6_10|Azərbaycan Respublikasının Mərkəzi Bankı - Azərbaycan Respublikasının bank sistemində ödəniş vasitələrinin maliyyə hesabatlarında uçotu Qaydaları_art_5_7|“Kredit ittifaqlarının prudensial tənzimlənməsi Qaydaları”nın təsdiq edilməsi haqqında_art_2_21|Azərbaycan Respublikasının Mərkəzi Bankı - Azərbaycan Respublikasının bank sistemində ödəniş vasitələrinin maliyyə hesabatlarında uçotu Qaydaları_art_4_6,Azərbaycan Respublikasının Mərkəzi Bankı - Azərbaycan Respublikasının Bank sistemində əmanətlərin (depozitlərin) uçot Qaydaları_art_3_7:0.032787|Azərbaycan Respublikasının Mərkəzi Bankı - Azərbaycan Respublikasının Bank sistemində əmanətlərin (depozitlərin) uçot Qaydaları_art_2_6:0.032258|Azərbaycan Respublikasının Mərkəzi Bankı - Azərbaycan Respublikasının Bank sistemində əmanətlərin (depozitlərin) uçot Qaydaları_art_1_5:0.031010|Azərbaycan Respublikasının Mərkəzi Bankı - Azərbaycan Respublikasının Bank sistemində əmanətlərin (depozitlərin) uçot Qaydaları_art_4_8:0.030303|Azərbaycan Respublikasının Mərkəzi Bankı - Azərbaycan Respublikasının Bank sistemində əmanətlərin (depozitlərin) uçot Qaydaları_art_1_2:0.028175|Azərbaycan Respublikasının Mərkəzi Bankı - Azərbaycan Respublikasının Bank sistemində əmanətlərin (depozitlərin) uçot Qaydaları_art_2_3:0.015873|“Kredit ittifaqlarının prudensial tənzimlənməsi Qaydaları”nın təsdiq edilməsi haqqında_art_6_10:0.015873|Azərbaycan Respublikasının Mərkəzi Bankı - Azərbaycan Respublikasının bank sistemində ödəniş vasitələrinin maliyyə hesabatlarında uçotu Qaydaları_art_5_7:0.015625|“Kredit ittifaqlarının prudensial tənzimlənməsi Qaydaları”nın təsdiq edilməsi haqqında_art_2_21:0.015385|Azərbaycan Respublikasının Mərkəzi Bankı - Azərbaycan Respublikasının bank sistemində ödəniş vasitələrinin maliyyə hesabatlarında uçotu Qaydaları_art_4_6:0.014925,1|2|4|6|12|3|||5|,1|2|5|6|10||3|4||7
97,Baş kitabın bankın idarə olunmasında hansı əsas funksiyaları var və o hansı istifadəçilər üçün hesabatların əsasını təşkil edir?,_Dövlət qeydiyyatına alınmışdır_art_13_22,_Dövlət qeydiyyatına alınmışdır_art_8_10_part2|_Dövlət qeydiyyatına alınmışdır_art_13_22|Banklarda korporativ idarəetmə Standartları_art_12_22|_Dövlət qeydiyyatına alınmışdır_art_7_9|_Dövlət qeydiyyatına alınmışdır_art_8_10_part1|“Dövlət qeydiyyatına alınmışdır_art_15_20|Əməliyyat Risklərinin İdarə Edilməsi Qaydası_art_6_11_part1|Banklarda korporativ idarəetmə Standartları_art_15_27|Banklarda korporativ idarəetmə Standartları_art_3_9_part2|_Dövlət qeydiyyatına alınmışdır_art_10_14_part2,_Dövlət qeydiyyatına alınmışdır_art_8_10_part2:0.032522|_Dövlət qeydiyyatına alınmışdır_art_13_22:0.031099|Banklarda korporativ idarəetmə Standartları_art_12_22:0.030550|_Dövlət qeydiyyatına alınmışdır_art_7_9:0.029031|_Dövlət qeydiyyatına alınmışdır_art_8_10_part1:0.028694|“Dövlət qeydiyyatına alınmışdır_art_15_20:0.016129|Əməliyyat Risklərinin İdarə Edilməsi Qaydası_art_6_11_part1:0.015625|Banklarda korporativ idarəetmə Standartları_art_15_27:0.015385|Banklarda korporativ idarəetmə Standartları_art_3_9_part2:0.015385|_Dövlət qeydiyyatına alınmışdır_art_10_14_part2:0.015152,2|1|4|3|18||||5|6,1|8|7|16|3|2|4|5||
98,"Banklar maliyyə hesabatlarının surətini ""Audit hesabatı"" ilə birlikdə Milli Banka hansı müddət ərzində təqdim etməlidirlər?",«Dövlət qeydiyyatına alınmışdır»_art_8_8,«Dövlət qeydiyyatına alınmışdır»_art_8_8|Banklar Haqqında Qanun_ch_V_art_45_66|590-IIQ-Banklar haqqında_ch_V_art_45_66|590-IIQ-Banklar haqqında_ch_X_art_4_191_part1|Banklar Haqqında Qanun_ch_XI_art_4_185_part1|“Dövlət qeydiyyatına alınmışdır_art_9_13|AZƏRBAYCAN RESPUBLİKASININ QANUNU_ch_III_art_3_76|AZƏRBAYCAN RESPUBLİKASININ QANUNU_ch_III_art_4_77|933-IIIQ-Bank olmayan kredit təşkilatları haqqında_ch_IV_art_20_28|“Dövlət qeydiyyatına alınmışdır_art_1_2,«Dövlət qeydiyyatına alınmışdır»_art_8_8:0.032787|Banklar Haqqında Qanun_ch_V_art_45_66:0.031754|590-IIQ-Banklar haqqında_ch_V_art_45_66:0.031746|590-IIQ-Banklar haqqında_ch_X_art_4_191_part1:0.029469|Banklar Haqqında Qanun_ch_XI_art_4_185_part1:0.029139|“Dövlət qeydiyyatına alınmışdır_art_9_13:0.028986|AZƏRBAYCAN RESPUBLİKASININ QANUNU_ch_III_art_3_76:0.027810|AZƏRBAYCAN RESPUBLİKASININ QANUNU_ch_III_art_4_77:0.016129|933-IIIQ-Bank olmayan kredit təşkilatları haqqında_ch_IV_art_20_28:0.015385|“Dövlət qeydiyyatına alınmışdır_art_1_2:0.015152,1|2|3|5|4|9|6|||,1|4|3|11|14|9|19|2|5|6
99,Texniki və təmir xidmətləri üzrə daxilolmalar və ödənişlər hansı kodlarla təsnif edilir?,“Azərbaycan Respublikası rezidentlərinin qeyri-rezidentlərlə maliyyə əməliyyatlarına və neytral əməliyyatlara dair hesabatın tərtibi və təqdim edilməsi haqqında Təlimat”ın təsdiq edilməsi barədə_art_3_54,“Azərbaycan Respublikası rezidentlərinin qeyri-rezidentlərlə maliyyə əməliyyatlarına və neytral əməliyyatlara dair hesabatın tərtibi və təqdim edilməsi haqqında Təlimat”ın təsdiq edilməsi barədə_art_3_419|“Azərbaycan Respublikası rezidentlərinin qeyri-rezidentlərlə maliyyə əməliyyatlarına və neytral əməliyyatlara dair hesabatın tərtibi və təqdim edilməsi haqqında Təlimat”ın təsdiq edilməsi barədə_art_3_54|“Azərbaycan Respublikası rezidentlərinin qeyri-rezidentlərlə maliyyə əməliyyatlarına və neytral əməliyyatlara dair hesabatın tərtibi və təqdim edilməsi haqqında Təlimat”ın təsdiq edilməsi barədə_art_54_461|Dənizkənarı Bulvar İdarəsinin fəaliyyətinin təmin edilməsi haqqında_art_3_7_part1|Dənizkənarı Bulvar İdarəsinin fəaliyyətinin təmin edilməsi haqqında_art_1_2_part2|“Azərbaycan Respublikası rezidentlərinin qeyri-rezidentlərlə maliyyə əməliyyatlarına və neytral əməliyyatlara dair hesabatın tərtibi və təqdim edilməsi haqqında Təlimat”ın təsdiq edilməsi barədə_art_62_113|“Azərbaycan Respublikası rezidentlərinin qeyri-rezidentlərlə maliyyə əməliyyatlarına və neytral əməliyyatlara dair hesabatın tərtibi və təqdim edilməsi haqqında Təlimat”ın təsdiq edilməsi barədə_art_123_376_part4|“Azərbaycan Respublikası rezidentlərinin qeyri-rezidentlərlə maliyyə əməliyyatlarına və neytral əməliyyatlara dair hesabatın tərtibi və təqdim edilməsi haqqında Təlimat”ın təsdiq edilməsi barədə_art_65_116|İstehlakçıların hüquqlarının müdafiəsi haqqında_ch_II_art_4_12|93968292987fc27975a90fcfd_art_3_4_part2,“Azərbaycan Respublikası rezidentlərinin qeyri-rezidentlərlə maliyyə əməliyyatlarına və neytral əməliyyatlara dair hesabatın tərtibi və təqdim edilməsi haqqında Təlimat”ın təsdiq edilməsi barədə_art_3_419:0.032522|“Azərbaycan Respublikası rezidentlərinin qeyri-rezidentlərlə maliyyə əməliyyatlarına və neytral əməliyyatlara dair hesabatın tərtibi və təqdim edilməsi haqqında Təlimat”ın təsdiq edilməsi barədə_art_3_54:0.032522|“Azərbaycan Respublikası rezidentlərinin qeyri-rezidentlərlə maliyyə əməliyyatlarına və neytral əməliyyatlara dair hesabatın tərtibi və təqdim edilməsi haqqında Təlimat”ın təsdiq edilməsi barədə_art_54_461:0.031746|Dənizkənarı Bulvar İdarəsinin fəaliyyətinin təmin edilməsi haqqında_art_3_7_part1:0.029040|Dənizkənarı Bulvar İdarəsinin fəaliyyətinin təmin edilməsi haqqında_art_1_2_part2:0.015625|“Azərbaycan Respublikası rezidentlərinin qeyri-rezidentlərlə maliyyə əməliyyatlarına və neytral əməliyyatlara dair hesabatın tərtibi və təqdim edilməsi haqqında Təlimat”ın təsdiq edilməsi barədə_art_62_113:0.015625|“Azərbaycan Respublikası rezidentlərinin qeyri-rezidentlərlə maliyyə əməliyyatlarına və neytral əməliyyatlara dair hesabatın tərtibi və təqdim edilməsi haqqında Təlimat”ın təsdiq edilməsi barədə_art_123_376_part4:0.015385|“Azərbaycan Respublikası rezidentlərinin qeyri-rezidentlərlə maliyyə əməliyyatlarına və neytral əməliyyatlara dair hesabatın tərtibi və təqdim edilməsi haqqında Təlimat”ın təsdiq edilməsi barədə_art_65_116:0.015385|İstehlakçıların hüquqlarının müdafiəsi haqqında_ch_II_art_4_12:0.015152|93968292987fc27975a90fcfd_art_3_4_part2:0.014925,1|2|3|6|4||5|||,2|1|3|12||4||5|6|7
100,Mənfəət və zərər haqqında hesabatda gəlir və xərc maddələri hansı hallarda əvəzləşdirilə bilər?,“Dövlət qeydiyyatına alınmışdır_art_12_17,“Dövlət qeydiyyatına alınmışdır_art_12_17|“Dövlət qeydiyyatına alınmışdır_art_5_8_part2|“Dövlət qeydiyyatına alınmışdır_art_4_6_part2|“Dövlət qeydiyyatına alınmışdır_art_4_6_part1|“Dövlət qeydiyyatına alınmışdır_art_5_8_part1|Banklarda korporativ idarəetmə Standartları_art_1_37_part1|93968292987fc27975a90fcfd_art_3_56|beaf2f3b-d7c9-4377-8d69-d29758699119_art_6_36_part1|“Dövlət qeydiyyatına alınmışdır_art_6_10|802-IIQ-Azərbaycan Respublikasının Mərkəzi Bankı haqqında_ch_IX_art_57_120_part1,“Dövlət qeydiyyatına alınmışdır_art_12_17:0.032787|“Dövlət qeydiyyatına alınmışdır_art_5_8_part2:0.032258|“Dövlət qeydiyyatına alınmışdır_art_4_6_part2:0.031498|“Dövlət qeydiyyatına alınmışdır_art_4_6_part1:0.030090|“Dövlət qeydiyyatına alınmışdır_art_5_8_part1:0.028783|Banklarda korporativ idarəetmə Standartları_art_1_37_part1:0.028595|93968292987fc27975a90fcfd_art_3_56:0.027598|beaf2f3b-d7c9-4377-8d69-d29758699119_art_6_36_part1:0.027212|“Dövlət qeydiyyatına alınmışdır_art_6_10:0.025808|802-IIQ-Azərbaycan Respublikasının Mərkəzi Bankı haqqında_ch_IX_art_57_120_part1:0.015873,1|2|4|8|16|12|14|13|17|3,1|2|3|5|4|8|11|14|18|
101,Təxirə salınmış xərclər hesabında hansı xərclərin uçotu aparılır və bu xərclər necə uçotdan silinir?,“Dövlət qeydiyyatına alınmışdır”_art_3_4,“Dövlət qeydiyyatına alınmışdır”_art_3_4|05dc79d9-43f7-4a71-aa62-709a43c03f7d_art_5_6|“QEYDƏ ALINMIŞDIR” “TƏSDİQ EDİRƏM”_art_4_5|“Dövlət qeydiyyatına alınmışdır_art_5_8_part2|05dc79d9-43f7-4a71-aa62-709a43c03f7d_art_4_5|“Kredit ittifaqlarının prudensial tənzimlənməsi Qaydaları”nın təsdiq edilməsi haqqında_art_5_27|Azərbaycan Respublikasının Mərkəzi Bankı - Azərbaycan Respublikasının bank sistemində ödəniş vasitələrinin maliyyə hesabatlarında uçotu Qaydaları_art_5_7|“Dövlət qeydiyyatına alınmışdır_art_7_11|6c51a485-6986-4257-b6e0-25475732f1dc_art_9_13_part1|Banklarda korporativ idarəetmə Standartları_art_1_37_part1,“Dövlət qeydiyyatına alınmışdır”_art_3_4:0.032787|05dc79d9-43f7-4a71-aa62-709a43c03f7d_art_5_6:0.030159|“QEYDƏ ALINMIŞDIR” “TƏSDİQ EDİRƏM”_art_4_5:0.029643|“Dövlət qeydiyyatına alınmışdır_art_5_8_part2:0.028860|05dc79d9-43f7-4a71-aa62-709a43c03f7d_art_4_5:0.028175|“Kredit ittifaqlarının prudensial tənzimlənməsi Qaydaları”nın təsdiq edilməsi haqqında_art_5_27:0.016129|Azərbaycan Respublikasının Mərkəzi Bankı - Azərbaycan Respublikasının bank sistemində ödəniş vasitələrinin maliyyə hesabatlarında uçotu Qaydaları_art_5_7:0.015625|“Dövlət qeydiyyatına alınmışdır_art_7_11:0.015625|6c51a485-6986-4257-b6e0-25475732f1dc_art_9_13_part1:0.015385|Banklarda korporativ idarəetmə Standartları_art_1_37_part1:0.015385,1|10|2|3|12||4||5|,1|3|14|17|10|2||4||5
102,Fiziki şəxslərin bank hesablarından hansı minimum məbləğdən başlayaraq xarici valyuta köçürmələri statistik hesabata daxil edilir?,“Fiziki şəxslərin bank hesablarından Azərbaycan Respublikasından kənara köçürülən xarici valyuta haqqında statistik hesabatın tərtibi və təqdim edilməsinə dair Təlimat”ın təsdiq edilməsi barədə_art_2_5,“Fiziki şəxslərin bank hesablarından Azərbaycan Respublikasından kənara köçürülən xarici valyuta haqqında statistik hesabatın tərtibi və təqdim edilməsinə dair Təlimat”ın təsdiq edilməsi barədə_art_1_4|Azərbaycan Respublikası Prezidentinin Fərmanı_art_2_12|“Fiziki şəxslərin bank hesablarından Azərbaycan Respublikasından kənara köçürülən xarici valyuta haqqında statistik hesabatın tərtibi və təqdim edilməsinə dair Təlimat”ın təsdiq edilməsi barədə_art_2_5|“Fiziki şəxslərin bank hesablarından Azərbaycan Respublikasından kənara köçürülən xarici valyuta haqqında statistik hesabatın tərtibi və təqdim edilməsinə dair Təlimat”ın təsdiq edilməsi barədə_art_3_6|“Fiziki şəxslərin bank hesablarından Azərbaycan Respublikasından kənara köçürülən xarici valyuta haqqında statistik hesabatın tərtibi və təqdim edilməsinə dair Təlimat”ın təsdiq edilməsi barədə_art_1_2|“Fiziki şəxslərin bank hesablarından Azərbaycan Respublikasından kənara köçürülən xarici valyuta haqqında statistik hesabatın tərtibi və təqdim edilməsinə dair Təlimat”ın təsdiq edilməsi barədə_intro_1|Azərbaycan Respublikası Prezidentinin Fərmanı_art_2_5_part3|“Azərbaycan Respublikası rezidentlərinin qeyri-rezidentlərlə maliyyə əməliyyatlarına və neytral əməliyyatlara dair hesabatın tərtibi və təqdim edilməsi haqqında Təlimat”ın təsdiq edilməsi barədə_art_2_6_part1|Azərbaycan Respublikası Prezidentinin Fərmanı_art_3_13|Azərbaycan Respublikası Prezidentinin Fərmanı_art_2_5_part2,“Fiziki şəxslərin bank hesablarından Azərbaycan Respublikasından kənara köçürülən xarici valyuta haqqında statistik hesabatın tərtibi və təqdim edilməsinə dair Təlimat”ın təsdiq edilməsi barədə_art_1_4:0.032266|Azərbaycan Respublikası Prezidentinin Fərmanı_art_2_12:0.031258|“Fiziki şəxslərin bank hesablarından Azərbaycan Respublikasından kənara köçürülən xarici valyuta haqqında statistik hesabatın tərtibi və təqdim edilməsinə dair Təlimat”ın təsdiq edilməsi barədə_art_2_5:0.030622|“Fiziki şəxslərin bank hesablarından Azərbaycan Respublikasından kənara köçürülən xarici valyuta haqqında statistik hesabatın tərtibi və təqdim edilməsinə dair Təlimat”ın təsdiq edilməsi barədə_art_3_6:0.030282|“Fiziki şəxslərin bank hesablarından Azərbaycan Respublikasından kənara köçürülən xarici valyuta haqqında statistik hesabatın tərtibi və təqdim edilməsinə dair Təlimat”ın təsdiq edilməsi barədə_art_1_2:0.029911|“Fiziki şəxslərin bank hesablarından Azərbaycan Respublikasından kənara köçürülən xarici valyuta haqqında statistik hesabatın tərtibi və təqdim edilməsinə dair Təlimat”ın təsdiq edilməsi barədə_intro_1:0.029857|Azərbaycan Respublikası Prezidentinin Fərmanı_art_2_5_part3:0.029670|“Azərbaycan Respublikası rezidentlərinin qeyri-rezidentlərlə maliyyə əməliyyatlarına və neytral əməliyyatlara dair hesabatın tərtibi və təqdim edilməsi haqqında Təlimat”ın təsdiq edilməsi barədə_art_2_6_part1:0.029631|Azərbaycan Respublikası Prezidentinin Fərmanı_art_3_13:0.029236|Azərbaycan Respublikası Prezidentinin Fərmanı_art_2_5_part2:0.028958,3|5|2|1|4|8|10|7|6|15,1|3|9|12|10|6|5|8|11|4
103,Balansdankənar əməliyyatlar bank riskinin mövcudluğuna görə hansı iki qrupa təsnifləşdirilir?,“QEYDƏ ALINMIŞDIR” “TƏSDİQ EDİRƏM”_art_3_4,“QEYDƏ ALINMIŞDIR” “TƏSDİQ EDİRƏM”_art_3_4|“QEYDƏ ALINMIŞDIR” “TƏSDİQ EDİRƏM”_art_4_5|Banklarda əməliyyat risklərinin idarə edilməsi Qaydası_art_3_8_part2|“QEYDƏ ALINMIŞDIR” “TƏSDİQ EDİRƏM”_art_2_3|ba0d73daa9275fa1fe1e4694b_intro_1_part20|Azərbaycan Respublikasının Mərkəzi Bankı - Azərbaycan Respublikasının bank sistemində ödəniş vasitələrinin maliyyə hesabatlarında uçotu Qaydaları_art_5_7|Azərbaycan Respublikasının Mərkəzi Bankı - Azərbaycan Respublikasının bank sistemində ödəniş vasitələrinin maliyyə hesabatlarında uçotu Qaydaları_art_2_3_part1|Əməliyyat Risklərinin İdarə Edilməsi Qaydası_art_2_6|Əməliyyat Risklərinin İdarə Edilməsi Qaydası_art_9_16_part3|baab9bc790127f849f8ac1040_intro_1_part22,“QEYDƏ ALINMIŞDIR” “TƏSDİQ EDİRƏM”_art_3_4:0.032787|“QEYDƏ ALINMIŞDIR” “TƏSDİQ EDİRƏM”_art_4_5:0.032002|Banklarda əməliyyat risklərinin idarə edilməsi Qaydası_art_3_8_part2:0.029236|“QEYDƏ ALINMIŞDIR” “TƏSDİQ EDİRƏM”_art_2_3:0.028629|ba0d73daa9275fa1fe1e4694b_intro_1_part20:0.028043|Azərbaycan Respublikasının Mərkəzi Bankı - Azərbaycan Respublikasının bank sistemində ödəniş vasitələrinin maliyyə hesabatlarında uçotu Qaydaları_art_5_7:0.015873|Azərbaycan Respublikasının Mərkəzi Bankı - Azərbaycan Respublikasının bank sistemində ödəniş vasitələrinin maliyyə hesabatlarında uçotu Qaydaları_art_2_3_part1:0.015625|Əməliyyat Risklərinin İdarə Edilməsi Qaydası_art_2_6:0.015625|Əməliyyat Risklərinin İdarə Edilməsi Qaydası_art_9_16_part3:0.015385|baab9bc790127f849f8ac1040_intro_1_part22:0.015152,1|3|11|2|19|||4|5|6,1|2|6|20|5|3|4|||
104,Bu Qaydaların qüvvəyə minməsi ilə əlaqədar hansı əvvəlki sənəd öz qüvvəsini itirmiş hesab edilir?,“QEYDƏ ALINMIŞDIR”_art_6_7,“QEYDƏ ALINMIŞDIR”_art_6_7|Azərbaycan Respublikasının Mərkəzi Bankı - Azərbaycan Respublikasının Bank sistemində əmanətlərin (depozitlərin) uçot Qaydaları_art_3_4|05dc79d9-43f7-4a71-aa62-709a43c03f7d_art_7_8|AZƏRBAYCAN RESPUBLİKASININ QANUNU_ch_V_art_2_108_part1|“Qiymətli kağızlar bazarında sui-istifadələrin qarşısının alınması haqqında Qaydalar”ın təsdiq edilməsi barədə_art_3_10|_Banklar haqqında_ Azərbaycan Respublikası Qanununun tətbiq edilməsi barədə_intro_1|“QEYDƏ ALINMIŞDIR” “TƏSDİQ EDİRƏM”_art_6_7|402 _Azərbaycan Respublikasının Milli Bankı haqqında_ Azərbaycan Respublikası Qanununun tətbiq edilməsi barədə_intro_1|“Dövlət qeydiyyatına alınmışdır_art_22_27|4a6fbf3ba5bf66fda98b121c7_art_2_3,“QEYDƏ ALINMIŞDIR”_art_6_7:0.032787|Azərbaycan Respublikasının Mərkəzi Bankı - Azərbaycan Respublikasının Bank sistemində əmanətlərin (depozitlərin) uçot Qaydaları_art_3_4:0.030415|05dc79d9-43f7-4a71-aa62-709a43c03f7d_art_7_8:0.016129|AZƏRBAYCAN RESPUBLİKASININ QANUNU_ch_V_art_2_108_part1:0.015873|“Qiymətli kağızlar bazarında sui-istifadələrin qarşısının alınması haqqında Qaydalar”ın təsdiq edilməsi barədə_art_3_10:0.015873|_Banklar haqqında_ Azərbaycan Respublikası Qanununun tətbiq edilməsi barədə_intro_1:0.015625|“QEYDƏ ALINMIŞDIR” “TƏSDİQ EDİRƏM”_art_6_7:0.015625|402 _Azərbaycan Respublikasının Milli Bankı haqqında_ Azərbaycan Respublikası Qanununun tətbiq edilməsi barədə_intro_1:0.015385|“Dövlət qeydiyyatına alınmışdır_art_22_27:0.015385|4a6fbf3ba5bf66fda98b121c7_art_2_3:0.015152,1|10|2|3|||4||5|6,1|2|||3|4||5||
105,"Bu Qaydalarda ""kənar auditor"" anlayışı hansı mənanı ifadə edir?",“Qiymətli kağızlar bazarında lisenziyalaşdırılan şəxslərin kənar auditorlarına dair tələblər haqqında Qaydalar”ın təsdiq edilməsi barədə_art_1_7,“Qiymətli kağızlar bazarında lisenziyalaşdırılan şəxslərin kənar auditorlarına dair tələblər haqqında Qaydalar”ın təsdiq edilməsi barədə_art_1_7|«Dövlət qeydiyyatına alınmışdır»_art_2_2|Azərbaycan Respublikasının 1999-cu il 22 iyun tarixli 689-IQ nömrəli Qanunu ilə təsdiq edilmiş «Ədalət mühakiməsinin rəsmi embleminin təsviri»ndə dəyişiklik edilməsi barədə_art_1_2|009aa733c2e8a69d2ccc41bf4_art_1_2|590-IIQ-Banklar haqqında_ch_V_art_44_65|İnformasiya Sistemlərinin Təhlükəsizliyi Qaydaları_art_2_6|8a4d0220-9312-4ef2-88e8-c65b607a186a_art_2_17|Banklar Haqqında Qanun_ch_V_art_44_65|faa09ce5-3d98-48b1-ac48-e81ca3d9d4e7_art_2_17|“Qiymətli kağızlar bazarında lisenziyalaşdırılan şəxslərin kənar auditorlarına dair tələblər haqqında Qaydalar”ın təsdiq edilməsi barədə_art_2_8,“Qiymətli kağızlar bazarında lisenziyalaşdırılan şəxslərin kənar auditorlarına dair tələblər haqqında Qaydalar”ın təsdiq edilməsi barədə_art_1_7:0.030282|«Dövlət qeydiyyatına alınmışdır»_art_2_2:0.029287|Azərbaycan Respublikasının 1999-cu il 22 iyun tarixli 689-IQ nömrəli Qanunu ilə təsdiq edilmiş «Ədalət mühakiməsinin rəsmi embleminin təsviri»ndə dəyişiklik edilməsi barədə_art_1_2:0.016393|009aa733c2e8a69d2ccc41bf4_art_1_2:0.016129|590-IIQ-Banklar haqqında_ch_V_art_44_65:0.015873|İnformasiya Sistemlərinin Təhlükəsizliyi Qaydaları_art_2_6:0.015873|8a4d0220-9312-4ef2-88e8-c65b607a186a_art_2_17:0.015625|Banklar Haqqında Qanun_ch_V_art_44_65:0.015625|faa09ce5-3d98-48b1-ac48-e81ca3d9d4e7_art_2_17:0.015385|“Qiymətli kağızlar bazarında lisenziyalaşdırılan şəxslərin kənar auditorlarına dair tələblər haqqında Qaydalar”ın təsdiq edilməsi barədə_art_2_8:0.015385,1|2|||3|||4||5,12|16|1|2||3|4||5|
106,Bu Qərardan irəli gələn məsələlərin həlli hansı struktur bölmə üzərinə tapşırılıb?,“İpoteka örtüyünün reyestrinin aparılması və sərəncamçı tərəfindən ipoteka örtüyünün yoxlanılmasının nəticələri barədə hesabata dair tələblər haqqında Qaydalar”ın təsdiq edilməsi barədə_art_3_4,dd1aa268-4de2-48ab-8953-c87d3f1c74e3_art_3_4|“Qiymətli kağızlar bazarında sui-istifadələrin qarşısının alınması haqqında Qaydalar”ın təsdiq edilməsi barədə_art_3_4|“Qiymətli kağızlar bazarında lisenziyalaşdırılan şəxslərin kənar auditorlarına dair tələblər haqqında Qaydalar”ın təsdiq edilməsi barədə_art_3_4|“İnvestisiya şirkətinin davamlı kapital tələbləri haqqında Qaydalar”ın təsdiq edilməsi barədə_art_3_4|“İnvestisiya qiymətli kağızlarının qiymətinin sabitləşdirilməsi haqqında Qaydalar”ın təsdiq edilməsi barədə_art_3_4|“İpoteka örtüyünün reyestrinin aparılması və sərəncamçı tərəfindən ipoteka örtüyünün yoxlanılmasının nəticələri barədə hesabata dair tələblər haqqında Qaydalar”ın təsdiq edilməsi barədə_art_3_4|“Ödəmə qabiliyyətini itirmiş bankların rezolyusiyası və sağlamlaşdırma tədbirləri çərçivəsində qeyri-işlək (toksik) aktivlərin təqdim edilməsi Qaydası”nın təsdiq edilməsi haqqında_art_3_4|Əməliyyat Risklərinin İdarə Edilməsi Qaydası_art_25_44|Əməliyyat Risklərinin İdarə Edilməsi Qaydası_art_4_23|“Qiymətli kağızlar bazarında lisenziyalaşdırılan şəxslərin kənar auditorlarına dair tələblər haqqında Qaydalar”ın təsdiq edilməsi barədə_art_2_3,dd1aa268-4de2-48ab-8953-c87d3f1c74e3_art_3_4:0.032522|“Qiymətli kağızlar bazarında sui-istifadələrin qarşısının alınması haqqında Qaydalar”ın təsdiq edilməsi barədə_art_3_4:0.032018|“Qiymətli kağızlar bazarında lisenziyalaşdırılan şəxslərin kənar auditorlarına dair tələblər haqqında Qaydalar”ın təsdiq edilməsi barədə_art_3_4:0.031754|“İnvestisiya şirkətinin davamlı kapital tələbləri haqqında Qaydalar”ın təsdiq edilməsi barədə_art_3_4:0.031746|“İnvestisiya qiymətli kağızlarının qiymətinin sabitləşdirilməsi haqqında Qaydalar”ın təsdiq edilməsi barədə_art_3_4:0.030536|“İpoteka örtüyünün reyestrinin aparılması və sərəncamçı tərəfindən ipoteka örtüyünün yoxlanılmasının nəticələri barədə hesabata dair tələblər haqqında Qaydalar”ın təsdiq edilməsi barədə_art_3_4:0.030536|“Ödəmə qabiliyyətini itirmiş bankların rezolyusiyası və sağlamlaşdırma tədbirləri çərçivəsində qeyri-işlək (toksik) aktivlərin təqdim edilməsi Qaydası”nın təsdiq edilməsi haqqında_art_3_4:0.027778|Əməliyyat Risklərinin İdarə Edilməsi Qaydası_art_25_44:0.027364|Əməliyyat Risklərinin İdarə Edilməsi Qaydası_art_4_23:0.014925|“Qiymətli kağızlar bazarında lisenziyalaşdırılan şəxslərin kənar auditorlarına dair tələblər haqqında Qaydalar”ın təsdiq edilməsi barədə_art_2_3:0.014925,1|4|2|3|6|5|12|19||7,2|1|4|3|5|6|12|8|7|
107,2023-cü ilin ilk yarımilinə görə bank sistemi üzrə ani likvidlik əmsalı hansı səviyyədə olub və bu minimum normativi neçə dəfə üstələyib?,09b9304488242be054f8c2eb6_intro_1_part14,98a6608d0eb4e83b612fde01f_art_4_13_part3|baab9bc790127f849f8ac1040_intro_1_part11|ba0d73daa9275fa1fe1e4694b_intro_1_part11|1db1173040cd0364af5d7f0d2_intro_1_part15|1dfb892e-6204-4404-9166-c861f06996fa_art_6_12|ba0d73daa9275fa1fe1e4694b_intro_1_part13|98a6608d0eb4e83b612fde01f_intro_1_part2|ba0d73daa9275fa1fe1e4694b_intro_1_part12|1dfb892e-6204-4404-9166-c861f06996fa_art_7_13_part1|1db1173040cd0364af5d7f0d2_intro_1_part13,98a6608d0eb4e83b612fde01f_art_4_13_part3:0.030886|baab9bc790127f849f8ac1040_intro_1_part11:0.030777|ba0d73daa9275fa1fe1e4694b_intro_1_part11:0.029857|1db1173040cd0364af5d7f0d2_intro_1_part15:0.029387|1dfb892e-6204-4404-9166-c861f06996fa_art_6_12:0.028629|ba0d73daa9275fa1fe1e4694b_intro_1_part13:0.028624|98a6608d0eb4e83b612fde01f_intro_1_part2:0.028372|ba0d73daa9275fa1fe1e4694b_intro_1_part12:0.026847|1dfb892e-6204-4404-9166-c861f06996fa_art_7_13_part1:0.026154|1db1173040cd0364af5d7f0d2_intro_1_part13:0.016393,1|4|6|3|20|13|17|14|15|,9|6|8|14|2|7|5|15|18|1
108,Likvidliyin örtülmə əmsalı (LCR) hansı düsturla hesablanır və onun əsas məqsədi nədir?,1db1173040cd0364af5d7f0d2_intro_1_part15,1db1173040cd0364af5d7f0d2_intro_1_part15|baab9bc790127f849f8ac1040_intro_1_part11|1dfb892e-6204-4404-9166-c861f06996fa_art_7_13_part1|ba0d73daa9275fa1fe1e4694b_intro_1_part11|98a6608d0eb4e83b612fde01f_art_4_13_part2|1dfb892e-6204-4404-9166-c861f06996fa_art_7_13_part3|ba0d73daa9275fa1fe1e4694b_intro_1_part12|ba0d73daa9275fa1fe1e4694b_intro_1_part13|1dfb892e-6204-4404-9166-c861f06996fa_art_7_13_part2|1dfb892e-6204-4404-9166-c861f06996fa_art_6_12,1db1173040cd0364af5d7f0d2_intro_1_part15:0.032018|baab9bc790127f849f8ac1040_intro_1_part11:0.031054|1dfb892e-6204-4404-9166-c861f06996fa_art_7_13_part1:0.030798|ba0d73daa9275fa1fe1e4694b_intro_1_part11:0.030536|98a6608d0eb4e83b612fde01f_art_4_13_part2:0.030282|1dfb892e-6204-4404-9166-c861f06996fa_art_7_13_part3:0.029462|ba0d73daa9275fa1fe1e4694b_intro_1_part12:0.029387|ba0d73daa9275fa1fe1e4694b_intro_1_part13:0.028612|1dfb892e-6204-4404-9166-c861f06996fa_art_7_13_part2:0.028191|1dfb892e-6204-4404-9166-c861f06996fa_art_6_12:0.027242,1|2|7|6|12|15|3|4|13|11,4|7|3|5|1|2|14|17|9|16
109,2-ci qrup B aktivlərin nəzərə alınan hissəsi yüksək keyfiyyətli likvid aktivlərin hansı faizindən çox olmamalıdır və cəmi 2-ci qrup aktivlər üçün hədd nə qədərdir?,1dfb892e-6204-4404-9166-c861f06996fa_art_7_13_part2,1dfb892e-6204-4404-9166-c861f06996fa_art_7_13_part2|1dfb892e-6204-4404-9166-c861f06996fa_art_6_28|1dfb892e-6204-4404-9166-c861f06996fa_art_11_19_part2|98a6608d0eb4e83b612fde01f_art_4_13_part3|baab9bc790127f849f8ac1040_intro_1_part11|1dfb892e-6204-4404-9166-c861f06996fa_art_2_6|1dfb892e-6204-4404-9166-c861f06996fa_art_6_57|1dfb892e-6204-4404-9166-c861f06996fa_art_7_13_part1|1dfb892e-6204-4404-9166-c861f06996fa_art_8_39|“İnvestisiya şirkətinin davamlı kapital tələbləri haqqında Qaydalar”ın təsdiq edilməsi barədə_art_4_12_part2,1dfb892e-6204-4404-9166-c861f06996fa_art_7_13_part2:0.032787|1dfb892e-6204-4404-9166-c861f06996fa_art_6_28:0.031754|1dfb892e-6204-4404-9166-c861f06996fa_art_11_19_part2:0.029670|98a6608d0eb4e83b612fde01f_art_4_13_part3:0.028043|baab9bc790127f849f8ac1040_intro_1_part11:0.027402|1dfb892e-6204-4404-9166-c861f06996fa_art_2_6:0.026709|1dfb892e-6204-4404-9166-c861f06996fa_art_6_57:0.016129|1dfb892e-6204-4404-9166-c861f06996fa_art_7_13_part1:0.015873|1dfb892e-6204-4404-9166-c861f06996fa_art_8_39:0.015873|“İnvestisiya şirkətinin davamlı kapital tələbləri haqqında Qaydalar”ın təsdiq edilməsi barədə_art_4_12_part2:0.015625,1|2|10|5|12|18||3||4,1|4|5|19|14|12|2||3|
110,Stres ssenariləri hazırlanarkən nəzərə alınmalı olan əlverişsiz şərtlərə hansı itki və neqativ təsirlər daxildir?,1e1594e275bb96ef2c75aa1e8_art_7_8,1e1594e275bb96ef2c75aa1e8_art_7_8|511cdc58f232d5d9395551ae8_art_7_18|9018b71b0859bc7a490ea0f22_art_3_48|1dfb892e-6204-4404-9166-c861f06996fa_art_5_9_part2|1e1594e275bb96ef2c75aa1e8_art_4_5|ba0d73daa9275fa1fe1e4694b_art_3_35_part2|1dfb892e-6204-4404-9166-c861f06996fa_art_8_16|ba0d73daa9275fa1fe1e4694b_intro_1_part20|1e1594e275bb96ef2c75aa1e8_art_8_9|511cdc58f232d5d9395551ae8_art_7_8,1e1594e275bb96ef2c75aa1e8_art_7_8:0.032787|511cdc58f232d5d9395551ae8_art_7_18:0.031025|9018b71b0859bc7a490ea0f22_art_3_48:0.030366|1dfb892e-6204-4404-9166-c861f06996fa_art_5_9_part2:0.028175|1e1594e275bb96ef2c75aa1e8_art_4_5:0.027598|ba0d73daa9275fa1fe1e4694b_art_3_35_part2:0.026389|1dfb892e-6204-4404-9166-c861f06996fa_art_8_16:0.016129|ba0d73daa9275fa1fe1e4694b_intro_1_part20:0.016129|1e1594e275bb96ef2c75aa1e8_art_8_9:0.015625|511cdc58f232d5d9395551ae8_art_7_8:0.015625,1|3|9|10|11|12|2|||4,1|6|3|12|14|20||2|4|
111,Ekoloji risklər üzrə hazırlanan ssenarilərdə hansı ikili risk növü əhatə olunur və bu ssenarilərin hazırlanmasında hansı beynəlxalq şəbəkə nəzərə alına bilər?,511cdc58f232d5d9395551ae8_art_7_18,511cdc58f232d5d9395551ae8_art_7_18|511cdc58f232d5d9395551ae8_art_3_12|511cdc58f232d5d9395551ae8_art_8_19|511cdc58f232d5d9395551ae8_art_4_13|dc1546b51b6aa6b3d92409836_intro_1_part2|511cdc58f232d5d9395551ae8_art_6_15_part2|511cdc58f232d5d9395551ae8_art_5_14|dc1546b51b6aa6b3d92409836_art_5_12_part5|511cdc58f232d5d9395551ae8_art_1_10|511cdc58f232d5d9395551ae8_art_6_15_part1,511cdc58f232d5d9395551ae8_art_7_18:0.032787|511cdc58f232d5d9395551ae8_art_3_12:0.031498|511cdc58f232d5d9395551ae8_art_8_19:0.030214|511cdc58f232d5d9395551ae8_art_4_13:0.030077|dc1546b51b6aa6b3d92409836_intro_1_part2:0.029199|511cdc58f232d5d9395551ae8_art_6_15_part2:0.029083|511cdc58f232d5d9395551ae8_art_5_14:0.028958|dc1546b51b6aa6b3d92409836_art_5_12_part5:0.028694|511cdc58f232d5d9395551ae8_art_1_10:0.028595|511cdc58f232d5d9395551ae8_art_6_15_part1:0.027912,1|4|11|7||13|15|3|8|17,1|3|2|6|9|5|4|18|12|7
112,"""Sığortaçılarda korporativ idarəetmə standartları""na əsasən yaradılmış risklərin idarə edilməsi sistemi neçə müdafiə xəttindən ibarətdir və birinci müdafiə xətti nədən ibarətdir?",58696c0de75462383dba38398_intro_1_part20,Azərbaycan Respublikası Prezidentinin Fərmanı_art_10_16_part1|511cdc58f232d5d9395551ae8_art_4_13|Banklarda korporativ idarəetmə Standartları_art_13_23_part1|58696c0de75462383dba38398_intro_1_part20|58696c0de75462383dba38398_intro_1_part21|Banklarda korporativ idarəetmə Standartları_art_2_7_part1|Banklarda korporativ idarəetmə Standartları_art_1_6|Banklarda korporativ idarəetmə Standartları_art_14_25_part1|Azərbaycan Respublikası Prezidentinin Fərmanı_art_11_18_part1|Azərbaycan Respublikası Prezidentinin Fərmanı_art_2_4_part1,Azərbaycan Respublikası Prezidentinin Fərmanı_art_10_16_part1:0.032266|511cdc58f232d5d9395551ae8_art_4_13:0.032018|Banklarda korporativ idarəetmə Standartları_art_13_23_part1:0.031754|58696c0de75462383dba38398_intro_1_part20:0.031514|58696c0de75462383dba38398_intro_1_part21:0.031258|Banklarda korporativ idarəetmə Standartları_art_2_7_part1:0.028778|Banklarda korporativ idarəetmə Standartları_art_1_6:0.028219|Banklarda korporativ idarəetmə Standartları_art_14_25_part1:0.027810|Azərbaycan Respublikası Prezidentinin Fərmanı_art_11_18_part1:0.027425|Azərbaycan Respublikası Prezidentinin Fərmanı_art_2_4_part1:0.027151,1|4|2|5|3|9|14|6|7|19,3|1|4|2|5|10|8|19|20|9
113,"Əmlakın ekoloji və ""dayanıqlılıq"" göstəricilərini dəstəkləyən təkmilləşdirmələrə hansı nümunələr aid edilir?",5b725bb224d33e2085294c793_art_7_24,dc1546b51b6aa6b3d92409836_intro_1_part4|5b725bb224d33e2085294c793_art_7_24|5b725bb224d33e2085294c793_art_6_23|5b725bb224d33e2085294c793_art_2_11|dc1546b51b6aa6b3d92409836_art_5_11_part4|dc1546b51b6aa6b3d92409836_art_5_12_part4|5b725bb224d33e2085294c793_art_16_33|5b725bb224d33e2085294c793_art_9_26|dc1546b51b6aa6b3d92409836_intro_1_part5|5b725bb224d33e2085294c793_art_4_13,dc1546b51b6aa6b3d92409836_intro_1_part4:0.042577|5b725bb224d33e2085294c793_art_7_24:0.032787|5b725bb224d33e2085294c793_art_6_23:0.032002|5b725bb224d33e2085294c793_art_2_11:0.029710|dc1546b51b6aa6b3d92409836_art_5_11_part4:0.026501|dc1546b51b6aa6b3d92409836_art_5_12_part4:0.026491|5b725bb224d33e2085294c793_art_16_33:0.016129|5b725bb224d33e2085294c793_art_9_26:0.015873|dc1546b51b6aa6b3d92409836_intro_1_part5:0.015625|5b725bb224d33e2085294c793_art_4_13:0.015385,20|1|3|11|14|15|2||4|5,7|1|2|4|17|16||3||
114,BOKT-nin əvvəlki rübdə milli valyutada verdiyi istehlak krediti növü üzrə orta faiz dərəcəsi hansı düsturla hesablanır?,6c51a485-6986-4257-b6e0-25475732f1dc_art_2_16,6c51a485-6986-4257-b6e0-25475732f1dc_art_2_16|6c51a485-6986-4257-b6e0-25475732f1dc_art_1_15|6c51a485-6986-4257-b6e0-25475732f1dc_art_8_12|f15fd85d-3c4e-4d87-aa78-8367ca166daf_art_4_8_part2|98a6608d0eb4e83b612fde01f_art_3_25_part5|ba0d73daa9275fa1fe1e4694b_intro_1_part19|baab9bc790127f849f8ac1040_intro_1_part24|6c51a485-6986-4257-b6e0-25475732f1dc_art_3_17|98a6608d0eb4e83b612fde01f_art_4_13_part7|ba0d73daa9275fa1fe1e4694b_art_3_35_part4,6c51a485-6986-4257-b6e0-25475732f1dc_art_2_16:0.032787|6c51a485-6986-4257-b6e0-25475732f1dc_art_1_15:0.032258|6c51a485-6986-4257-b6e0-25475732f1dc_art_8_12:0.031746|f15fd85d-3c4e-4d87-aa78-8367ca166daf_art_4_8_part2:0.029911|98a6608d0eb4e83b612fde01f_art_3_25_part5:0.029010|ba0d73daa9275fa1fe1e4694b_intro_1_part19:0.027984|baab9bc790127f849f8ac1040_intro_1_part24:0.015625|6c51a485-6986-4257-b6e0-25475732f1dc_art_3_17:0.015385|98a6608d0eb4e83b612fde01f_art_4_13_part7:0.015385|ba0d73daa9275fa1fe1e4694b_art_3_35_part4:0.015152,1|2|3|10|7|13|4|5||6,1|2|3|4|11|10|||5|
115,Mərkəzi Bank tərəfindən nəzarət subyektlərində tətbiq ediləcək risk əsaslı yanaşma necə adlanır və bu abbreviatura nəyi ifadə edir?,7fd12f0749b180441d54cd4de_art_1_6_part1,7fd12f0749b180441d54cd4de_art_1_6_part1|7fd12f0749b180441d54cd4de_art_4_17|802-IIQ-Azərbaycan Respublikasının Mərkəzi Bankı haqqında_ch_IX_art_49_63|7fd12f0749b180441d54cd4de_art_4_5|7fd12f0749b180441d54cd4de_art_3_16|9018b71b0859bc7a490ea0f22_art_5_20_part2|ba0d73daa9275fa1fe1e4694b_intro_1_part11|7fd12f0749b180441d54cd4de_art_1_6_part2|8a4d0220-9312-4ef2-88e8-c65b607a186a_art_2_8_part2|7fd12f0749b180441d54cd4de_art_4_14_part1,7fd12f0749b180441d54cd4de_art_1_6_part1:0.032787|7fd12f0749b180441d54cd4de_art_4_17:0.032258|802-IIQ-Azərbaycan Respublikasının Mərkəzi Bankı haqqında_ch_IX_art_49_63:0.031746|7fd12f0749b180441d54cd4de_art_4_5:0.031010|7fd12f0749b180441d54cd4de_art_3_16:0.029857|9018b71b0859bc7a490ea0f22_art_5_20_part2:0.028571|ba0d73daa9275fa1fe1e4694b_intro_1_part11:0.027885|7fd12f0749b180441d54cd4de_art_1_6_part2:0.015625|8a4d0220-9312-4ef2-88e8-c65b607a186a_art_2_8_part2:0.015152|7fd12f0749b180441d54cd4de_art_4_14_part1:0.014925,1|2|3|4|8|10|5||6|,1|2|3|5|6|10|20|4||7
116,Kredit xətləri üzrə açıq valyuta mövqeyinin hesablanmasında müddəti bir ildən çox olan kreditlər üçün hansı kreditə konvertasiya əmsalı tətbiq olunur?,8a4d0220-9312-4ef2-88e8-c65b607a186a_art_3_18,8a4d0220-9312-4ef2-88e8-c65b607a186a_art_3_18|faa09ce5-3d98-48b1-ac48-e81ca3d9d4e7_art_3_18|baab9bc790127f849f8ac1040_intro_1_part16|d6a9834a-d9f7-49f3-abff-14cd901c615d_art_3_8_part2|Banklarda əməliyyat risklərinin idarə edilməsi Qaydası_art_3_8_part2|8a4d0220-9312-4ef2-88e8-c65b607a186a_art_2_17|faa09ce5-3d98-48b1-ac48-e81ca3d9d4e7_art_2_17|f15fd85d-3c4e-4d87-aa78-8367ca166daf_art_4_8_part2|58696c0de75462383dba38398_intro_1_part12|f15fd85d-3c4e-4d87-aa78-8367ca166daf_art_5_10_part2,8a4d0220-9312-4ef2-88e8-c65b607a186a_art_3_18:0.032787|faa09ce5-3d98-48b1-ac48-e81ca3d9d4e7_art_3_18:0.032258|baab9bc790127f849f8ac1040_intro_1_part16:0.031746|d6a9834a-d9f7-49f3-abff-14cd901c615d_art_3_8_part2:0.031250|Banklarda əməliyyat risklərinin idarə edilməsi Qaydası_art_3_8_part2:0.028191|8a4d0220-9312-4ef2-88e8-c65b607a186a_art_2_17:0.028083|faa09ce5-3d98-48b1-ac48-e81ca3d9d4e7_art_2_17:0.027693|f15fd85d-3c4e-4d87-aa78-8367ca166daf_art_4_8_part2:0.027222|58696c0de75462383dba38398_intro_1_part12:0.015385|f15fd85d-3c4e-4d87-aa78-8367ca166daf_art_5_10_part2:0.015385,1|2|3|4|13|16|17|12|5|,1|2|3|4|9|7|8|15||5
117,2024-cü il hesabat ilində repo/əks-repo əməliyyatlarının həcmi nə qədər olmuşdur və bu əməliyyatların hansı hissəsi ilin ikinci yarısında baş vermişdir?,98a6608d0eb4e83b612fde01f_art_2_37_part2,58696c0de75462383dba38398_art_4_29_part1|98a6608d0eb4e83b612fde01f_art_2_37_part2|baab9bc790127f849f8ac1040_art_4_42_part1|1db1173040cd0364af5d7f0d2_intro_1_part24|ba0d73daa9275fa1fe1e4694b_art_4_51_part3|ba0d73daa9275fa1fe1e4694b_art_4_51_part2|58696c0de75462383dba38398_art_4_29_part2|09b9304488242be054f8c2eb6_intro_1_part26|98a6608d0eb4e83b612fde01f_intro_1_part5|58696c0de75462383dba38398_intro_1_part5,58696c0de75462383dba38398_art_4_29_part1:0.032522|98a6608d0eb4e83b612fde01f_art_2_37_part2:0.032266|baab9bc790127f849f8ac1040_art_4_42_part1:0.031498|1db1173040cd0364af5d7f0d2_intro_1_part24:0.030835|ba0d73daa9275fa1fe1e4694b_art_4_51_part3:0.029670|ba0d73daa9275fa1fe1e4694b_art_4_51_part2:0.028778|58696c0de75462383dba38398_art_4_29_part2:0.027746|09b9304488242be054f8c2eb6_intro_1_part26:0.027588|98a6608d0eb4e83b612fde01f_intro_1_part5:0.015625|58696c0de75462383dba38398_intro_1_part5:0.015385,1|3|4|2|5|10|7|13||,2|1|3|8|10|9|18|12|4|5
118,"Bu Fərmanın məqsədləri üçün ""vaxtı keçmiş kredit borcu"" hansı gecikdirmə müddətindən sonra bu statusda hesab edilir?",Azərbaycan Respublikası Prezidentinin 1999-cu il 14 may tarixli 130 nömrəli Fərmanı ilə təsdiq edilmiş «Azərbaycan Respublikasının fəxri adları haqqında Əsasnamə»də dəyişikliklər edilməsi barədə_art_8_9,Azərbaycan Respublikası Prezidentinin 1999-cu il 14 may tarixli 130 nömrəli Fərmanı ilə təsdiq edilmiş «Azərbaycan Respublikasının fəxri adları haqqında Əsasnamə»də dəyişikliklər edilməsi barədə_art_8_9|Azərbaycan Respublikası Prezidentinin 1999-cu il 14 may tarixli 130 nömrəli Fərmanı ilə təsdiq edilmiş «Azərbaycan Respublikasının fəxri adları haqqında Əsasnamə»də dəyişikliklər edilməsi barədə_art_2_3|Azərbaycan Respublikası Prezidentinin 1999-cu il 14 may tarixli 130 nömrəli Fərmanı ilə təsdiq edilmiş «Azərbaycan Respublikasının fəxri adları haqqında Əsasnamə»də dəyişikliklər edilməsi barədə_art_6_7|Azərbaycan Respublikası Prezidentinin 1999-cu il 14 may tarixli 130 nömrəli Fərmanı ilə təsdiq edilmiş «Azərbaycan Respublikasının fəxri adları haqqında Əsasnamə»də dəyişikliklər edilməsi barədə_art_5_6|Azərbaycan Respublikası Prezidentinin 1999-cu il 14 may tarixli 130 nömrəli Fərmanı ilə təsdiq edilmiş «Azərbaycan Respublikasının fəxri adları haqqında Əsasnamə»də dəyişikliklər edilməsi barədə_art_7_8|Azərbaycan Respublikası Prezidentinin 1999-cu il 14 may tarixli 130 nömrəli Fərmanı ilə təsdiq edilmiş «Azərbaycan Respublikasının fəxri adları haqqında Əsasnamə»də dəyişikliklər edilməsi barədə_art_1_2|f15fd85d-3c4e-4d87-aa78-8367ca166daf_art_7_13_part1|5b725bb224d33e2085294c793_art_9_26|“Azərbaycan Respublikası rezidentlərinin qeyri-rezidentlərlə maliyyə əməliyyatlarına və neytral əməliyyatlara dair hesabatın tərtibi və təqdim edilməsi haqqında Təlimat”ın təsdiq edilməsi barədə_art_1_5|933-IIIQ-Bank olmayan kredit təşkilatları haqqında_ch_VI_art_26_37_part1,Azərbaycan Respublikası Prezidentinin 1999-cu il 14 may tarixli 130 nömrəli Fərmanı ilə təsdiq edilmiş «Azərbaycan Respublikasının fəxri adları haqqında Əsasnamə»də dəyişikliklər edilməsi barədə_art_8_9:0.032787|Azərbaycan Respublikası Prezidentinin 1999-cu il 14 may tarixli 130 nömrəli Fərmanı ilə təsdiq edilmiş «Azərbaycan Respublikasının fəxri adları haqqında Əsasnamə»də dəyişikliklər edilməsi barədə_art_2_3:0.032258|Azərbaycan Respublikası Prezidentinin 1999-cu il 14 may tarixli 130 nömrəli Fərmanı ilə təsdiq edilmiş «Azərbaycan Respublikasının fəxri adları haqqında Əsasnamə»də dəyişikliklər edilməsi barədə_art_6_7:0.031746|Azərbaycan Respublikası Prezidentinin 1999-cu il 14 may tarixli 130 nömrəli Fərmanı ilə təsdiq edilmiş «Azərbaycan Respublikasının fəxri adları haqqında Əsasnamə»də dəyişikliklər edilməsi barədə_art_5_6:0.031010|Azərbaycan Respublikası Prezidentinin 1999-cu il 14 may tarixli 130 nömrəli Fərmanı ilə təsdiq edilmiş «Azərbaycan Respublikasının fəxri adları haqqında Əsasnamə»də dəyişikliklər edilməsi barədə_art_7_8:0.030550|Azərbaycan Respublikası Prezidentinin 1999-cu il 14 may tarixli 130 nömrəli Fərmanı ilə təsdiq edilmiş «Azərbaycan Respublikasının fəxri adları haqqında Əsasnamə»də dəyişikliklər edilməsi barədə_art_1_2:0.027652|f15fd85d-3c4e-4d87-aa78-8367ca166daf_art_7_13_part1:0.015385|5b725bb224d33e2085294c793_art_9_26:0.015152|“Azərbaycan Respublikası rezidentlərinin qeyri-rezidentlərlə maliyyə əməliyyatlarına və neytral əməliyyatlara dair hesabatın tərtibi və təqdim edilməsi haqqında Təlimat”ın təsdiq edilməsi barədə_art_1_5:0.014925|933-IIIQ-Bank olmayan kredit təşkilatları haqqında_ch_VI_art_26_37_part1:0.014706,1|2|3|4|7|6|5|||8,1|2|3|5|4|20||6|7|
119,Bankın aktivlərinin 5 faizindən çox hissəsini təşkil edən aidiyyəti şəxs krediti üzrə qərar hansı orqanlar tərəfindən qəbul edilir?,Banklarda əməliyyat risklərinin idarə edilməsi Qaydası_art_4_10,Banklarda əməliyyat risklərinin idarə edilməsi Qaydası_art_4_10|d6a9834a-d9f7-49f3-abff-14cd901c615d_art_4_10|Banklar Haqqında Qanun_ch_IV_art_40_59|Banklarda əməliyyat risklərinin idarə edilməsi Qaydası_art_2_6_part1|d6a9834a-d9f7-49f3-abff-14cd901c615d_art_2_6_part1|590-IIQ-Banklar haqqında_ch_IV_art_40_59|6c51a485-6986-4257-b6e0-25475732f1dc_art_7_11|Nizamnamə kapitalında dövlətə məxsus səhmlər olan bankların və bank olmayan kredit təşkilatlarının idarə edilməsində dövlətin iştirakı qaydası haqqında_art_1_2|d6a9834a-d9f7-49f3-abff-14cd901c615d_art_3_8_part1|Banklarda əməliyyat risklərinin idarə edilməsi Qaydası_art_3_8_part1,Banklarda əməliyyat risklərinin idarə edilməsi Qaydası_art_4_10:0.032787|d6a9834a-d9f7-49f3-abff-14cd901c615d_art_4_10:0.032258|Banklar Haqqında Qanun_ch_IV_art_40_59:0.031010|Banklarda əməliyyat risklərinin idarə edilməsi Qaydası_art_2_6_part1:0.030798|d6a9834a-d9f7-49f3-abff-14cd901c615d_art_2_6_part1:0.030331|590-IIQ-Banklar haqqında_ch_IV_art_40_59:0.030310|6c51a485-6986-4257-b6e0-25475732f1dc_art_7_11:0.029958|Nizamnamə kapitalında dövlətə məxsus səhmlər olan bankların və bank olmayan kredit təşkilatlarının idarə edilməsində dövlətin iştirakı qaydası haqqında_art_1_2:0.028850|d6a9834a-d9f7-49f3-abff-14cd901c615d_art_3_8_part1:0.027598|Banklarda əməliyyat risklərinin idarə edilməsi Qaydası_art_3_8_part1:0.027588,1|2|5|3|4|7|11|6|14|13,1|2|4|7|8|5|3|13|11|12
120,"Reqressiya nəticələrinə əsasən, məcmu LCR əmsalında 1 faiz bəndi azalma banklararası təminatsız pul bazarındakı dövriyyəyə necə təsir edir?",ba0d73daa9275fa1fe1e4694b_intro_1_part14,ba0d73daa9275fa1fe1e4694b_intro_1_part13|ba0d73daa9275fa1fe1e4694b_intro_1_part14|ba0d73daa9275fa1fe1e4694b_intro_1_part12|98a6608d0eb4e83b612fde01f_art_4_13_part3|baab9bc790127f849f8ac1040_intro_1_part11|ba0d73daa9275fa1fe1e4694b_intro_1_part11|98a6608d0eb4e83b612fde01f_art_4_13_part8|1db1173040cd0364af5d7f0d2_intro_1_part15|58696c0de75462383dba38398_intro_1_part5|ba0d73daa9275fa1fe1e4694b_intro_1_part6,ba0d73daa9275fa1fe1e4694b_intro_1_part13:0.032522|ba0d73daa9275fa1fe1e4694b_intro_1_part14:0.032522|ba0d73daa9275fa1fe1e4694b_intro_1_part12:0.031498|98a6608d0eb4e83b612fde01f_art_4_13_part3:0.028577|baab9bc790127f849f8ac1040_intro_1_part11:0.028205|ba0d73daa9275fa1fe1e4694b_intro_1_part11:0.027912|98a6608d0eb4e83b612fde01f_art_4_13_part8:0.027397|1db1173040cd0364af5d7f0d2_intro_1_part15:0.015873|58696c0de75462383dba38398_intro_1_part5:0.015625|ba0d73daa9275fa1fe1e4694b_intro_1_part6:0.015385,1|2|4|11|5|7|13|3||,2|1|3|9|18|17|13||4|5
