question_idx,question,expected_chunk_ids,retrieved_top10_ids,rrf_scores,semantic_ranks,bm25_ranks
0,"""Qiymətli kağızlar bazarında sui-istifadələrin qarşısının alınması haqqında Qaydalar""ın təsdiq edilməsi barədə Qərar hansı tarixdə qəbul edilib və qüvvəyə minmə tarixi nədir?",“Qiymətli kağızlar bazarında sui-istifadələrin qarşısının alınması haqqında Qaydalar”ın təsdiq edilməsi barədə_intro_1,“Qiymətli kağızlar bazarında sui-istifadələrin qarşısının alınması haqqında Qaydalar”ın təsdiq edilməsi barədə_art_1_2|“Qiymətli kağızlar bazarında sui-istifadələrin qarşısının alınması haqqında Qaydalar”ın təsdiq edilməsi barədə_art_5_6|“İnvestisiya şirkətinin davamlı kapital tələbləri haqqında Qaydalar”ın təsdiq edilməsi barədə_art_5_6|“Qiymətli kağızlar bazarında sui-istifadələrin qarşısının alınması haqqında Qaydalar”ın təsdiq edilməsi barədə_art_7_14_part2|“Qiymətli kağızlar bazarında sui-istifadələrin qarşısının alınması haqqında Qaydalar”ın təsdiq edilməsi barədə_intro_1|8a4d0220-9312-4ef2-88e8-c65b607a186a_art_3_4|“Qiymətli kağızlar bazarında sui-istifadələrin qarşısının alınması haqqında Qaydalar”ın təsdiq edilməsi barədə_art_6_7|faa09ce5-3d98-48b1-ac48-e81ca3d9d4e7_art_3_4|“Qiymətli kağızlar bazarında sui-istifadələrin qarşısının alınması haqqında Qaydalar”ın təsdiq edilməsi barədə_art_7_14_part1|Azərbaycan Respublikasının Mərkəzi Bankı - Bankların əsas vəsaitlərlə (əmlakla) apardıqları əməliyyatların tənzimlənməsi Qaydaları_art_8_9,“Qiymətli kağızlar bazarında sui-istifadələrin qarşısının alınması haqqında Qaydalar”ın təsdiq edilməsi barədə_art_1_2:0.031746|“Qiymətli kağızlar bazarında sui-istifadələrin qarşısının alınması haqqında Qaydalar”ın təsdiq edilməsi barədə_art_5_6:0.030679|“İnvestisiya şirkətinin davamlı kapital tələbləri haqqında Qaydalar”ın təsdiq edilməsi barədə_art_5_6:0.030018|“Qiymətli kağızlar bazarında sui-istifadələrin qarşısının alınması haqqında Qaydalar”ın təsdiq edilməsi barədə_art_7_14_part2:0.016393|“Qiymətli kağızlar bazarında sui-istifadələrin qarşısının alınması haqqında Qaydalar”ın təsdiq edilməsi barədə_intro_1:0.016129|8a4d0220-9312-4ef2-88e8-c65b607a186a_art_3_4:0.015625|“Qiymətli kağızlar bazarında sui-istifadələrin qarşısının alınması haqqında Qaydalar”ın təsdiq edilməsi barədə_art_6_7:0.015625|faa09ce5-3d98-48b1-ac48-e81ca3d9d4e7_art_3_4:0.015385|“Qiymətli kağızlar bazarında sui-istifadələrin qarşısının alınması haqqında Qaydalar”ın təsdiq edilməsi barədə_art_7_14_part1:0.015385|Azərbaycan Respublikasının Mərkəzi Bankı - Bankların əsas vəsaitlərlə (əmlakla) apardıqları əməliyyatların tənzimlənməsi Qaydaları_art_8_9:0.015152,3|1|2|||4||5||6,3|10|12|1|2||4||5|
1,Qərarın Hüquqi Aktların Dövlət Reyestrinə daxil edilməsi üçün Ədliyyə Nazirliyinə təqdim edilməsi neçə gün müddətində və hansı şöbə tərəfindən təmin edilməlidir?,“Qiymətli kağızlar bazarında sui-istifadələrin qarşısının alınması haqqında Qaydalar”ın təsdiq edilməsi barədə_art_2_3,“Bankların yenidən təşkili haqqında Qaydalar”ın təsdiq edilməsi barədə_art_2_3|“Kredit ittifaqlarının prudensial tənzimlənməsi Qaydaları”nın təsdiq edilməsi haqqında_art_2_3|“İnvestisiya qiymətli kağızlarının qiymətinin sabitləşdirilməsi haqqında Qaydalar”ın təsdiq edilməsi barədə_art_2_3|“Qiymətli kağızlar bazarında lisenziyalaşdırılan şəxslərin kənar auditorlarına dair tələblər haqqında Qaydalar”ın təsdiq edilməsi barədə_art_2_3|“Qiymətli kağızlar bazarında sui-istifadələrin qarşısının alınması haqqında Qaydalar”ın təsdiq edilməsi barədə_art_2_3|“İpoteka örtüyünün reyestrinin aparılması və sərəncamçı tərəfindən ipoteka örtüyünün yoxlanılmasının nəticələri barədə hesabata dair tələblər haqqında Qaydalar”ın təsdiq edilməsi barədə_art_2_3|“İnvestisiya şirkətinin davamlı kapital tələbləri haqqında Qaydalar”ın təsdiq edilməsi barədə_art_2_3|Banklarda korporativ idarəetmə Standartları_art_4_5|beaf2f3b-d7c9-4377-8d69-d29758699119_art_2_3|İnformasiya Sistemlərinin Təhlükəsizliyi Qaydaları_art_3_4,“Bankların yenidən təşkili haqqında Qaydalar”ın təsdiq edilməsi barədə_art_2_3:0.032522|“Kredit ittifaqlarının prudensial tənzimlənməsi Qaydaları”nın təsdiq edilməsi haqqında_art_2_3:0.032522|“İnvestisiya qiymətli kağızlarının qiymətinin sabitləşdirilməsi haqqında Qaydalar”ın təsdiq edilməsi barədə_art_2_3:0.031010|“Qiymətli kağızlar bazarında lisenziyalaşdırılan şəxslərin kənar auditorlarına dair tələblər haqqında Qaydalar”ın təsdiq edilməsi barədə_art_2_3:0.030798|“Qiymətli kağızlar bazarında sui-istifadələrin qarşısının alınması haqqında Qaydalar”ın təsdiq edilməsi barədə_art_2_3:0.030798|“İpoteka örtüyünün reyestrinin aparılması və sərəncamçı tərəfindən ipoteka örtüyünün yoxlanılmasının nəticələri barədə hesabata dair tələblər haqqında Qaydalar”ın təsdiq edilməsi barədə_art_2_3:0.030777|“İnvestisiya şirkətinin davamlı kapital tələbləri haqqında Qaydalar”ın təsdiq edilməsi barədə_art_2_3:0.030536|Banklarda korporativ idarəetmə Standartları_art_4_5:0.027588|beaf2f3b-d7c9-4377-8d69-d29758699119_art_2_3:0.026876|İnformasiya Sistemlərinin Təhlükəsizliyi Qaydaları_art_3_4:0.025658,2|1|5|3|7|4|6|12|17|16,1|2|4|7|3|6|5|13|12|20
2,Bu Qərardan irəli gələn məsələlərin həll edilməsi hansı şöbəyə tapşırılıb?,“Qiymətli kağızlar bazarında sui-istifadələrin qarşısının alınması haqqında Qaydalar”ın təsdiq edilməsi barədə_art_3_4,“Qiymətli kağızlar bazarında sui-istifadələrin qarşısının alınması haqqında Qaydalar”ın təsdiq edilməsi barədə_art_3_4|dd1aa268-4de2-48ab-8953-c87d3f1c74e3_art_3_4|“İnvestisiya şirkətinin davamlı kapital tələbləri haqqında Qaydalar”ın təsdiq edilməsi barədə_art_3_4|“Qiymətli kağızlar bazarında lisenziyalaşdırılan şəxslərin kənar auditorlarına dair tələblər haqqında Qaydalar”ın təsdiq edilməsi barədə_art_3_4|“İnvestisiya qiymətli kağızlarının qiymətinin sabitləşdirilməsi haqqında Qaydalar”ın təsdiq edilməsi barədə_art_3_4|“İpoteka örtüyünün reyestrinin aparılması və sərəncamçı tərəfindən ipoteka örtüyünün yoxlanılmasının nəticələri barədə hesabata dair tələblər haqqında Qaydalar”ın təsdiq edilməsi barədə_art_3_4|“Ödəmə qabiliyyətini itirmiş bankların rezolyusiyası və sağlamlaşdırma tədbirləri çərçivəsində qeyri-işlək (toksik) aktivlərin təqdim edilməsi Qaydası”nın təsdiq edilməsi haqqında_art_3_4|Azərbaycan Respublikası Prezidentinin 1999-cu il 14 may tarixli 130 nömrəli Fərmanı ilə təsdiq edilmiş «Azərbaycan Respublikasının fəxri adları haqqında Əsasnamə»də dəyişikliklər edilməsi barədə_art_11_12|“Qiymətli kağızlar bazarında sui-istifadələrin qarşısının alınması haqqında Qaydalar”ın təsdiq edilməsi barədə_art_4_5|Əməliyyat Risklərinin İdarə Edilməsi Qaydası_art_25_44,“Qiymətli kağızlar bazarında sui-istifadələrin qarşısının alınması haqqında Qaydalar”ın təsdiq edilməsi barədə_art_3_4:0.032787|dd1aa268-4de2-48ab-8953-c87d3f1c74e3_art_3_4:0.032258|“İnvestisiya şirkətinin davamlı kapital tələbləri haqqında Qaydalar”ın təsdiq edilməsi barədə_art_3_4:0.031498|“Qiymətli kağızlar bazarında lisenziyalaşdırılan şəxslərin kənar auditorlarına dair tələblər haqqında Qaydalar”ın təsdiq edilməsi barədə_art_3_4:0.031498|“İnvestisiya qiymətli kağızlarının qiymətinin sabitləşdirilməsi haqqında Qaydalar”ın təsdiq edilməsi barədə_art_3_4:0.030536|“İpoteka örtüyünün reyestrinin aparılması və sərəncamçı tərəfindən ipoteka örtüyünün yoxlanılmasının nəticələri barədə hesabata dair tələblər haqqında Qaydalar”ın təsdiq edilməsi barədə_art_3_4:0.030536|“Ödəmə qabiliyyətini itirmiş bankların rezolyusiyası və sağlamlaşdırma tədbirləri çərçivəsində qeyri-işlək (toksik) aktivlərin təqdim edilməsi Qaydası”nın təsdiq edilməsi haqqında_art_3_4:0.029851|Azərbaycan Respublikası Prezidentinin 1999-cu il 14 may tarixli 130 nömrəli Fərmanı ilə təsdiq edilmiş «Azərbaycan Respublikasının fəxri adları haqqında Əsasnamə»də dəyişikliklər edilməsi barədə_art_11_12:0.028986|“Qiymətli kağızlar bazarında sui-istifadələrin qarşısının alınması haqqında Qaydalar”ın təsdiq edilməsi barədə_art_4_5:0.025000|Əməliyyat Risklərinin İdarə Edilməsi Qaydası_art_25_44:0.014706,1|2|4|3|6|5|7|9|20|8,1|2|3|4|5|6|7|9|20|
3,QKDK-nın aparatının və Naxçıvan Muxtar Respublikası üzrə İdarəsinin bu Qərarla tanış olmasını təmin etmək hansı şöbəyə həvalə edilib?,“Qiymətli kağızlar bazarında sui-istifadələrin qarşısının alınması haqqında Qaydalar”ın təsdiq edilməsi barədə_art_4_5,dd1aa268-4de2-48ab-8953-c87d3f1c74e3_art_4_5|“İnvestisiya qiymətli kağızlarının qiymətinin sabitləşdirilməsi haqqında Qaydalar”ın təsdiq edilməsi barədə_art_4_5|“Qiymətli kağızlar bazarında lisenziyalaşdırılan şəxslərin kənar auditorlarına dair tələblər haqqında Qaydalar”ın təsdiq edilməsi barədə_art_4_5|“Qiymətli kağızlar bazarında sui-istifadələrin qarşısının alınması haqqında Qaydalar”ın təsdiq edilməsi barədə_art_4_5|“İpoteka örtüyünün reyestrinin aparılması və sərəncamçı tərəfindən ipoteka örtüyünün yoxlanılmasının nəticələri barədə hesabata dair tələblər haqqında Qaydalar”ın təsdiq edilməsi barədə_art_4_5|“İnvestisiya şirkətinin davamlı kapital tələbləri haqqında Qaydalar”ın təsdiq edilməsi barədə_art_4_5|“Qiymətli kağızlar bazarında lisenziyalaşdırılan şəxslərin kənar auditorlarına dair tələblər haqqında Qaydalar”ın təsdiq edilməsi barədə_art_3_4|“Qiymətli kağızlar bazarında lisenziyalaşdırılan şəxslərin nizamnamə kapitalının minimum miqdarı və onun formalaşdırılması haqqında Qaydalar”ın təsdiq edilməsi barədə_intro_1|“Azərbaycan Respublikasının bank sistemində arxiv işinin aparılması haqqında Təlimat”ın təsdiq edilməsi barədə_art_162_185|“İnvestisiya şirkətinin davamlı kapital tələbləri haqqında Qaydalar”ın təsdiq edilməsi barədə_art_3_4,dd1aa268-4de2-48ab-8953-c87d3f1c74e3_art_4_5:0.031754|“İnvestisiya qiymətli kağızlarının qiymətinin sabitləşdirilməsi haqqında Qaydalar”ın təsdiq edilməsi barədə_art_4_5:0.031746|“Qiymətli kağızlar bazarında lisenziyalaşdırılan şəxslərin kənar auditorlarına dair tələblər haqqında Qaydalar”ın təsdiq edilməsi barədə_art_4_5:0.031545|“Qiymətli kağızlar bazarında sui-istifadələrin qarşısının alınması haqqında Qaydalar”ın təsdiq edilməsi barədə_art_4_5:0.031545|“İpoteka örtüyünün reyestrinin aparılması və sərəncamçı tərəfindən ipoteka örtüyünün yoxlanılmasının nəticələri barədə hesabata dair tələblər haqqında Qaydalar”ın təsdiq edilməsi barədə_art_4_5:0.031514|“İnvestisiya şirkətinin davamlı kapital tələbləri haqqında Qaydalar”ın təsdiq edilməsi barədə_art_4_5:0.031010|“Qiymətli kağızlar bazarında lisenziyalaşdırılan şəxslərin kənar auditorlarına dair tələblər haqqında Qaydalar”ın təsdiq edilməsi barədə_art_3_4:0.014925|“Qiymətli kağızlar bazarında lisenziyalaşdırılan şəxslərin nizamnamə kapitalının minimum miqdarı və onun formalaşdırılması haqqında Qaydalar”ın təsdiq edilməsi barədə_intro_1:0.014925|“Azərbaycan Respublikasının bank sistemində arxiv işinin aparılması haqqında Təlimat”ın təsdiq edilməsi barədə_art_162_185:0.014706|“İnvestisiya şirkətinin davamlı kapital tələbləri haqqında Qaydalar”ın təsdiq edilməsi barədə_art_3_4:0.014706,4|3|1|6|2|5|7|||8,2|3|6|1|5|4||7|8|
4,"""AML Sanksiya Dəyişiklikləri"" adlı Qərar hansı iki qanunun icrası ilə əlaqədar qəbul edilib və bu Qərarla Nazirlər Kabinetinin hansı əvvəlki qərarı ləğv edilir?",AML Sanksiya Dəyişiklikləri_intro_1,AML Sanksiya Dəyişiklikləri_intro_1|AZƏRBAYCAN RESPUBLİKASININ QANUNU_ch_V_art_2_96|Banklar Haqqında Qanun_ch_X_art_62_102|Əmanətlərin sığortalanması haqqında_ch_II_art_24_28|590-IIQ-Banklar haqqında_ch_X_art_62_107|Valyuta tənzimi haqqında_art_3_120|“Azərbaycan Respublikası Mərkəzi Bankının normativ xarakterli aktlarının hazırlanması və qəbul edilməsi Qaydası”nın təsdiq edilməsi barədə_art_2_3|“Qiymətli kağızlar bazarında sui-istifadələrin qarşısının alınması haqqında Qaydalar”ın təsdiq edilməsi barədə_art_5_6|_Banklar haqqında_ Azərbaycan Respublikası Qanununun tətbiq edilməsi barədə_intro_1|“Azərbaycan Respublikası Mərkəzi Bankının normativ xarakterli aktlarının hazırlanması və qəbul edilməsi Qaydası”nın təsdiq edilməsi barədə_art_4_7,AML Sanksiya Dəyişiklikləri_intro_1:0.016393|AZƏRBAYCAN RESPUBLİKASININ QANUNU_ch_V_art_2_96:0.016393|Banklar Haqqında Qanun_ch_X_art_62_102:0.016129|Əmanətlərin sığortalanması haqqında_ch_II_art_24_28:0.016129|590-IIQ-Banklar haqqında_ch_X_art_62_107:0.015873|Valyuta tənzimi haqqında_art_3_120:0.015873|“Azərbaycan Respublikası Mərkəzi Bankının normativ xarakterli aktlarının hazırlanması və qəbul edilməsi Qaydası”nın təsdiq edilməsi barədə_art_2_3:0.015625|“Qiymətli kağızlar bazarında sui-istifadələrin qarşısının alınması haqqında Qaydalar”ın təsdiq edilməsi barədə_art_5_6:0.015625|_Banklar haqqında_ Azərbaycan Respublikası Qanununun tətbiq edilməsi barədə_intro_1:0.015385|“Azərbaycan Respublikası Mərkəzi Bankının normativ xarakterli aktlarının hazırlanması və qəbul edilməsi Qaydası”nın təsdiq edilməsi barədə_art_4_7:0.015385,|1||2||3||4|5|,1||2||3||4|||5
5,Nazirlər Kabinetinin 2015-ci il 21 oktyabr tarixli 336 nömrəli Qərarı ilə təsdiq edilmiş Qaydanın 3.1.4-cü yarımbəndində hansı dəyişiklik edilib?,AML Sanksiya Dəyişiklikləri_art_1_2,5b725bb224d33e2085294c793_intro_1|AML Sanksiya Dəyişiklikləri_art_1_2|AML Sanksiya Dəyişiklikləri_art_2_3|“Azərbaycan Respublikası rezidentlərinin qeyri-rezidentlərlə maliyyə əməliyyatlarına və neytral əməliyyatlara dair hesabatın tərtibi və təqdim edilməsi haqqında Təlimat”ın təsdiq edilməsi barədə_art_36_289|Azərbaycan Respublikasının 1999-cu il 22 iyun tarixli 689-IQ nömrəli Qanunu ilə təsdiq edilmiş «Ədalət mühakiməsinin rəsmi embleminin təsviri»ndə dəyişiklik edilməsi barədə_intro_1|“Azərbaycan Respublikası rezidentlərinin qeyri-rezidentlərlə maliyyə əməliyyatlarına və neytral əməliyyatlara dair hesabatın tərtibi və təqdim edilməsi haqqında Təlimat”ın təsdiq edilməsi barədə_art_32_44|AML Sanksiya Dəyişiklikləri_intro_1|“İnvestisiya şirkətinin davamlı kapital tələbləri haqqında Qaydalar”ın təsdiq edilməsi barədə_art_5_6|“Azərbaycan Respublikası Mərkəzi Bankının normativ xarakterli aktlarının hazırlanması və qəbul edilməsi Qaydası”nın təsdiq edilməsi barədə_art_4_7|“Azərbaycan Respublikası rezidentlərinin qeyri-rezidentlərlə maliyyə əməliyyatlarına və neytral əməliyyatlara dair hesabatın tərtibi və təqdim edilməsi haqqında Təlimat”ın təsdiq edilməsi barədə_art_13_156,5b725bb224d33e2085294c793_intro_1:0.016393|AML Sanksiya Dəyişiklikləri_art_1_2:0.016393|AML Sanksiya Dəyişiklikləri_art_2_3:0.016129|“Azərbaycan Respublikası rezidentlərinin qeyri-rezidentlərlə maliyyə əməliyyatlarına və neytral əməliyyatlara dair hesabatın tərtibi və təqdim edilməsi haqqında Təlimat”ın təsdiq edilməsi barədə_art_36_289:0.016129|Azərbaycan Respublikasının 1999-cu il 22 iyun tarixli 689-IQ nömrəli Qanunu ilə təsdiq edilmiş «Ədalət mühakiməsinin rəsmi embleminin təsviri»ndə dəyişiklik edilməsi barədə_intro_1:0.015873|“Azərbaycan Respublikası rezidentlərinin qeyri-rezidentlərlə maliyyə əməliyyatlarına və neytral əməliyyatlara dair hesabatın tərtibi və təqdim edilməsi haqqında Təlimat”ın təsdiq edilməsi barədə_art_32_44:0.015873|AML Sanksiya Dəyişiklikləri_intro_1:0.015625|“İnvestisiya şirkətinin davamlı kapital tələbləri haqqında Qaydalar”ın təsdiq edilməsi barədə_art_5_6:0.015625|“Azərbaycan Respublikası Mərkəzi Bankının normativ xarakterli aktlarının hazırlanması və qəbul edilməsi Qaydası”nın təsdiq edilməsi barədə_art_4_7:0.015385|“Azərbaycan Respublikası rezidentlərinin qeyri-rezidentlərlə maliyyə əməliyyatlarına və neytral əməliyyatlara dair hesabatın tərtibi və təqdim edilməsi haqqında Təlimat”ın təsdiq edilməsi barədə_art_13_156:0.015385,1|||2||3||4||5,|1|2||3||4||5|
6,337 nömrəli Qərarla təsdiq edilmiş Qaydanın 3.1.5-ci yarımbəndinə hansı dəyişikliklər edilib?,AML Sanksiya Dəyişiklikləri_art_2_3,AML Sanksiya Dəyişiklikləri_art_2_3|“Azərbaycan Respublikasının bank sistemində arxiv işinin aparılması haqqında Təlimat”ın təsdiq edilməsi barədə_art_50_67|beaf2f3b-d7c9-4377-8d69-d29758699119_art_4_7|“Azərbaycan Respublikası rezidentlərinin qeyri-rezidentlərlə maliyyə əməliyyatlarına və neytral əməliyyatlara dair hesabatın tərtibi və təqdim edilməsi haqqında Təlimat”ın təsdiq edilməsi barədə_art_36_289|4a6fbf3ba5bf66fda98b121c7_art_8_18_part3|“Azərbaycan Respublikasının bank sistemində arxiv işinin aparılması haqqında Təlimat”ın təsdiq edilməsi barədə_art_10_24|1dfb892e-6204-4404-9166-c861f06996fa_art_5_9_part1|“Azərbaycan Respublikasının bank sistemində arxiv işinin aparılması haqqında Təlimat”ın təsdiq edilməsi barədə_art_223_251|4a6fbf3ba5bf66fda98b121c7_art_2_3|“Azərbaycan Respublikasının bank sistemində arxiv işinin aparılması haqqında Təlimat”ın təsdiq edilməsi barədə_art_58_75,AML Sanksiya Dəyişiklikləri_art_2_3:0.016393|“Azərbaycan Respublikasının bank sistemində arxiv işinin aparılması haqqında Təlimat”ın təsdiq edilməsi barədə_art_50_67:0.016393|beaf2f3b-d7c9-4377-8d69-d29758699119_art_4_7:0.016129|“Azərbaycan Respublikası rezidentlərinin qeyri-rezidentlərlə maliyyə əməliyyatlarına və neytral əməliyyatlara dair hesabatın tərtibi və təqdim edilməsi haqqında Təlimat”ın təsdiq edilməsi barədə_art_36_289:0.016129|4a6fbf3ba5bf66fda98b121c7_art_8_18_part3:0.015873|“Azərbaycan Respublikasının bank sistemində arxiv işinin aparılması haqqında Təlimat”ın təsdiq edilməsi barədə_art_10_24:0.015873|1dfb892e-6204-4404-9166-c861f06996fa_art_5_9_part1:0.015625|“Azərbaycan Respublikasının bank sistemində arxiv işinin aparılması haqqında Təlimat”ın təsdiq edilməsi barədə_art_223_251:0.015625|4a6fbf3ba5bf66fda98b121c7_art_2_3:0.015385|“Azərbaycan Respublikasının bank sistemində arxiv işinin aparılması haqqında Təlimat”ın təsdiq edilməsi barədə_art_58_75:0.015385,|1||2||3||4||5,1||2||3||4||5|
7,"""Kommersiya hüquqi şəxslərin təsisçiləri (iştirakçıları)... barədə məlumatların verilməsi Qaydası""nda ""monitorinq iştirakçıları və monitorinqdə iştirak edən digər şəxslər"" termini nə ilə əvəz edilib və maliyyə institutları ilə qeyri-maliyyə institutları hansı meyarlarla fərqləndirilir?",AML Sanksiya Dəyişiklikləri_art_3_4_part1|AML Sanksiya Dəyişiklikləri_art_3_4_part2,AML Sanksiya Dəyişiklikləri_art_3_4_part1|“Azərbaycan Respublikası rezidentlərinin qeyri-rezidentlərlə maliyyə əməliyyatlarına və neytral əməliyyatlara dair hesabatın tərtibi və təqdim edilməsi haqqında Təlimat”ın təsdiq edilməsi barədə_art_115_368|AML Sanksiya Dəyişiklikləri_art_3_4_part2|Valyuta tənzimi haqqında_art_2_111|9018b71b0859bc7a490ea0f22_art_11_71|Cinayət yolu ilə əldə edilmiş əmlakın leqallaşdırılmasına və terrorçuluğun maliyyələşdirilməsinə qarşı mübarizə haqqında_art_3_7|9018b71b0859bc7a490ea0f22_art_2_39|Məcəllə_art_3_7|Cinayət yolu ilə əldə edilmiş əmlakın leqallaşdırılmasına və terrorçuluğun maliyyələşdirilməsinə qarşı mübarizə haqqında_art_14_22_part2|“Azərbaycan Respublikası rezidentlərinin qeyri-rezidentlərlə maliyyə əməliyyatlarına və neytral əməliyyatlara dair hesabatın tərtibi və təqdim edilməsi haqqında Təlimat”ın təsdiq edilməsi barədə_art_113_366,AML Sanksiya Dəyişiklikləri_art_3_4_part1:0.016393|“Azərbaycan Respublikası rezidentlərinin qeyri-rezidentlərlə maliyyə əməliyyatlarına və neytral əməliyyatlara dair hesabatın tərtibi və təqdim edilməsi haqqında Təlimat”ın təsdiq edilməsi barədə_art_115_368:0.016393|AML Sanksiya Dəyişiklikləri_art_3_4_part2:0.016129|Valyuta tənzimi haqqında_art_2_111:0.016129|9018b71b0859bc7a490ea0f22_art_11_71:0.015873|Cinayət yolu ilə əldə edilmiş əmlakın leqallaşdırılmasına və terrorçuluğun maliyyələşdirilməsinə qarşı mübarizə haqqında_art_3_7:0.015873|9018b71b0859bc7a490ea0f22_art_2_39:0.015625|Məcəllə_art_3_7:0.015625|Cinayət yolu ilə əldə edilmiş əmlakın leqallaşdırılmasına və terrorçuluğun maliyyələşdirilməsinə qarşı mübarizə haqqında_art_14_22_part2:0.015385|“Azərbaycan Respublikası rezidentlərinin qeyri-rezidentlərlə maliyyə əməliyyatlarına və neytral əməliyyatlara dair hesabatın tərtibi və təqdim edilməsi haqqında Təlimat”ın təsdiq edilməsi barədə_art_113_366:0.015385,|1||2|3||4|||5,1||2|||3||4|5|
8,"""AML Sanksiya Dəyişiklikləri"" Qərarı hansı tarixdə və hansı nömrə ilə qəbul edilib, kim tərəfindən imzalanıb və hansı köhnə qərar bu sənədin 4-cü bəndi ilə ləğv edilir?",AML Sanksiya Dəyişiklikləri_art_4_6,Banklar Haqqında Qanun_ch_X_art_62_102|“Dövlət qeydiyyatına alınmışdır”_art_4_5|590-IIQ-Banklar haqqında_ch_X_art_62_107|Əmanətlərin sığortalanması haqqında_ch_II_art_24_28|096312ee-c41c-4c1f-9edd-baf5f3187758_art_4_10|Banklar Haqqında Qanun_ch_VIII_art_57_91_part3|590-IIQ-Banklar haqqında_ch_VIII_art_57_96_part3|“Azərbaycan Respublikasının bank sistemində arxiv işinin aparılması haqqında Təlimat”ın təsdiq edilməsi barədə_art_249_277|5b725bb224d33e2085294c793_art_5_22|Cinayət yolu ilə əldə edilmiş əmlakın leqallaşdırılmasına və terrorçuluğun maliyyələşdirilməsinə qarşı mübarizə haqqında_art_6_13,Banklar Haqqında Qanun_ch_X_art_62_102:0.016393|“Dövlət qeydiyyatına alınmışdır”_art_4_5:0.016393|590-IIQ-Banklar haqqında_ch_X_art_62_107:0.016129|Əmanətlərin sığortalanması haqqında_ch_II_art_24_28:0.016129|096312ee-c41c-4c1f-9edd-baf5f3187758_art_4_10:0.015873|Banklar Haqqında Qanun_ch_VIII_art_57_91_part3:0.015873|590-IIQ-Banklar haqqında_ch_VIII_art_57_96_part3:0.015625|“Azərbaycan Respublikasının bank sistemində arxiv işinin aparılması haqqında Təlimat”ın təsdiq edilməsi barədə_art_249_277:0.015625|5b725bb224d33e2085294c793_art_5_22:0.015385|Cinayət yolu ilə əldə edilmiş əmlakın leqallaşdırılmasına və terrorçuluğun maliyyələşdirilməsinə qarşı mübarizə haqqında_art_6_13:0.015385,|1||2|3|||4|5|,1||2|||3|4|||5
9,"""Cinayət yolu ilə əldə edilmiş əmlakın leqallaşdırılmasına və terrorçuluğun maliyyələşdirilməsinə qarşı mübarizə haqqında"" Qanun hansı Konstitusiya maddəsinə əsaslanaraq qəbul edilib və hansı münasibətləri tənzimləyir?",Məcəllə_intro_1,096312ee-c41c-4c1f-9edd-baf5f3187758_art_9_56|Cinayət yolu ilə əldə edilmiş əmlakın leqallaşdırılmasına və terrorçuluğun maliyyələşdirilməsinə qarşı mübarizə haqqında_intro_1|AZƏRBAYCAN RESPUBLİKASININ QANUNU_intro_1|Məcəllə_intro_1|802-IIQ-Azərbaycan Respublikasının Mərkəzi Bankı haqqında_ch_IX_art_48_62|Əmanətlərin sığortalanması haqqında_ch_II_art_24_28|AZƏRBAYCAN RESPUBLİKASININ QANUNU_ch_IV_art_18_86|ba0d73daa9275fa1fe1e4694b_art_4_62|_Banklar haqqında_ Azərbaycan Respublikası Qanununun tətbiq edilməsi barədə_intro_1|“Azərbaycan Respublikası Mərkəzi Bankının normativ xarakterli aktlarının hazırlanması və qəbul edilməsi Qaydası”nın təsdiq edilməsi barədə_art_2_5,096312ee-c41c-4c1f-9edd-baf5f3187758_art_9_56:0.016393|Cinayət yolu ilə əldə edilmiş əmlakın leqallaşdırılmasına və terrorçuluğun maliyyələşdirilməsinə qarşı mübarizə haqqında_intro_1:0.016393|AZƏRBAYCAN RESPUBLİKASININ QANUNU_intro_1:0.016129|Məcəllə_intro_1:0.016129|802-IIQ-Azərbaycan Respublikasının Mərkəzi Bankı haqqında_ch_IX_art_48_62:0.015873|Əmanətlərin sığortalanması haqqında_ch_II_art_24_28:0.015873|AZƏRBAYCAN RESPUBLİKASININ QANUNU_ch_IV_art_18_86:0.015625|ba0d73daa9275fa1fe1e4694b_art_4_62:0.015625|_Banklar haqqında_ Azərbaycan Respublikası Qanununun tətbiq edilməsi barədə_intro_1:0.015385|“Azərbaycan Respublikası Mərkəzi Bankının normativ xarakterli aktlarının hazırlanması və qəbul edilməsi Qaydası”nın təsdiq edilməsi barədə_art_2_5:0.015385,1||2|||3||4|5|,|1||2|3||4|||5
10,"Qanuna görə ""öhdəlik daşıyan şəxslər"" kimlərdir və bu anlayış ""maliyyə institutları"" ilə ""qeyri-maliyyə institutları və peşə sahibləri"" anlayışlarından necə fərqlənir?",Məcəllə_art_1_2_part1,98a6608d0eb4e83b612fde01f_art_1_36|Cinayət yolu ilə əldə edilmiş əmlakın leqallaşdırılmasına və terrorçuluğun maliyyələşdirilməsinə qarşı mübarizə haqqında_art_14_22_part2|İstehlakçıların hüquqlarının müdafiəsi haqqında_ch_II_art_6_68|Məcəllə_art_14_22_part2|AZƏRBAYCAN RESPUBLİKASININ QANUNU_ch_II_art_10_38|Cinayət yolu ilə əldə edilmiş əmlakın leqallaşdırılmasına və terrorçuluğun maliyyələşdirilməsinə qarşı mübarizə haqqında_art_14_22_part1|AZƏRBAYCAN RESPUBLİKASININ QANUNU_ch_I_art_5_20|Məcəllə_art_14_22_part1|AZƏRBAYCAN RESPUBLİKASININ QANUNU_ch_I_art_2_11|Cinayət yolu ilə əldə edilmiş əmlakın leqallaşdırılmasına və terrorçuluğun maliyyələşdirilməsinə qarşı mübarizə haqqında_art_3_7,98a6608d0eb4e83b612fde01f_art_1_36:0.016393|Cinayət yolu ilə əldə edilmiş əmlakın leqallaşdırılmasına və terrorçuluğun maliyyələşdirilməsinə qarşı mübarizə haqqında_art_14_22_part2:0.016393|İstehlakçıların hüquqlarının müdafiəsi haqqında_ch_II_art_6_68:0.016129|Məcəllə_art_14_22_part2:0.016129|AZƏRBAYCAN RESPUBLİKASININ QANUNU_ch_II_art_10_38:0.015873|Cinayət yolu ilə əldə edilmiş əmlakın leqallaşdırılmasına və terrorçuluğun maliyyələşdirilməsinə qarşı mübarizə haqqında_art_14_22_part1:0.015873|AZƏRBAYCAN RESPUBLİKASININ QANUNU_ch_I_art_5_20:0.015625|Məcəllə_art_14_22_part1:0.015625|AZƏRBAYCAN RESPUBLİKASININ QANUNU_ch_I_art_2_11:0.015385|Cinayət yolu ilə əldə edilmiş əmlakın leqallaşdırılmasına və terrorçuluğun maliyyələşdirilməsinə qarşı mübarizə haqqında_art_3_7:0.015385,1||2||3||4||5|,|1||2||3||4||5
11,"Qanunun 1.1.8-ci yarımbəndinə əsasən hansı subyektlər ""maliyyə institutları"" kateqoriyasına aiddir?",Məcəllə_art_1_2_part1,590-IIQ-Banklar haqqında_ch_VIII_art_57_96_part2|Valyuta tənzimi haqqında_art_8_47|Banklar Haqqında Qanun_ch_VIII_art_57_91_part2|“Azərbaycan Respublikası rezidentlərinin qeyri-rezidentlərlə maliyyə əməliyyatlarına və neytral əməliyyatlara dair hesabatın tərtibi və təqdim edilməsi haqqında Təlimat”ın təsdiq edilməsi barədə_art_8_125|Müştəri Uyğunluğu və Risk Qiymətləndirməsi Qaydaları_art_4_11|“Azərbaycan Respublikası rezidentlərinin qeyri-rezidentlərlə maliyyə əməliyyatlarına və neytral əməliyyatlara dair hesabatın tərtibi və təqdim edilməsi haqqında Təlimat”ın təsdiq edilməsi barədə_art_8_20|1dfb892e-6204-4404-9166-c861f06996fa_art_5_9_part1|590-IIQ-Banklar haqqında_ch_VIII_196|Banklar Haqqında Qanun_ch_VIII_190|“Kredit ittifaqına bank əməliyyatının həyata keçirilməsi üçün lisenziya verilməsi Qaydası”nın təsdiq edilməsi haqqında_art_1_2,590-IIQ-Banklar haqqında_ch_VIII_art_57_96_part2:0.016393|Valyuta tənzimi haqqında_art_8_47:0.016393|Banklar Haqqında Qanun_ch_VIII_art_57_91_part2:0.016129|“Azərbaycan Respublikası rezidentlərinin qeyri-rezidentlərlə maliyyə əməliyyatlarına və neytral əməliyyatlara dair hesabatın tərtibi və təqdim edilməsi haqqında Təlimat”ın təsdiq edilməsi barədə_art_8_125:0.016129|Müştəri Uyğunluğu və Risk Qiymətləndirməsi Qaydaları_art_4_11:0.015873|“Azərbaycan Respublikası rezidentlərinin qeyri-rezidentlərlə maliyyə əməliyyatlarına və neytral əməliyyatlara dair hesabatın tərtibi və təqdim edilməsi haqqında Təlimat”ın təsdiq edilməsi barədə_art_8_20:0.015873|1dfb892e-6204-4404-9166-c861f06996fa_art_5_9_part1:0.015625|590-IIQ-Banklar haqqında_ch_VIII_196:0.015625|Banklar Haqqında Qanun_ch_VIII_190:0.015385|“Kredit ittifaqına bank əməliyyatının həyata keçirilməsi üçün lisenziya verilməsi Qaydası”nın təsdiq edilməsi haqqında_art_1_2:0.015385,|1||2||3||4|5|,1||2||3||4|||5
12,"Qanuna görə ""virtual aktiv"" anlayışı necə müəyyən edilir və hansı alətlər virtual aktiv hesab edilmir?",Məcəllə_art_1_2_part1,5b725bb224d33e2085294c793_art_15_32|Cinayət yolu ilə əldə edilmiş əmlakın leqallaşdırılmasına və terrorçuluğun maliyyələşdirilməsinə qarşı mübarizə haqqında_art_1_2_part1|5b725bb224d33e2085294c793_art_5_22|Məcəllə_art_1_2_part1|Auditor xidməti haqqında_art_2_3|İstehlakçıların hüquqlarının müdafiəsi haqqında_ch_V_art_5_102|5b725bb224d33e2085294c793_art_11_28|Valyuta tənzimi haqqında_art_1_106|Valyuta tənzimi haqqında_art_17_102|“Dövlət qeydiyyatına alınmışdır_art_7_11,5b725bb224d33e2085294c793_art_15_32:0.016393|Cinayət yolu ilə əldə edilmiş əmlakın leqallaşdırılmasına və terrorçuluğun maliyyələşdirilməsinə qarşı mübarizə haqqında_art_1_2_part1:0.016393|5b725bb224d33e2085294c793_art_5_22:0.016129|Məcəllə_art_1_2_part1:0.016129|Auditor xidməti haqqında_art_2_3:0.015873|İstehlakçıların hüquqlarının müdafiəsi haqqında_ch_V_art_5_102:0.015873|5b725bb224d33e2085294c793_art_11_28:0.015625|Valyuta tənzimi haqqında_art_1_106:0.015625|Valyuta tənzimi haqqında_art_17_102:0.015385|“Dövlət qeydiyyatına alınmışdır_art_7_11:0.015385,1||2|||3|4||5|,|1||2|3|||4||5
13,"Qanuna görə ""benefisiar mülkiyyətçi"" kim hesab edilir?",Məcəllə_art_1_2_part2,64b6f05f-196b-4894-9374-9e5c1c4df7a2_art_16_35|Valyuta tənzimi haqqında_art_1_106|933-IIIQ-Bank olmayan kredit təşkilatları haqqında_ch_I_art_3_5|Bank Hesabları Qaydası_art_16_35|Auditor xidməti haqqında_art_2_3|İstehlakçıların hüquqlarının müdafiəsi haqqında_ch_II_art_7_18|Bank Şöbələri və Valyuta Qaydası_art_2_6|Valyuta tənzimi haqqında_art_4_33|5b725bb224d33e2085294c793_art_9_26|İstehlakçıların hüquqlarının müdafiəsi haqqında_ch_II_art_5_8,64b6f05f-196b-4894-9374-9e5c1c4df7a2_art_16_35:0.016393|Valyuta tənzimi haqqında_art_1_106:0.016393|933-IIIQ-Bank olmayan kredit təşkilatları haqqında_ch_I_art_3_5:0.016129|Bank Hesabları Qaydası_art_16_35:0.016129|Auditor xidməti haqqında_art_2_3:0.015873|İstehlakçıların hüquqlarının müdafiəsi haqqında_ch_II_art_7_18:0.015873|Bank Şöbələri və Valyuta Qaydası_art_2_6:0.015625|Valyuta tənzimi haqqında_art_4_33:0.015625|5b725bb224d33e2085294c793_art_9_26:0.015385|İstehlakçıların hüquqlarının müdafiəsi haqqında_ch_II_art_5_8:0.015385,1|||2||3||4||5,|1|2||3||4||5|
14,"Qanunda ""mühüm iştirak payı"" hansı faiz həddi ilə müəyyən edilir?",Məcəllə_art_1_2_part2,5b725bb224d33e2085294c793_art_9_26|AZƏRBAYCAN RESPUBLİKASININ QANUNU_ch_IV_art_1_81|802-IIQ-Azərbaycan Respublikasının Mərkəzi Bankı haqqında_ch_IV_art_23_29|“Qiymətli kağızlar bazarında sui-istifadələrin qarşısının alınması haqqında Qaydalar”ın təsdiq edilməsi barədə_art_11_26|AZƏRBAYCAN RESPUBLİKASININ QANUNU_ch_III_art_4_63|“İnvestisiya şirkətinin davamlı kapital tələbləri haqqında Qaydalar”ın təsdiq edilməsi barədə_art_6_15_part1|802-IIQ-Azərbaycan Respublikasının Mərkəzi Bankı haqqında_ch_I_art_6_8|AZƏRBAYCAN RESPUBLİKASININ QANUNU_ch_III_art_1_74|AZƏRBAYCAN RESPUBLİKASININ QANUNU_ch_II_art_4_37|Banklar Haqqında Qanun_ch_III_art_22_35_part3,5b725bb224d33e2085294c793_art_9_26:0.016393|AZƏRBAYCAN RESPUBLİKASININ QANUNU_ch_IV_art_1_81:0.016393|802-IIQ-Azərbaycan Respublikasının Mərkəzi Bankı haqqında_ch_IV_art_23_29:0.016129|“Qiymətli kağızlar bazarında sui-istifadələrin qarşısının alınması haqqında Qaydalar”ın təsdiq edilməsi barədə_art_11_26:0.016129|AZƏRBAYCAN RESPUBLİKASININ QANUNU_ch_III_art_4_63:0.015873|“İnvestisiya şirkətinin davamlı kapital tələbləri haqqında Qaydalar”ın təsdiq edilməsi barədə_art_6_15_part1:0.015873|802-IIQ-Azərbaycan Respublikasının Mərkəzi Bankı haqqında_ch_I_art_6_8:0.015625|AZƏRBAYCAN RESPUBLİKASININ QANUNU_ch_III_art_1_74:0.015625|AZƏRBAYCAN RESPUBLİKASININ QANUNU_ch_II_art_4_37:0.015385|Banklar Haqqında Qanun_ch_III_art_22_35_part3:0.015385,|1||2|3|||4|5|,1||2|||3|4|||5
15,"""Siyasi nüfuzlu şəxslərin yaxın qohumları"" anlayışına hansı şəxslər daxildir?",Məcəllə_art_1_2_part3,Cinayət yolu ilə əldə edilmiş əmlakın leqallaşdırılmasına və terrorçuluğun maliyyələşdirilməsinə qarşı mübarizə haqqında_art_7_14|Məcəllə_art_7_14|64b6f05f-196b-4894-9374-9e5c1c4df7a2_art_19_38|Müştəri Uyğunluğu və Risk Qiymətləndirməsi Qaydaları_art_2_5_part1|45937180-250a-4b4a-b8e5-153945adb06d_art_16_24_part2|Bank Hesabları Qaydası_art_19_38|Cinayət yolu ilə əldə edilmiş əmlakın leqallaşdırılmasına və terrorçuluğun maliyyələşdirilməsinə qarşı mübarizə haqqında_art_1_2_part3|İstehlakçıların hüquqlarının müdafiəsi haqqında_ch_IV_87|64b6f05f-196b-4894-9374-9e5c1c4df7a2_art_6_74|Məcəllə_art_1_2_part3,Cinayət yolu ilə əldə edilmiş əmlakın leqallaşdırılmasına və terrorçuluğun maliyyələşdirilməsinə qarşı mübarizə haqqında_art_7_14:0.032787|Məcəllə_art_7_14:0.032258|64b6f05f-196b-4894-9374-9e5c1c4df7a2_art_19_38:0.015873|Müştəri Uyğunluğu və Risk Qiymətləndirməsi Qaydaları_art_2_5_part1:0.015873|45937180-250a-4b4a-b8e5-153945adb06d_art_16_24_part2:0.015625|Bank Hesabları Qaydası_art_19_38:0.015625|Cinayət yolu ilə əldə edilmiş əmlakın leqallaşdırılmasına və terrorçuluğun maliyyələşdirilməsinə qarşı mübarizə haqqında_art_1_2_part3:0.015385|İstehlakçıların hüquqlarının müdafiəsi haqqında_ch_IV_87:0.015385|64b6f05f-196b-4894-9374-9e5c1c4df7a2_art_6_74:0.015152|Məcəllə_art_1_2_part3:0.015152,1|2|3|||4||5|6|,1|2||3|4||5|||6
16,"Qanuna əsasən ""siyasi nüfuzlu şəxs"" statusuna hansı vəzifə sahibləri aiddir?",Məcəllə_art_1_2_part3,Cinayət yolu ilə əldə edilmiş əmlakın leqallaşdırılmasına və terrorçuluğun maliyyələşdirilməsinə qarşı mübarizə haqqında_art_7_14|Məcəllə_art_7_14|45937180-250a-4b4a-b8e5-153945adb06d_art_16_24_part2|64b6f05f-196b-4894-9374-9e5c1c4df7a2_art_19_38|45937180-250a-4b4a-b8e5-153945adb06d_art_16_24_part1|Bank Hesabları Qaydası_art_19_38|096312ee-c41c-4c1f-9edd-baf5f3187758_art_3_36|Cinayət yolu ilə əldə edilmiş əmlakın leqallaşdırılmasına və terrorçuluğun maliyyələşdirilməsinə qarşı mübarizə haqqında_art_1_2_part3|45937180-250a-4b4a-b8e5-153945adb06d_art_2_27|Məcəllə_art_1_2_part3,Cinayət yolu ilə əldə edilmiş əmlakın leqallaşdırılmasına və terrorçuluğun maliyyələşdirilməsinə qarşı mübarizə haqqında_art_7_14:0.029857|Məcəllə_art_7_14:0.029418|45937180-250a-4b4a-b8e5-153945adb06d_art_16_24_part2:0.016393|64b6f05f-196b-4894-9374-9e5c1c4df7a2_art_19_38:0.016393|45937180-250a-4b4a-b8e5-153945adb06d_art_16_24_part1:0.016129|Bank Hesabları Qaydası_art_19_38:0.016129|096312ee-c41c-4c1f-9edd-baf5f3187758_art_3_36:0.015873|Cinayət yolu ilə əldə edilmiş əmlakın leqallaşdırılmasına və terrorçuluğun maliyyələşdirilməsinə qarşı mübarizə haqqında_art_1_2_part3:0.015873|45937180-250a-4b4a-b8e5-153945adb06d_art_2_27:0.015625|Məcəllə_art_1_2_part3:0.015625,8|9||1||2|3||4|,6|7|1||2|||3||4
17,FATF nədir və hansı məqsədlə fəaliyyət göstərir?,Məcəllə_art_1_2_part3|Məcəllə_art_1_2_part4,802-IIQ-Azərbaycan Respublikasının Mərkəzi Bankı haqqında_ch_X_74|Cinayət yolu ilə əldə edilmiş əmlakın leqallaşdırılmasına və terrorçuluğun maliyyələşdirilməsinə qarşı mübarizə haqqında_art_9_16|64b6f05f-196b-4894-9374-9e5c1c4df7a2_art_20_39|Məcəllə_art_9_16|590-IIQ-Banklar haqqında_ch_I_art_5_9|Bank Hesabları Qaydası_art_20_39|AZƏRBAYCAN RESPUBLİKASININ QANUNU_ch_III_47|Banklar Haqqında Qanun_ch_I_art_5_9|933-IIIQ-Bank olmayan kredit təşkilatları haqqında_ch_IV_art_15_23|Valyuta tənzimi haqqında_art_14_90,802-IIQ-Azərbaycan Respublikasının Mərkəzi Bankı haqqında_ch_X_74:0.016393|Cinayət yolu ilə əldə edilmiş əmlakın leqallaşdırılmasına və terrorçuluğun maliyyələşdirilməsinə qarşı mübarizə haqqında_art_9_16:0.016393|64b6f05f-196b-4894-9374-9e5c1c4df7a2_art_20_39:0.016129|Məcəllə_art_9_16:0.016129|590-IIQ-Banklar haqqında_ch_I_art_5_9:0.015873|Bank Hesabları Qaydası_art_20_39:0.015873|AZƏRBAYCAN RESPUBLİKASININ QANUNU_ch_III_47:0.015625|Banklar Haqqında Qanun_ch_I_art_5_9:0.015625|933-IIIQ-Bank olmayan kredit təşkilatları haqqında_ch_IV_art_15_23:0.015385|Valyuta tənzimi haqqında_art_14_90:0.015385,1||2|||3|4|||5,|1||2|3|||4|5|
18,"Qanuna görə ""yüksək riskli zonalar"" hansı əlamətlərə görə müəyyən edilir?",Məcəllə_art_1_2_part4,933-IIIQ-Bank olmayan kredit təşkilatları haqqında_ch_I_art_3_5|ba0d73daa9275fa1fe1e4694b_art_1_31|9018b71b0859bc7a490ea0f22_art_4_25|Valyuta tənzimi haqqında_art_1_106|5b725bb224d33e2085294c793_art_3_20|Auditor xidməti haqqında_art_2_3|5b725bb224d33e2085294c793_art_9_26|Əməliyyat Risklərinin İdarə Edilməsi Qaydası_art_15_34|Cinayət yolu ilə əldə edilmiş əmlakın leqallaşdırılmasına və terrorçuluğun maliyyələşdirilməsinə qarşı mübarizə haqqında_art_9_16|Əməliyyat Risklərinin İdarə Edilməsi Qaydası_art_16_35,933-IIIQ-Bank olmayan kredit təşkilatları haqqında_ch_I_art_3_5:0.016393|ba0d73daa9275fa1fe1e4694b_art_1_31:0.016393|9018b71b0859bc7a490ea0f22_art_4_25:0.016129|Valyuta tənzimi haqqında_art_1_106:0.016129|5b725bb224d33e2085294c793_art_3_20:0.015873|Auditor xidməti haqqında_art_2_3:0.015873|5b725bb224d33e2085294c793_art_9_26:0.015625|Əməliyyat Risklərinin İdarə Edilməsi Qaydası_art_15_34:0.015625|Cinayət yolu ilə əldə edilmiş əmlakın leqallaşdırılmasına və terrorçuluğun maliyyələşdirilməsinə qarşı mübarizə haqqında_art_9_16:0.015385|Əməliyyat Risklərinin İdarə Edilməsi Qaydası_art_16_35:0.015385,|1|2||3|||4||5,1|||2||3|4||5|
19,Qanunun tətbiq dairəsinə görə bu Qanun kimlər arasındakı münasibətləri tənzimləyir və Azərbaycan yurisdiksiyasından kənar fəaliyyətə necə tətbiq olunur?,Məcəllə_art_2_6,Cinayət yolu ilə əldə edilmiş əmlakın leqallaşdırılmasına və terrorçuluğun maliyyələşdirilməsinə qarşı mübarizə haqqında_art_2_6|Məcəllə_art_2_6|Daxili audit haqqında_ch_I_art_2_4|Valyuta tənzimi haqqında_art_3_123|Daxili audit haqqında_ch_IV_art_12_17|“QEYDƏ ALINMIŞDIR” “TƏSDİQ EDİRƏM”_art_1_2|1e1594e275bb96ef2c75aa1e8_art_8_9|Valyuta tənzimi haqqında_art_2_107|Auditor xidməti haqqında_art_1_2|“Azərbaycan Respublikası rezidentlərinin qeyri-rezidentlərlə maliyyə əməliyyatlarına və neytral əməliyyatlara dair hesabatın tərtibi və təqdim edilməsi haqqında Təlimat”ın təsdiq edilməsi barədə_art_113_366,Cinayət yolu ilə əldə edilmiş əmlakın leqallaşdırılmasına və terrorçuluğun maliyyələşdirilməsinə qarşı mübarizə haqqında_art_2_6:0.032787|Məcəllə_art_2_6:0.032258|Daxili audit haqqında_ch_I_art_2_4:0.015873|Valyuta tənzimi haqqında_art_3_123:0.015873|Daxili audit haqqında_ch_IV_art_12_17:0.015625|“QEYDƏ ALINMIŞDIR” “TƏSDİQ EDİRƏM”_art_1_2:0.015625|1e1594e275bb96ef2c75aa1e8_art_8_9:0.015385|Valyuta tənzimi haqqında_art_2_107:0.015385|Auditor xidməti haqqında_art_1_2:0.015152|“Azərbaycan Respublikası rezidentlərinin qeyri-rezidentlərlə maliyyə əməliyyatlarına və neytral əməliyyatlara dair hesabatın tərtibi və təqdim edilməsi haqqında Təlimat”ın təsdiq edilməsi barədə_art_113_366:0.015152,1|2||3|4|||5||6,1|2|3|||4|5||6|
20,Qanunun tələbləri qeyri-maliyyə institutları və peşə sahiblərinə hansı hallarda tətbiq olunur?,Məcəllə_art_3_7,Cinayət yolu ilə əldə edilmiş əmlakın leqallaşdırılmasına və terrorçuluğun maliyyələşdirilməsinə qarşı mübarizə haqqında_art_3_7|Valyuta tənzimi haqqında_art_17_102|Məcəllə_art_3_7|“Azərbaycan Respublikası rezidentlərinin qeyri-rezidentlərlə maliyyə əməliyyatlarına və neytral əməliyyatlara dair hesabatın tərtibi və təqdim edilməsi haqqında Təlimat”ın təsdiq edilməsi barədə_art_113_366|Cinayət yolu ilə əldə edilmiş əmlakın leqallaşdırılmasına və terrorçuluğun maliyyələşdirilməsinə qarşı mübarizə haqqında_art_14_22_part2|“Azərbaycan Respublikası rezidentlərinin qeyri-rezidentlərlə maliyyə əməliyyatlarına və neytral əməliyyatlara dair hesabatın tərtibi və təqdim edilməsi haqqında Təlimat”ın təsdiq edilməsi barədə_art_112_365|Məcəllə_art_14_22_part2|“Azərbaycan Respublikası rezidentlərinin qeyri-rezidentlərlə maliyyə əməliyyatlarına və neytral əməliyyatlara dair hesabatın tərtibi və təqdim edilməsi haqqında Təlimat”ın təsdiq edilməsi barədə_art_115_368|9018b71b0859bc7a490ea0f22_art_11_71|Cinayət yolu ilə əldə edilmiş əmlakın leqallaşdırılmasına və terrorçuluğun maliyyələşdirilməsinə qarşı mübarizə haqqında_art_14_22_part1,Cinayət yolu ilə əldə edilmiş əmlakın leqallaşdırılmasına və terrorçuluğun maliyyələşdirilməsinə qarşı mübarizə haqqında_art_3_7:0.016393|Valyuta tənzimi haqqında_art_17_102:0.016393|Məcəllə_art_3_7:0.016129|“Azərbaycan Respublikası rezidentlərinin qeyri-rezidentlərlə maliyyə əməliyyatlarına və neytral əməliyyatlara dair hesabatın tərtibi və təqdim edilməsi haqqında Təlimat”ın təsdiq edilməsi barədə_art_113_366:0.016129|Cinayət yolu ilə əldə edilmiş əmlakın leqallaşdırılmasına və terrorçuluğun maliyyələşdirilməsinə qarşı mübarizə haqqında_art_14_22_part2:0.015873|“Azərbaycan Respublikası rezidentlərinin qeyri-rezidentlərlə maliyyə əməliyyatlarına və neytral əməliyyatlara dair hesabatın tərtibi və təqdim edilməsi haqqında Təlimat”ın təsdiq edilməsi barədə_art_112_365:0.015873|Məcəllə_art_14_22_part2:0.015625|“Azərbaycan Respublikası rezidentlərinin qeyri-rezidentlərlə maliyyə əməliyyatlarına və neytral əməliyyatlara dair hesabatın tərtibi və təqdim edilməsi haqqında Təlimat”ın təsdiq edilməsi barədə_art_115_368:0.015625|9018b71b0859bc7a490ea0f22_art_11_71:0.015385|Cinayət yolu ilə əldə edilmiş əmlakın leqallaşdırılmasına və terrorçuluğun maliyyələşdirilməsinə qarşı mübarizə haqqında_art_14_22_part1:0.015385,|1||2||3||4|5|,1||2||3||4|||5
21,"""Anbarların açılması, bağlanması və möhürlənməsi jurnalı"" üçün müəyyən edilmiş saxlanma müddəti neçə ildir?",“Azərbaycan Respublikasının bank sistemində arxiv işinin aparılması haqqında Təlimat”ın təsdiq edilməsi barədə_art_90_108,“Azərbaycan Respublikasının bank sistemində arxiv işinin aparılması haqqında Təlimat”ın təsdiq edilməsi barədə_art_90_108|“Azərbaycan Respublikasının bank sistemində arxiv işinin aparılması haqqında Təlimat”ın təsdiq edilməsi barədə_art_80_98|“Azərbaycan Respublikasının bank sistemində arxiv işinin aparılması haqqında Təlimat”ın təsdiq edilməsi barədə_art_8_13|“Azərbaycan Respublikasının bank sistemində arxiv işinin aparılması haqqında Təlimat”ın təsdiq edilməsi barədə_art_79_97|“Azərbaycan Respublikasının bank sistemində arxiv işinin aparılması haqqında Təlimat”ın təsdiq edilməsi barədə_art_96_115|“Azərbaycan Respublikasının bank sistemində arxiv işinin aparılması haqqında Təlimat”ın təsdiq edilməsi barədə_art_5_10|“Azərbaycan Respublikasının bank sistemində arxiv işinin aparılması haqqında Təlimat”ın təsdiq edilməsi barədə_art_97_116|64b6f05f-196b-4894-9374-9e5c1c4df7a2_art_3_107_part2|“Azərbaycan Respublikasının bank sistemində arxiv işinin aparılması haqqında Təlimat”ın təsdiq edilməsi barədə_art_183_208|64b6f05f-196b-4894-9374-9e5c1c4df7a2_art_3_107_part4,“Azərbaycan Respublikasının bank sistemində arxiv işinin aparılması haqqında Təlimat”ın təsdiq edilməsi barədə_art_90_108:0.032787|“Azərbaycan Respublikasının bank sistemində arxiv işinin aparılması haqqında Təlimat”ın təsdiq edilməsi barədə_art_80_98:0.016129|“Azərbaycan Respublikasının bank sistemində arxiv işinin aparılması haqqında Təlimat”ın təsdiq edilməsi barədə_art_8_13:0.016129|“Azərbaycan Respublikasının bank sistemində arxiv işinin aparılması haqqında Təlimat”ın təsdiq edilməsi barədə_art_79_97:0.015873|“Azərbaycan Respublikasının bank sistemində arxiv işinin aparılması haqqında Təlimat”ın təsdiq edilməsi barədə_art_96_115:0.015873|“Azərbaycan Respublikasının bank sistemində arxiv işinin aparılması haqqında Təlimat”ın təsdiq edilməsi barədə_art_5_10:0.015625|“Azərbaycan Respublikasının bank sistemində arxiv işinin aparılması haqqında Təlimat”ın təsdiq edilməsi barədə_art_97_116:0.015625|64b6f05f-196b-4894-9374-9e5c1c4df7a2_art_3_107_part2:0.015385|“Azərbaycan Respublikasının bank sistemində arxiv işinin aparılması haqqında Təlimat”ın təsdiq edilməsi barədə_art_183_208:0.015385|64b6f05f-196b-4894-9374-9e5c1c4df7a2_art_3_107_part4:0.015152,1|2|||3||4||5|,1||2|3||4||5||6
22,"""Nəzarət kitabı""nın saxlanma müddəti neçə ildir?",“Azərbaycan Respublikasının bank sistemində arxiv işinin aparılması haqqında Təlimat”ın təsdiq edilməsi barədə_art_93_111,“Azərbaycan Respublikasının bank sistemində arxiv işinin aparılması haqqında Təlimat”ın təsdiq edilməsi barədə_art_8_13|“Azərbaycan Respublikasının bank sistemində arxiv işinin aparılması haqqında Təlimat”ın təsdiq edilməsi barədə_art_94_112|“Azərbaycan Respublikasının bank sistemində arxiv işinin aparılması haqqında Təlimat”ın təsdiq edilməsi barədə_art_5_10|“Azərbaycan Respublikasının bank sistemində arxiv işinin aparılması haqqında Təlimat”ın təsdiq edilməsi barədə_art_87_105|“Azərbaycan Respublikasının bank sistemində arxiv işinin aparılması haqqında Təlimat”ın təsdiq edilməsi barədə_art_7_12|“Azərbaycan Respublikasının bank sistemində arxiv işinin aparılması haqqında Təlimat”ın təsdiq edilməsi barədə_art_85_103|“Azərbaycan Respublikasının bank sistemində arxiv işinin aparılması haqqında Təlimat”ın təsdiq edilməsi barədə_art_1_5|“Azərbaycan Respublikasının bank sistemində arxiv işinin aparılması haqqında Təlimat”ın təsdiq edilməsi barədə_art_93_111|“Azərbaycan Respublikasının bank sistemində arxiv işinin aparılması haqqında Təlimat”ın təsdiq edilməsi barədə_art_250_278|“Azərbaycan Respublikasının bank sistemində arxiv işinin aparılması haqqında Təlimat”ın təsdiq edilməsi barədə_art_80_98,“Azərbaycan Respublikasının bank sistemində arxiv işinin aparılması haqqında Təlimat”ın təsdiq edilməsi barədə_art_8_13:0.016393|“Azərbaycan Respublikasının bank sistemində arxiv işinin aparılması haqqında Təlimat”ın təsdiq edilməsi barədə_art_94_112:0.016393|“Azərbaycan Respublikasının bank sistemində arxiv işinin aparılması haqqında Təlimat”ın təsdiq edilməsi barədə_art_5_10:0.016129|“Azərbaycan Respublikasının bank sistemində arxiv işinin aparılması haqqında Təlimat”ın təsdiq edilməsi barədə_art_87_105:0.016129|“Azərbaycan Respublikasının bank sistemində arxiv işinin aparılması haqqında Təlimat”ın təsdiq edilməsi barədə_art_7_12:0.015873|“Azərbaycan Respublikasının bank sistemində arxiv işinin aparılması haqqında Təlimat”ın təsdiq edilməsi barədə_art_85_103:0.015873|“Azərbaycan Respublikasının bank sistemində arxiv işinin aparılması haqqında Təlimat”ın təsdiq edilməsi barədə_art_1_5:0.015625|“Azərbaycan Respublikasının bank sistemində arxiv işinin aparılması haqqında Təlimat”ın təsdiq edilməsi barədə_art_93_111:0.015625|“Azərbaycan Respublikasının bank sistemində arxiv işinin aparılması haqqında Təlimat”ın təsdiq edilməsi barədə_art_250_278:0.015385|“Azərbaycan Respublikasının bank sistemində arxiv işinin aparılması haqqında Təlimat”ın təsdiq edilməsi barədə_art_80_98:0.015385,|1||2||3||4||5,1||2||3||4||5|
23,"""Xəzinə departamentinin ehtiyat fondunda olan nağd pulun küpürlər üzrə qalığına dair hesabat"" (aylıq) hansı sənəd növüdür və saxlanma müddəti neçə ildir?",“Azərbaycan Respublikasının bank sistemində arxiv işinin aparılması haqqında Təlimat”ın təsdiq edilməsi barədə_art_95_113,“Azərbaycan Respublikasının bank sistemində arxiv işinin aparılması haqqında Təlimat”ın təsdiq edilməsi barədə_art_95_113|“Azərbaycan Respublikasının bank sistemində arxiv işinin aparılması haqqında Təlimat”ın təsdiq edilməsi barədə_art_69_87|“Azərbaycan Respublikasının bank sistemində arxiv işinin aparılması haqqında Təlimat”ın təsdiq edilməsi barədə_art_8_13|“Azərbaycan Respublikasının bank sistemində arxiv işinin aparılması haqqında Təlimat”ın təsdiq edilməsi barədə_art_72_90|“Azərbaycan Respublikasının bank sistemində arxiv işinin aparılması haqqında Təlimat”ın təsdiq edilməsi barədə_art_79_97|4a6fbf3ba5bf66fda98b121c7_art_11_23_part2|“Azərbaycan Respublikasının bank sistemində arxiv işinin aparılması haqqında Təlimat”ın təsdiq edilməsi barədə_art_70_88|802-IIQ-Azərbaycan Respublikasının Mərkəzi Bankı haqqında_ch_VI_art_37_45|“Azərbaycan Respublikasının bank sistemində arxiv işinin aparılması haqqında Təlimat”ın təsdiq edilməsi barədə_art_92_110|4a6fbf3ba5bf66fda98b121c7_art_7_16_part1,“Azərbaycan Respublikasının bank sistemində arxiv işinin aparılması haqqında Təlimat”ın təsdiq edilməsi barədə_art_95_113:0.032787|“Azərbaycan Respublikasının bank sistemində arxiv işinin aparılması haqqında Təlimat”ın təsdiq edilməsi barədə_art_69_87:0.016129|“Azərbaycan Respublikasının bank sistemində arxiv işinin aparılması haqqında Təlimat”ın təsdiq edilməsi barədə_art_8_13:0.016129|“Azərbaycan Respublikasının bank sistemində arxiv işinin aparılması haqqında Təlimat”ın təsdiq edilməsi barədə_art_72_90:0.015873|“Azərbaycan Respublikasının bank sistemində arxiv işinin aparılması haqqında Təlimat”ın təsdiq edilməsi barədə_art_79_97:0.015873|4a6fbf3ba5bf66fda98b121c7_art_11_23_part2:0.015625|“Azərbaycan Respublikasının bank sistemində arxiv işinin aparılması haqqında Təlimat”ın təsdiq edilməsi barədə_art_70_88:0.015625|802-IIQ-Azərbaycan Respublikasının Mərkəzi Bankı haqqında_ch_VI_art_37_45:0.015385|“Azərbaycan Respublikasının bank sistemində arxiv işinin aparılması haqqında Təlimat”ın təsdiq edilməsi barədə_art_92_110:0.015385|4a6fbf3ba5bf66fda98b121c7_art_7_16_part1:0.015152,1|2||3|||4||5|,1||2||3|4||5||6
24,"""Silahların alınması, verilməsi, saxlanması və uçotu məsələləri barədə sənədlər və yazışma""nın saxlanma müddəti neçə ildir?",“Azərbaycan Respublikasının bank sistemində arxiv işinin aparılması haqqında Təlimat”ın təsdiq edilməsi barədə_art_96_115,“Azərbaycan Respublikasının bank sistemində arxiv işinin aparılması haqqında Təlimat”ın təsdiq edilməsi barədə_art_96_115|“Azərbaycan Respublikasının bank sistemində arxiv işinin aparılması haqqında Təlimat”ın təsdiq edilməsi barədə_art_34_49|“Azərbaycan Respublikasının bank sistemində arxiv işinin aparılması haqqında Təlimat”ın təsdiq edilməsi barədə_art_250_278|“Azərbaycan Respublikasının bank sistemində arxiv işinin aparılması haqqında Təlimat”ın təsdiq edilməsi barədə_art_8_13|“Azərbaycan Respublikasının bank sistemində arxiv işinin aparılması haqqında Təlimat”ın təsdiq edilməsi barədə_art_97_116|“Azərbaycan Respublikasının bank sistemində arxiv işinin aparılması haqqında Təlimat”ın təsdiq edilməsi barədə_art_4_8_part1|“Azərbaycan Respublikasının bank sistemində arxiv işinin aparılması haqqında Təlimat”ın təsdiq edilməsi barədə_art_147_169|“Azərbaycan Respublikasının bank sistemində arxiv işinin aparılması haqqında Təlimat”ın təsdiq edilməsi barədə_art_254_282_part1|“Azərbaycan Respublikasının bank sistemində arxiv işinin aparılması haqqında Təlimat”ın təsdiq edilməsi barədə_art_7_12|“Azərbaycan Respublikasının bank sistemində arxiv işinin aparılması haqqında Təlimat”ın təsdiq edilməsi barədə_art_3_7,“Azərbaycan Respublikasının bank sistemində arxiv işinin aparılması haqqında Təlimat”ın təsdiq edilməsi barədə_art_96_115:0.032787|“Azərbaycan Respublikasının bank sistemində arxiv işinin aparılması haqqında Təlimat”ın təsdiq edilməsi barədə_art_34_49:0.029031|“Azərbaycan Respublikasının bank sistemində arxiv işinin aparılması haqqında Təlimat”ın təsdiq edilməsi barədə_art_250_278:0.028205|“Azərbaycan Respublikasının bank sistemində arxiv işinin aparılması haqqında Təlimat”ın təsdiq edilməsi barədə_art_8_13:0.016129|“Azərbaycan Respublikasının bank sistemində arxiv işinin aparılması haqqında Təlimat”ın təsdiq edilməsi barədə_art_97_116:0.016129|“Azərbaycan Respublikasının bank sistemində arxiv işinin aparılması haqqında Təlimat”ın təsdiq edilməsi barədə_art_4_8_part1:0.015873|“Azərbaycan Respublikasının bank sistemində arxiv işinin aparılması haqqında Təlimat”ın təsdiq edilməsi barədə_art_147_169:0.015625|“Azərbaycan Respublikasının bank sistemində arxiv işinin aparılması haqqında Təlimat”ın təsdiq edilməsi barədə_art_254_282_part1:0.015625|“Azərbaycan Respublikasının bank sistemində arxiv işinin aparılması haqqında Təlimat”ın təsdiq edilməsi barədə_art_7_12:0.015385|“Azərbaycan Respublikasının bank sistemində arxiv işinin aparılması haqqında Təlimat”ın təsdiq edilməsi barədə_art_3_7:0.015152,1|3|5||2||4|||,1|16|18|2||3||4|5|6
25,"""Qiymətlilərin inkassasiyası ilə bağlı müqavilələr"" üçün saxlanma müddəti neçə ildir və hansı əlavə şərt qeyd olunub?",“Azərbaycan Respublikasının bank sistemində arxiv işinin aparılması haqqında Təlimat”ın təsdiq edilməsi barədə_art_98_117,“Azərbaycan Respublikasının bank sistemində arxiv işinin aparılması haqqında Təlimat”ın təsdiq edilməsi barədə_art_8_13|“Azərbaycan Respublikasının bank sistemində arxiv işinin aparılması haqqında Təlimat”ın təsdiq edilməsi barədə_art_98_117|“Azərbaycan Respublikasının bank sistemində arxiv işinin aparılması haqqında Təlimat”ın təsdiq edilməsi barədə_art_101_120|“Azərbaycan Respublikasının bank sistemində arxiv işinin aparılması haqqında Təlimat”ın təsdiq edilməsi barədə_art_5_10|“Azərbaycan Respublikasının bank sistemində arxiv işinin aparılması haqqında Təlimat”ın təsdiq edilməsi barədə_art_124_146|“Azərbaycan Respublikasının bank sistemində arxiv işinin aparılması haqqında Təlimat”ın təsdiq edilməsi barədə_art_1_5|“Azərbaycan Respublikasının bank sistemində arxiv işinin aparılması haqqında Təlimat”ın təsdiq edilməsi barədə_art_205_232|“Azərbaycan Respublikasının bank sistemində arxiv işinin aparılması haqqında Təlimat”ın təsdiq edilməsi barədə_art_254_282_part1|Əmanətlərin sığortalanması haqqında_ch_II_art_9_13|“Azərbaycan Respublikasının bank sistemində arxiv işinin aparılması haqqında Təlimat”ın təsdiq edilməsi barədə_art_156_179,“Azərbaycan Respublikasının bank sistemində arxiv işinin aparılması haqqında Təlimat”ın təsdiq edilməsi barədə_art_8_13:0.016393|“Azərbaycan Respublikasının bank sistemində arxiv işinin aparılması haqqında Təlimat”ın təsdiq edilməsi barədə_art_98_117:0.016393|“Azərbaycan Respublikasının bank sistemində arxiv işinin aparılması haqqında Təlimat”ın təsdiq edilməsi barədə_art_101_120:0.016129|“Azərbaycan Respublikasının bank sistemində arxiv işinin aparılması haqqında Təlimat”ın təsdiq edilməsi barədə_art_5_10:0.016129|“Azərbaycan Respublikasının bank sistemində arxiv işinin aparılması haqqında Təlimat”ın təsdiq edilməsi barədə_art_124_146:0.015873|“Azərbaycan Respublikasının bank sistemində arxiv işinin aparılması haqqında Təlimat”ın təsdiq edilməsi barədə_art_1_5:0.015873|“Azərbaycan Respublikasının bank sistemində arxiv işinin aparılması haqqında Təlimat”ın təsdiq edilməsi barədə_art_205_232:0.015625|“Azərbaycan Respublikasının bank sistemində arxiv işinin aparılması haqqında Təlimat”ın təsdiq edilməsi barədə_art_254_282_part1:0.015625|Əmanətlərin sığortalanması haqqında_ch_II_art_9_13:0.015385|“Azərbaycan Respublikasının bank sistemində arxiv işinin aparılması haqqında Təlimat”ın təsdiq edilməsi barədə_art_156_179:0.015385,|1|2||3||4|||5,1|||2||3||4|5|
26,"""Saxlanca qoyulmuş sənədlər və qiymətlilər üzrə uçot kitabı""nın saxlanma müddəti nədir?",“Azərbaycan Respublikasının bank sistemində arxiv işinin aparılması haqqında Təlimat”ın təsdiq edilməsi barədə_art_85_103,“Azərbaycan Respublikasının bank sistemində arxiv işinin aparılması haqqında Təlimat”ın təsdiq edilməsi barədə_art_85_103|“Azərbaycan Respublikasının bank sistemində arxiv işinin aparılması haqqında Təlimat”ın təsdiq edilməsi barədə_art_88_106|“Azərbaycan Respublikasının bank sistemində arxiv işinin aparılması haqqında Təlimat”ın təsdiq edilməsi barədə_art_86_104|“Azərbaycan Respublikasının bank sistemində arxiv işinin aparılması haqqında Təlimat”ın təsdiq edilməsi barədə_art_8_13|“Azərbaycan Respublikasının bank sistemində arxiv işinin aparılması haqqında Təlimat”ın təsdiq edilməsi barədə_art_92_110|“Azərbaycan Respublikasının bank sistemində arxiv işinin aparılması haqqında Təlimat”ın təsdiq edilməsi barədə_art_36_52|“Azərbaycan Respublikası rezidentlərinin qeyri-rezidentlərlə maliyyə əməliyyatlarına və neytral əməliyyatlara dair hesabatın tərtibi və təqdim edilməsi haqqında Təlimat”ın təsdiq edilməsi barədə_art_10_216|“Azərbaycan Respublikası rezidentlərinin qeyri-rezidentlərlə maliyyə əməliyyatlarına və neytral əməliyyatlara dair hesabatın tərtibi və təqdim edilməsi haqqında Təlimat”ın təsdiq edilməsi barədə_art_36_242|“Azərbaycan Respublikasının bank sistemində arxiv işinin aparılması haqqında Təlimat”ın təsdiq edilməsi barədə_art_7_12|“Azərbaycan Respublikasının bank sistemində arxiv işinin aparılması haqqında Təlimat”ın təsdiq edilməsi barədə_art_3_7,“Azərbaycan Respublikasının bank sistemində arxiv işinin aparılması haqqında Təlimat”ın təsdiq edilməsi barədə_art_85_103:0.032787|“Azərbaycan Respublikasının bank sistemində arxiv işinin aparılması haqqında Təlimat”ın təsdiq edilməsi barədə_art_88_106:0.031025|“Azərbaycan Respublikasının bank sistemində arxiv işinin aparılması haqqında Təlimat”ın təsdiq edilməsi barədə_art_86_104:0.030118|“Azərbaycan Respublikasının bank sistemində arxiv işinin aparılması haqqında Təlimat”ın təsdiq edilməsi barədə_art_8_13:0.016129|“Azərbaycan Respublikasının bank sistemində arxiv işinin aparılması haqqında Təlimat”ın təsdiq edilməsi barədə_art_92_110:0.016129|“Azərbaycan Respublikasının bank sistemində arxiv işinin aparılması haqqında Təlimat”ın təsdiq edilməsi barədə_art_36_52:0.015873|“Azərbaycan Respublikası rezidentlərinin qeyri-rezidentlərlə maliyyə əməliyyatlarına və neytral əməliyyatlara dair hesabatın tərtibi və təqdim edilməsi haqqında Təlimat”ın təsdiq edilməsi barədə_art_10_216:0.015625|“Azərbaycan Respublikası rezidentlərinin qeyri-rezidentlərlə maliyyə əməliyyatlarına və neytral əməliyyatlara dair hesabatın tərtibi və təqdim edilməsi haqqında Təlimat”ın təsdiq edilməsi barədə_art_36_242:0.015385|“Azərbaycan Respublikasının bank sistemində arxiv işinin aparılması haqqında Təlimat”ın təsdiq edilməsi barədə_art_7_12:0.015385|“Azərbaycan Respublikasının bank sistemində arxiv işinin aparılması haqqında Təlimat”ın təsdiq edilməsi barədə_art_3_7:0.015152,1|6|9||2|3|4|5||,1|3|4|2|||||5|6
27,"""Ciddi hesabat blankları üzrə uçot kitabı""nın saxlanma müddəti nədir?",“Azərbaycan Respublikasının bank sistemində arxiv işinin aparılması haqqında Təlimat”ın təsdiq edilməsi barədə_art_87_105,“Azərbaycan Respublikasının bank sistemində arxiv işinin aparılması haqqında Təlimat”ın təsdiq edilməsi barədə_art_87_105|“Azərbaycan Respublikasının bank sistemində arxiv işinin aparılması haqqında Təlimat”ın təsdiq edilməsi barədə_art_150_172|“Azərbaycan Respublikasının bank sistemində arxiv işinin aparılması haqqında Təlimat”ın təsdiq edilməsi barədə_art_8_13|“Azərbaycan Respublikasının bank sistemində arxiv işinin aparılması haqqında Təlimat”ın təsdiq edilməsi barədə_art_85_103|“Dövlət qeydiyyatına alınmışdır_art_12_17|“Azərbaycan Respublikasının bank sistemində arxiv işinin aparılması haqqında Təlimat”ın təsdiq edilməsi barədə_art_5_10|“Azərbaycan Respublikasının bank sistemində arxiv işinin aparılması haqqında Təlimat”ın təsdiq edilməsi barədə_art_94_112|5b725bb224d33e2085294c793_art_14_31|“Azərbaycan Respublikasının bank sistemində arxiv işinin aparılması haqqında Təlimat”ın təsdiq edilməsi barədə_art_148_170|“Azərbaycan Respublikasının bank sistemində arxiv işinin aparılması haqqında Təlimat”ın təsdiq edilməsi barədə_art_125_147,“Azərbaycan Respublikasının bank sistemində arxiv işinin aparılması haqqında Təlimat”ın təsdiq edilməsi barədə_art_87_105:0.032787|“Azərbaycan Respublikasının bank sistemində arxiv işinin aparılması haqqında Təlimat”ın təsdiq edilməsi barədə_art_150_172:0.016129|“Azərbaycan Respublikasının bank sistemində arxiv işinin aparılması haqqında Təlimat”ın təsdiq edilməsi barədə_art_8_13:0.016129|“Azərbaycan Respublikasının bank sistemində arxiv işinin aparılması haqqında Təlimat”ın təsdiq edilməsi barədə_art_85_103:0.015873|“Dövlət qeydiyyatına alınmışdır_art_12_17:0.015873|“Azərbaycan Respublikasının bank sistemində arxiv işinin aparılması haqqında Təlimat”ın təsdiq edilməsi barədə_art_5_10:0.015625|“Azərbaycan Respublikasının bank sistemində arxiv işinin aparılması haqqında Təlimat”ın təsdiq edilməsi barədə_art_94_112:0.015625|5b725bb224d33e2085294c793_art_14_31:0.015385|“Azərbaycan Respublikasının bank sistemində arxiv işinin aparılması haqqında Təlimat”ın təsdiq edilməsi barədə_art_148_170:0.015385|“Azərbaycan Respublikasının bank sistemində arxiv işinin aparılması haqqında Təlimat”ın təsdiq edilməsi barədə_art_125_147:0.015152,1|2||3|||4||5|6,1||2||3|4||5||
28,"""Digər memorandum hesablar üzrə uçot kitabı"" hansı qurumlarda hansı saxlanma statusuna malikdir?",“Azərbaycan Respublikasının bank sistemində arxiv işinin aparılması haqqında Təlimat”ın təsdiq edilməsi barədə_art_89_107,“Azərbaycan Respublikasının bank sistemində arxiv işinin aparılması haqqında Təlimat”ın təsdiq edilməsi barədə_art_89_107|_Dövlət qeydiyyatına alınmışdır_art_5_7|“Azərbaycan Respublikasının bank sistemində arxiv işinin aparılması haqqında Təlimat”ın təsdiq edilməsi barədə_art_88_106|_Dövlət qeydiyyatına alınmışdır_art_6_8|“Azərbaycan Respublikası rezidentlərinin qeyri-rezidentlərlə maliyyə əməliyyatlarına və neytral əməliyyatlara dair hesabatın tərtibi və təqdim edilməsi haqqında Təlimat”ın təsdiq edilməsi barədə_art_7_124|“Azərbaycan Respublikası rezidentlərinin qeyri-rezidentlərlə maliyyə əməliyyatlarına və neytral əməliyyatlara dair hesabatın tərtibi və təqdim edilməsi haqqında Təlimat”ın təsdiq edilməsi barədə_art_2_208|“Azərbaycan Respublikasının bank sistemində arxiv işinin aparılması haqqında Təlimat”ın təsdiq edilməsi barədə_art_8_13|“Azərbaycan Respublikası rezidentlərinin qeyri-rezidentlərlə maliyyə əməliyyatlarına və neytral əməliyyatlara dair hesabatın tərtibi və təqdim edilməsi haqqında Təlimat”ın təsdiq edilməsi barədə_art_41_294|“QEYDƏ ALINMIŞDIR” “TƏSDİQ EDİRƏM”_art_4_5|5b725bb224d33e2085294c793_art_3_20,“Azərbaycan Respublikasının bank sistemində arxiv işinin aparılması haqqında Təlimat”ın təsdiq edilməsi barədə_art_89_107:0.032522|_Dövlət qeydiyyatına alınmışdır_art_5_7:0.016393|“Azərbaycan Respublikasının bank sistemində arxiv işinin aparılması haqqında Təlimat”ın təsdiq edilməsi barədə_art_88_106:0.016129|_Dövlət qeydiyyatına alınmışdır_art_6_8:0.015873|“Azərbaycan Respublikası rezidentlərinin qeyri-rezidentlərlə maliyyə əməliyyatlarına və neytral əməliyyatlara dair hesabatın tərtibi və təqdim edilməsi haqqında Təlimat”ın təsdiq edilməsi barədə_art_7_124:0.015873|“Azərbaycan Respublikası rezidentlərinin qeyri-rezidentlərlə maliyyə əməliyyatlarına və neytral əməliyyatlara dair hesabatın tərtibi və təqdim edilməsi haqqında Təlimat”ın təsdiq edilməsi barədə_art_2_208:0.015625|“Azərbaycan Respublikasının bank sistemində arxiv işinin aparılması haqqında Təlimat”ın təsdiq edilməsi barədə_art_8_13:0.015625|“Azərbaycan Respublikası rezidentlərinin qeyri-rezidentlərlə maliyyə əməliyyatlarına və neytral əməliyyatlara dair hesabatın tərtibi və təqdim edilməsi haqqında Təlimat”ın təsdiq edilməsi barədə_art_41_294:0.015385|“QEYDƏ ALINMIŞDIR” “TƏSDİQ EDİRƏM”_art_4_5:0.015385|5b725bb224d33e2085294c793_art_3_20:0.015152,1||2||3|4||5||6,2|1||3|||4||5|
29,"Təlimatın müvafiq bölməsində ""Qiymətlilərin inkassasiyası"" hansı bölmə/başlıq kimi qeyd olunub?",“Azərbaycan Respublikasının bank sistemində arxiv işinin aparılması haqqında Təlimat”ın təsdiq edilməsi barədə_art_2_114,“Azərbaycan Respublikası rezidentlərinin qeyri-rezidentlərlə maliyyə əməliyyatlarına və neytral əməliyyatlara dair hesabatın tərtibi və təqdim edilməsi haqqında Təlimat”ın təsdiq edilməsi barədə_art_2_6_part2|“Qiymətli kağızlar bazarında sui-istifadələrin qarşısının alınması haqqında Qaydalar”ın təsdiq edilməsi barədə_art_11_26|511cdc58f232d5d9395551ae8_art_1_10|5b725bb224d33e2085294c793_art_11_28|Azərbaycan Respublikasının Mərkəzi Bankı - Maliyyə institutlarında istehlakçıların şikayətlərinə baxılmasına dair Metodoloji Rəhbərlik_art_7_9|“Qiymətli kağızlar bazarında sui-istifadələrin qarşısının alınması haqqında Qaydalar”ın təsdiq edilməsi barədə_art_5_20|4a6fbf3ba5bf66fda98b121c7_art_13_27|“Azərbaycan Respublikasının bank sistemində arxiv işinin aparılması haqqında Təlimat”ın təsdiq edilməsi barədə_art_2_114|“Azərbaycan Respublikası rezidentlərinin qeyri-rezidentlərlə maliyyə əməliyyatlarına və neytral əməliyyatlara dair hesabatın tərtibi və təqdim edilməsi haqqında Təlimat”ın təsdiq edilməsi barədə_art_2_10|“Azərbaycan Respublikası rezidentlərinin qeyri-rezidentlərlə maliyyə əməliyyatlarına və neytral əməliyyatlara dair hesabatın tərtibi və təqdim edilməsi haqqında Təlimat”ın təsdiq edilməsi barədə_art_2_6_part1,“Azərbaycan Respublikası rezidentlərinin qeyri-rezidentlərlə maliyyə əməliyyatlarına və neytral əməliyyatlara dair hesabatın tərtibi və təqdim edilməsi haqqında Təlimat”ın təsdiq edilməsi barədə_art_2_6_part2:0.016393|“Qiymətli kağızlar bazarında sui-istifadələrin qarşısının alınması haqqında Qaydalar”ın təsdiq edilməsi barədə_art_11_26:0.016393|511cdc58f232d5d9395551ae8_art_1_10:0.016129|5b725bb224d33e2085294c793_art_11_28:0.016129|Azərbaycan Respublikasının Mərkəzi Bankı - Maliyyə institutlarında istehlakçıların şikayətlərinə baxılmasına dair Metodoloji Rəhbərlik_art_7_9:0.015873|“Qiymətli kağızlar bazarında sui-istifadələrin qarşısının alınması haqqında Qaydalar”ın təsdiq edilməsi barədə_art_5_20:0.015873|4a6fbf3ba5bf66fda98b121c7_art_13_27:0.015625|“Azərbaycan Respublikasının bank sistemində arxiv işinin aparılması haqqında Təlimat”ın təsdiq edilməsi barədə_art_2_114:0.015625|“Azərbaycan Respublikası rezidentlərinin qeyri-rezidentlərlə maliyyə əməliyyatlarına və neytral əməliyyatlara dair hesabatın tərtibi və təqdim edilməsi haqqında Təlimat”ın təsdiq edilməsi barədə_art_2_10:0.015385|“Azərbaycan Respublikası rezidentlərinin qeyri-rezidentlərlə maliyyə əməliyyatlarına və neytral əməliyyatlara dair hesabatın tərtibi və təqdim edilməsi haqqında Təlimat”ın təsdiq edilməsi barədə_art_2_6_part1:0.015385,|1||2||3||4|5|,1||2||3||4|||5
30,"""Qiymətlilərin inkassasiyası ilə bağlı yazışma""nın saxlanma müddəti neçə ildir?",“Azərbaycan Respublikasının bank sistemində arxiv işinin aparılması haqqında Təlimat”ın təsdiq edilməsi barədə_art_99_118,“Azərbaycan Respublikasının bank sistemində arxiv işinin aparılması haqqında Təlimat”ın təsdiq edilməsi barədə_art_99_118|“Azərbaycan Respublikasının bank sistemində arxiv işinin aparılması haqqında Təlimat”ın təsdiq edilməsi barədə_art_98_117|“Azərbaycan Respublikasının bank sistemində arxiv işinin aparılması haqqında Təlimat”ın təsdiq edilməsi barədə_art_8_13|“Azərbaycan Respublikasının bank sistemində arxiv işinin aparılması haqqında Təlimat”ın təsdiq edilməsi barədə_art_101_120|“Azərbaycan Respublikasının bank sistemində arxiv işinin aparılması haqqında Təlimat”ın təsdiq edilməsi barədə_art_5_10|“Azərbaycan Respublikasının bank sistemində arxiv işinin aparılması haqqında Təlimat”ın təsdiq edilməsi barədə_art_151_173|“Azərbaycan Respublikasının bank sistemində arxiv işinin aparılması haqqında Təlimat”ın təsdiq edilməsi barədə_art_7_12|“Azərbaycan Respublikasının bank sistemində arxiv işinin aparılması haqqında Təlimat”ın təsdiq edilməsi barədə_art_146_168|“Azərbaycan Respublikasının bank sistemində arxiv işinin aparılması haqqında Təlimat”ın təsdiq edilməsi barədə_art_100_119|“Azərbaycan Respublikasının bank sistemində arxiv işinin aparılması haqqında Təlimat”ın təsdiq edilməsi barədə_art_1_5,“Azərbaycan Respublikasının bank sistemində arxiv işinin aparılması haqqında Təlimat”ın təsdiq edilməsi barədə_art_99_118:0.032018|“Azərbaycan Respublikasının bank sistemində arxiv işinin aparılması haqqında Təlimat”ın təsdiq edilməsi barədə_art_98_117:0.030536|“Azərbaycan Respublikasının bank sistemində arxiv işinin aparılması haqqında Təlimat”ın təsdiq edilməsi barədə_art_8_13:0.016393|“Azərbaycan Respublikasının bank sistemində arxiv işinin aparılması haqqında Təlimat”ın təsdiq edilməsi barədə_art_101_120:0.016129|“Azərbaycan Respublikasının bank sistemində arxiv işinin aparılması haqqında Təlimat”ın təsdiq edilməsi barədə_art_5_10:0.016129|“Azərbaycan Respublikasının bank sistemində arxiv işinin aparılması haqqında Təlimat”ın təsdiq edilməsi barədə_art_151_173:0.015873|“Azərbaycan Respublikasının bank sistemində arxiv işinin aparılması haqqında Təlimat”ın təsdiq edilməsi barədə_art_7_12:0.015873|“Azərbaycan Respublikasının bank sistemində arxiv işinin aparılması haqqında Təlimat”ın təsdiq edilməsi barədə_art_146_168:0.015625|“Azərbaycan Respublikasının bank sistemində arxiv işinin aparılması haqqında Təlimat”ın təsdiq edilməsi barədə_art_100_119:0.015385|“Azərbaycan Respublikasının bank sistemində arxiv işinin aparılması haqqında Təlimat”ın təsdiq edilməsi barədə_art_1_5:0.015152,1|6||2||3||4|5|,4|5|1||2||3|||6
31,"Təlimatda saxlanma müddətləri cədvəlinin hansı bölməsi ""1. Beynəlxalq hesablaşmalar"" başlığı ilə başlayır?",“Azərbaycan Respublikasının bank sistemində arxiv işinin aparılması haqqında Təlimat”ın təsdiq edilməsi barədə_art_1_121,“Azərbaycan Respublikasının bank sistemində arxiv işinin aparılması haqqında Təlimat”ın təsdiq edilməsi barədə_art_1_121|“Azərbaycan Respublikasının bank sistemində arxiv işinin aparılması haqqında Təlimat”ın təsdiq edilməsi barədə_art_8_13|Azərbaycan Respublikası Prezidentinin Fərmanı_art_1_11|“Azərbaycan Respublikasının bank sistemində arxiv işinin aparılması haqqında Təlimat”ın təsdiq edilməsi barədə_art_5_10|511cdc58f232d5d9395551ae8_art_1_10|93968292987fc27975a90fcfd_art_1_47|8a4d0220-9312-4ef2-88e8-c65b607a186a_art_3_4|“Azərbaycan Respublikasının bank sistemində arxiv işinin aparılması haqqında Təlimat”ın təsdiq edilməsi barədə_art_254_282_part1|009aa733c2e8a69d2ccc41bf4_art_4_5|faa09ce5-3d98-48b1-ac48-e81ca3d9d4e7_art_3_4,“Azərbaycan Respublikasının bank sistemində arxiv işinin aparılması haqqında Təlimat”ın təsdiq edilməsi barədə_art_1_121:0.016393|“Azərbaycan Respublikasının bank sistemində arxiv işinin aparılması haqqında Təlimat”ın təsdiq edilməsi barədə_art_8_13:0.016393|Azərbaycan Respublikası Prezidentinin Fərmanı_art_1_11:0.016129|“Azərbaycan Respublikasının bank sistemində arxiv işinin aparılması haqqında Təlimat”ın təsdiq edilməsi barədə_art_5_10:0.016129|511cdc58f232d5d9395551ae8_art_1_10:0.015873|93968292987fc27975a90fcfd_art_1_47:0.015873|8a4d0220-9312-4ef2-88e8-c65b607a186a_art_3_4:0.015625|“Azərbaycan Respublikasının bank sistemində arxiv işinin aparılması haqqında Təlimat”ın təsdiq edilməsi barədə_art_254_282_part1:0.015625|009aa733c2e8a69d2ccc41bf4_art_4_5:0.015385|faa09ce5-3d98-48b1-ac48-e81ca3d9d4e7_art_3_4:0.015385,1||2|||3|4|||5,|1||2|3|||4|5|
32,"""Sənədli akkreditiv, yol çekləri və digər ödəniş vasitələrinə dair sənədlər və yazışmalar""ın saxlanma müddəti neçə ildir?",“Azərbaycan Respublikasının bank sistemində arxiv işinin aparılması haqqında Təlimat”ın təsdiq edilməsi barədə_art_103_123,“Azərbaycan Respublikasının bank sistemində arxiv işinin aparılması haqqında Təlimat”ın təsdiq edilməsi barədə_art_103_123|Azərbaycan Respublikasının Mərkəzi Bankı - Azərbaycan Respublikasının bank sistemində ödəniş vasitələrinin maliyyə hesabatlarında uçotu Qaydaları_art_5_7|“Azərbaycan Respublikasının bank sistemində arxiv işinin aparılması haqqında Təlimat”ın təsdiq edilməsi barədə_art_72_90|“Azərbaycan Respublikasının bank sistemində arxiv işinin aparılması haqqında Təlimat”ın təsdiq edilməsi barədə_art_8_13|“Azərbaycan Respublikasının bank sistemində arxiv işinin aparılması haqqında Təlimat”ın təsdiq edilməsi barədə_art_96_115|“Azərbaycan Respublikasının bank sistemində arxiv işinin aparılması haqqında Təlimat”ın təsdiq edilməsi barədə_art_7_12|“Azərbaycan Respublikasının bank sistemində arxiv işinin aparılması haqqında Təlimat”ın təsdiq edilməsi barədə_art_92_110|“Azərbaycan Respublikasının bank sistemində arxiv işinin aparılması haqqında Təlimat”ın təsdiq edilməsi barədə_art_1_5|“Azərbaycan Respublikasının bank sistemində arxiv işinin aparılması haqqında Təlimat”ın təsdiq edilməsi barədə_art_34_49|“Azərbaycan Respublikasının bank sistemində arxiv işinin aparılması haqqında Təlimat”ın təsdiq edilməsi barədə_art_183_208,“Azərbaycan Respublikasının bank sistemində arxiv işinin aparılması haqqında Təlimat”ın təsdiq edilməsi barədə_art_103_123:0.032787|Azərbaycan Respublikasının Mərkəzi Bankı - Azərbaycan Respublikasının bank sistemində ödəniş vasitələrinin maliyyə hesabatlarında uçotu Qaydaları_art_5_7:0.016129|“Azərbaycan Respublikasının bank sistemində arxiv işinin aparılması haqqında Təlimat”ın təsdiq edilməsi barədə_art_72_90:0.016129|“Azərbaycan Respublikasının bank sistemində arxiv işinin aparılması haqqında Təlimat”ın təsdiq edilməsi barədə_art_8_13:0.015873|“Azərbaycan Respublikasının bank sistemində arxiv işinin aparılması haqqında Təlimat”ın təsdiq edilməsi barədə_art_96_115:0.015873|“Azərbaycan Respublikasının bank sistemində arxiv işinin aparılması haqqında Təlimat”ın təsdiq edilməsi barədə_art_7_12:0.015625|“Azərbaycan Respublikasının bank sistemində arxiv işinin aparılması haqqında Təlimat”ın təsdiq edilməsi barədə_art_92_110:0.015625|“Azərbaycan Respublikasının bank sistemində arxiv işinin aparılması haqqında Təlimat”ın təsdiq edilməsi barədə_art_1_5:0.015385|“Azərbaycan Respublikasının bank sistemində arxiv işinin aparılması haqqında Təlimat”ın təsdiq edilməsi barədə_art_34_49:0.015385|“Azərbaycan Respublikasının bank sistemində arxiv işinin aparılması haqqında Təlimat”ın təsdiq edilməsi barədə_art_183_208:0.015152,1||2||3||4||5|6,1|2||3||4||5||
33,"Təlimatda saxlanma müddətləri cədvəlində ""2. Xarici valyuta əməliyyatları"" hansı bölmə kimi qeyd olunub?",“Azərbaycan Respublikasının bank sistemində arxiv işinin aparılması haqqında Təlimat”ın təsdiq edilməsi barədə_art_2_126,“Azərbaycan Respublikasının bank sistemində arxiv işinin aparılması haqqında Təlimat”ın təsdiq edilməsi barədə_art_2_126|“Azərbaycan Respublikasının bank sistemində arxiv işinin aparılması haqqında Təlimat”ın təsdiq edilməsi barədə_art_8_13|Valyuta tənzimi haqqında_art_2_17|“Azərbaycan Respublikasının bank sistemində arxiv işinin aparılması haqqında Təlimat”ın təsdiq edilməsi barədə_art_5_10|Azərbaycan Respublikası Prezidentinin Fərmanı_art_2_5_part1|“Azərbaycan Respublikası rezidentlərinin qeyri-rezidentlərlə maliyyə əməliyyatlarına və neytral əməliyyatlara dair hesabatın tərtibi və təqdim edilməsi haqqında Təlimat”ın təsdiq edilməsi barədə_art_2_10|1dfb892e-6204-4404-9166-c861f06996fa_art_5_9_part1|“Azərbaycan Respublikası rezidentlərinin qeyri-rezidentlərlə maliyyə əməliyyatlarına və neytral əməliyyatlara dair hesabatın tərtibi və təqdim edilməsi haqqında Təlimat”ın təsdiq edilməsi barədə_art_2_208|_Dövlət qeydiyyatına alınmışdır_art_5_7|“Dövlət qeydiyyatına alınmışdır”_art_2_2,“Azərbaycan Respublikasının bank sistemində arxiv işinin aparılması haqqında Təlimat”ın təsdiq edilməsi barədə_art_2_126:0.016393|“Azərbaycan Respublikasının bank sistemində arxiv işinin aparılması haqqında Təlimat”ın təsdiq edilməsi barədə_art_8_13:0.016393|Valyuta tənzimi haqqında_art_2_17:0.016129|“Azərbaycan Respublikasının bank sistemində arxiv işinin aparılması haqqında Təlimat”ın təsdiq edilməsi barədə_art_5_10:0.016129|Azərbaycan Respublikası Prezidentinin Fərmanı_art_2_5_part1:0.015873|“Azərbaycan Respublikası rezidentlərinin qeyri-rezidentlərlə maliyyə əməliyyatlarına və neytral əməliyyatlara dair hesabatın tərtibi və təqdim edilməsi haqqında Təlimat”ın təsdiq edilməsi barədə_art_2_10:0.015873|1dfb892e-6204-4404-9166-c861f06996fa_art_5_9_part1:0.015625|“Azərbaycan Respublikası rezidentlərinin qeyri-rezidentlərlə maliyyə əməliyyatlarına və neytral əməliyyatlara dair hesabatın tərtibi və təqdim edilməsi haqqında Təlimat”ın təsdiq edilməsi barədə_art_2_208:0.015625|_Dövlət qeydiyyatına alınmışdır_art_5_7:0.015385|“Dövlət qeydiyyatına alınmışdır”_art_2_2:0.015385,1||2|||3||4||5,|1||2|3||4||5|
34,"""Rezident və qeyri-rezidentlərin xarici valyuta hesabları üzrə aparılan əməliyyatları təsdiq edən sənədlər"" üçün saxlanma müddəti neçə ildir və hansı əlavə şərtlə hesablanır?",“Azərbaycan Respublikasının bank sistemində arxiv işinin aparılması haqqında Təlimat”ın təsdiq edilməsi barədə_art_107_128,“Azərbaycan Respublikasının bank sistemində arxiv işinin aparılması haqqında Təlimat”ın təsdiq edilməsi barədə_art_107_128|“Azərbaycan Respublikası rezidentlərinin qeyri-rezidentlərlə maliyyə əməliyyatlarına və neytral əməliyyatlara dair hesabatın tərtibi və təqdim edilməsi haqqında Təlimat”ın təsdiq edilməsi barədə_art_2_6_part1|“Azərbaycan Respublikasının bank sistemində arxiv işinin aparılması haqqında Təlimat”ın təsdiq edilməsi barədə_art_102_122|Valyuta tənzimi haqqında_art_2_92|“Azərbaycan Respublikasının bank sistemində arxiv işinin aparılması haqqında Təlimat”ın təsdiq edilməsi barədə_art_72_90|“Azərbaycan Respublikasının bank sistemində arxiv işinin aparılması haqqında Təlimat”ın təsdiq edilməsi barədə_art_138_160|“Fiziki şəxslərin bank hesablarından Azərbaycan Respublikasından kənara köçürülən xarici valyuta haqqında statistik hesabatın tərtibi və təqdim edilməsinə dair Təlimat”ın təsdiq edilməsi barədə_art_2_5|Valyuta tənzimi haqqında_art_16_101|“Azərbaycan Respublikasının bank sistemində arxiv işinin aparılması haqqında Təlimat”ın təsdiq edilməsi barədə_art_106_127|Dənizkənarı Bulvar İdarəsinin fəaliyyətinin təmin edilməsi haqqında_art_3_7_part1,“Azərbaycan Respublikasının bank sistemində arxiv işinin aparılması haqqında Təlimat”ın təsdiq edilməsi barədə_art_107_128:0.032787|“Azərbaycan Respublikası rezidentlərinin qeyri-rezidentlərlə maliyyə əməliyyatlarına və neytral əməliyyatlara dair hesabatın tərtibi və təqdim edilməsi haqqında Təlimat”ın təsdiq edilməsi barədə_art_2_6_part1:0.016129|“Azərbaycan Respublikasının bank sistemində arxiv işinin aparılması haqqında Təlimat”ın təsdiq edilməsi barədə_art_102_122:0.016129|Valyuta tənzimi haqqında_art_2_92:0.015873|“Azərbaycan Respublikasının bank sistemində arxiv işinin aparılması haqqında Təlimat”ın təsdiq edilməsi barədə_art_72_90:0.015873|“Azərbaycan Respublikasının bank sistemində arxiv işinin aparılması haqqında Təlimat”ın təsdiq edilməsi barədə_art_138_160:0.015625|“Fiziki şəxslərin bank hesablarından Azərbaycan Respublikasından kənara köçürülən xarici valyuta haqqında statistik hesabatın tərtibi və təqdim edilməsinə dair Təlimat”ın təsdiq edilməsi barədə_art_2_5:0.015625|Valyuta tənzimi haqqında_art_16_101:0.015385|“Azərbaycan Respublikasının bank sistemində arxiv işinin aparılması haqqında Təlimat”ın təsdiq edilməsi barədə_art_106_127:0.015385|Dənizkənarı Bulvar İdarəsinin fəaliyyətinin təmin edilməsi haqqında_art_3_7_part1:0.015152,1||2||3|4|||5|,1|2||3|||4|5||6
35,Hesabat-tədiyə balansının illik və rüblük hesabatları üçün saxlanma müddətləri nə qədərdir?,“Azərbaycan Respublikasının bank sistemində arxiv işinin aparılması haqqında Təlimat”ın təsdiq edilməsi barədə_art_109_130,“Azərbaycan Respublikasının bank sistemində arxiv işinin aparılması haqqında Təlimat”ın təsdiq edilməsi barədə_art_218_245|“Azərbaycan Respublikasının bank sistemində arxiv işinin aparılması haqqında Təlimat”ın təsdiq edilməsi barədə_art_109_130|“Azərbaycan Respublikasının bank sistemində arxiv işinin aparılması haqqında Təlimat”ın təsdiq edilməsi barədə_art_157_180|“Azərbaycan Respublikasının bank sistemində arxiv işinin aparılması haqqında Təlimat”ın təsdiq edilməsi barədə_art_128_150|“Azərbaycan Respublikasının bank sistemində arxiv işinin aparılması haqqında Təlimat”ın təsdiq edilməsi barədə_art_8_13|“Azərbaycan Respublikasının bank sistemində arxiv işinin aparılması haqqında Təlimat”ın təsdiq edilməsi barədə_art_127_149|“Azərbaycan Respublikasının bank sistemində arxiv işinin aparılması haqqında Təlimat”ın təsdiq edilməsi barədə_art_5_10|“Dövlət qeydiyyatına alınmışdır_art_18_23|“Azərbaycan Respublikasının bank sistemində arxiv işinin aparılması haqqında Təlimat”ın təsdiq edilməsi barədə_art_85_103|Valyuta tənzimi haqqında_art_2_100,“Azərbaycan Respublikasının bank sistemində arxiv işinin aparılması haqqında Təlimat”ın təsdiq edilməsi barədə_art_218_245:0.031010|“Azərbaycan Respublikasının bank sistemində arxiv işinin aparılması haqqında Təlimat”ın təsdiq edilməsi barədə_art_109_130:0.029052|“Azərbaycan Respublikasının bank sistemində arxiv işinin aparılması haqqında Təlimat”ın təsdiq edilməsi barədə_art_157_180:0.016393|“Azərbaycan Respublikasının bank sistemində arxiv işinin aparılması haqqında Təlimat”ın təsdiq edilməsi barədə_art_128_150:0.016129|“Azərbaycan Respublikasının bank sistemində arxiv işinin aparılması haqqında Təlimat”ın təsdiq edilməsi barədə_art_8_13:0.016129|“Azərbaycan Respublikasının bank sistemində arxiv işinin aparılması haqqında Təlimat”ın təsdiq edilməsi barədə_art_127_149:0.015873|“Azərbaycan Respublikasının bank sistemində arxiv işinin aparılması haqqında Təlimat”ın təsdiq edilməsi barədə_art_5_10:0.015873|“Dövlət qeydiyyatına alınmışdır_art_18_23:0.015625|“Azərbaycan Respublikasının bank sistemində arxiv işinin aparılması haqqında Təlimat”ın təsdiq edilməsi barədə_art_85_103:0.015385|Valyuta tənzimi haqqında_art_2_100:0.015152,4|19|1|2||3|||5|,5|1|||2||3|4||6
36,"""Xarici valyutalara sifarişlər""in saxlanma müddəti neçə ildir?",“Azərbaycan Respublikasının bank sistemində arxiv işinin aparılması haqqında Təlimat”ın təsdiq edilməsi barədə_art_111_132,“Azərbaycan Respublikasının bank sistemində arxiv işinin aparılması haqqında Təlimat”ın təsdiq edilməsi barədə_art_111_132|“Azərbaycan Respublikasının bank sistemində arxiv işinin aparılması haqqında Təlimat”ın təsdiq edilməsi barədə_art_8_13|“Azərbaycan Respublikasının bank sistemində arxiv işinin aparılması haqqında Təlimat”ın təsdiq edilməsi barədə_art_104_124|“Azərbaycan Respublikasının bank sistemində arxiv işinin aparılması haqqında Təlimat”ın təsdiq edilməsi barədə_art_5_10|“Azərbaycan Respublikasının bank sistemində arxiv işinin aparılması haqqında Təlimat”ın təsdiq edilməsi barədə_art_146_168|“Azərbaycan Respublikasının bank sistemində arxiv işinin aparılması haqqında Təlimat”ın təsdiq edilməsi barədə_art_7_12|“Azərbaycan Respublikasının bank sistemində arxiv işinin aparılması haqqında Təlimat”ın təsdiq edilməsi barədə_art_151_173|“Azərbaycan Respublikası rezidentlərinin qeyri-rezidentlərlə maliyyə əməliyyatlarına və neytral əməliyyatlara dair hesabatın tərtibi və təqdim edilməsi haqqında Təlimat”ın təsdiq edilməsi barədə_art_41_294|“Azərbaycan Respublikasının bank sistemində arxiv işinin aparılması haqqında Təlimat”ın təsdiq edilməsi barədə_art_1_5|“Azərbaycan Respublikası rezidentlərinin qeyri-rezidentlərlə maliyyə əməliyyatlarına və neytral əməliyyatlara dair hesabatın tərtibi və təqdim edilməsi haqqında Təlimat”ın təsdiq edilməsi barədə_art_37_290,“Azərbaycan Respublikasının bank sistemində arxiv işinin aparılması haqqında Təlimat”ın təsdiq edilməsi barədə_art_111_132:0.032018|“Azərbaycan Respublikasının bank sistemində arxiv işinin aparılması haqqında Təlimat”ın təsdiq edilməsi barədə_art_8_13:0.016393|“Azərbaycan Respublikasının bank sistemində arxiv işinin aparılması haqqında Təlimat”ın təsdiq edilməsi barədə_art_104_124:0.016129|“Azərbaycan Respublikasının bank sistemində arxiv işinin aparılması haqqında Təlimat”ın təsdiq edilməsi barədə_art_5_10:0.016129|“Azərbaycan Respublikasının bank sistemində arxiv işinin aparılması haqqında Təlimat”ın təsdiq edilməsi barədə_art_146_168:0.015873|“Azərbaycan Respublikasının bank sistemində arxiv işinin aparılması haqqında Təlimat”ın təsdiq edilməsi barədə_art_7_12:0.015873|“Azərbaycan Respublikasının bank sistemində arxiv işinin aparılması haqqında Təlimat”ın təsdiq edilməsi barədə_art_151_173:0.015625|“Azərbaycan Respublikası rezidentlərinin qeyri-rezidentlərlə maliyyə əməliyyatlarına və neytral əməliyyatlara dair hesabatın tərtibi və təqdim edilməsi haqqında Təlimat”ın təsdiq edilməsi barədə_art_41_294:0.015385|“Azərbaycan Respublikasının bank sistemində arxiv işinin aparılması haqqında Təlimat”ın təsdiq edilməsi barədə_art_1_5:0.015385|“Azərbaycan Respublikası rezidentlərinin qeyri-rezidentlərlə maliyyə əməliyyatlarına və neytral əməliyyatlara dair hesabatın tərtibi və təqdim edilməsi haqqında Təlimat”ın təsdiq edilməsi barədə_art_37_290:0.015152,1||2||3||4|5||6,4|1||2||3|||5|
37,"""Açılmış hesabların analitik uçotu üzrə qeydiyyatı kitabları"" hansı saxlanma statusuna malikdir?",“Azərbaycan Respublikasının bank sistemində arxiv işinin aparılması haqqında Təlimat”ın təsdiq edilməsi barədə_art_117_139,“Azərbaycan Respublikasının bank sistemində arxiv işinin aparılması haqqında Təlimat”ın təsdiq edilməsi barədə_art_117_139|5b725bb224d33e2085294c793_art_5_22|“Azərbaycan Respublikasının bank sistemində arxiv işinin aparılması haqqında Təlimat”ın təsdiq edilməsi barədə_art_115_137|_Dövlət qeydiyyatına alınmışdır_art_2_3|“Azərbaycan Respublikasının bank sistemində arxiv işinin aparılması haqqında Təlimat”ın təsdiq edilməsi barədə_art_36_52|“Azərbaycan Respublikasının bank sistemində arxiv işinin aparılması haqqında Təlimat”ın təsdiq edilməsi barədə_art_140_162|“Azərbaycan Respublikasının bank sistemində arxiv işinin aparılması haqqında Təlimat”ın təsdiq edilməsi barədə_art_85_103|_Dövlət qeydiyyatına alınmışdır_art_4_5_part1|“Azərbaycan Respublikasının bank sistemində arxiv işinin aparılması haqqında Təlimat”ın təsdiq edilməsi barədə_art_76_94|_Dövlət qeydiyyatına alınmışdır_art_8_10_part1,“Azərbaycan Respublikasının bank sistemində arxiv işinin aparılması haqqında Təlimat”ın təsdiq edilməsi barədə_art_117_139:0.032787|5b725bb224d33e2085294c793_art_5_22:0.016129|“Azərbaycan Respublikasının bank sistemində arxiv işinin aparılması haqqında Təlimat”ın təsdiq edilməsi barədə_art_115_137:0.016129|_Dövlət qeydiyyatına alınmışdır_art_2_3:0.015873|“Azərbaycan Respublikasının bank sistemində arxiv işinin aparılması haqqında Təlimat”ın təsdiq edilməsi barədə_art_36_52:0.015873|“Azərbaycan Respublikasının bank sistemində arxiv işinin aparılması haqqında Təlimat”ın təsdiq edilməsi barədə_art_140_162:0.015625|“Azərbaycan Respublikasının bank sistemində arxiv işinin aparılması haqqında Təlimat”ın təsdiq edilməsi barədə_art_85_103:0.015625|_Dövlət qeydiyyatına alınmışdır_art_4_5_part1:0.015385|“Azərbaycan Respublikasının bank sistemində arxiv işinin aparılması haqqında Təlimat”ın təsdiq edilməsi barədə_art_76_94:0.015385|_Dövlət qeydiyyatına alınmışdır_art_8_10_part1:0.015152,1|2|||3||4||5|,1||2|3||4||5||6
38,"Milli və xarici valyutada memorial və kassa sənədləri, habelə müştərilərin ödəniş sənədləri (ödəniş tapşırıqları, köçürmə ərizələri, svift bildirişləri və s.) neçə il saxlanmalıdır?",“Azərbaycan Respublikasının bank sistemində arxiv işinin aparılması haqqında Təlimat”ın təsdiq edilməsi barədə_art_118_140,“Azərbaycan Respublikasının bank sistemində arxiv işinin aparılması haqqında Təlimat”ın təsdiq edilməsi barədə_art_118_140|_Dövlət qeydiyyatına alınmışdır_art_14_23_part1|“Azərbaycan Respublikasının bank sistemində arxiv işinin aparılması haqqında Təlimat”ın təsdiq edilməsi barədə_art_78_96|_Dövlət qeydiyyatına alınmışdır_art_15_26_part1|“Azərbaycan Respublikasının bank sistemində arxiv işinin aparılması haqqında Təlimat”ın təsdiq edilməsi barədə_art_72_90|“Azərbaycan Respublikasının bank sistemində arxiv işinin aparılması haqqında Təlimat”ın təsdiq edilməsi barədə_art_125_147|“Azərbaycan Respublikasının bank sistemində arxiv işinin aparılması haqqında Təlimat”ın təsdiq edilməsi barədə_art_140_162|ad29955c-5a37-413c-937e-cd1e5988ae62_art_2_6|“Azərbaycan Respublikasının bank sistemində arxiv işinin aparılması haqqında Təlimat”ın təsdiq edilməsi barədə_art_139_161|ad29955c-5a37-413c-937e-cd1e5988ae62_art_1_5,“Azərbaycan Respublikasının bank sistemində arxiv işinin aparılması haqqında Təlimat”ın təsdiq edilməsi barədə_art_118_140:0.032787|_Dövlət qeydiyyatına alınmışdır_art_14_23_part1:0.016129|“Azərbaycan Respublikasının bank sistemində arxiv işinin aparılması haqqında Təlimat”ın təsdiq edilməsi barədə_art_78_96:0.016129|_Dövlət qeydiyyatına alınmışdır_art_15_26_part1:0.015873|“Azərbaycan Respublikasının bank sistemində arxiv işinin aparılması haqqında Təlimat”ın təsdiq edilməsi barədə_art_72_90:0.015873|“Azərbaycan Respublikasının bank sistemində arxiv işinin aparılması haqqında Təlimat”ın təsdiq edilməsi barədə_art_125_147:0.015625|“Azərbaycan Respublikasının bank sistemində arxiv işinin aparılması haqqında Təlimat”ın təsdiq edilməsi barədə_art_140_162:0.015625|ad29955c-5a37-413c-937e-cd1e5988ae62_art_2_6:0.015385|“Azərbaycan Respublikasının bank sistemində arxiv işinin aparılması haqqında Təlimat”ın təsdiq edilməsi barədə_art_139_161:0.015385|ad29955c-5a37-413c-937e-cd1e5988ae62_art_1_5:0.015152,1||2||3||4||5|,1|2||3||4||5||6
39,"""Müştərilərin hesabları üzrə bank çıxarışları""nın saxlanma müddəti neçə ildir?",“Azərbaycan Respublikasının bank sistemində arxiv işinin aparılması haqqında Təlimat”ın təsdiq edilməsi barədə_art_122_144,“Azərbaycan Respublikasının bank sistemində arxiv işinin aparılması haqqında Təlimat”ın təsdiq edilməsi barədə_art_122_144|“Azərbaycan Respublikasının bank sistemində arxiv işinin aparılması haqqında Təlimat”ın təsdiq edilməsi barədə_art_8_13|“Azərbaycan Respublikasının bank sistemində arxiv işinin aparılması haqqında Təlimat”ın təsdiq edilməsi barədə_art_123_145|“Azərbaycan Respublikasının bank sistemində arxiv işinin aparılması haqqında Təlimat”ın təsdiq edilməsi barədə_art_5_10|“Azərbaycan Respublikasının bank sistemində arxiv işinin aparılması haqqında Təlimat”ın təsdiq edilməsi barədə_art_121_143|“Azərbaycan Respublikasının bank sistemində arxiv işinin aparılması haqqında Təlimat”ın təsdiq edilməsi barədə_art_1_5|“Azərbaycan Respublikasının bank sistemində arxiv işinin aparılması haqqında Təlimat”ın təsdiq edilməsi barədə_art_139_161|“Azərbaycan Respublikasının bank sistemində arxiv işinin aparılması haqqında Təlimat”ın təsdiq edilməsi barədə_art_7_12|“Azərbaycan Respublikasının bank sistemində arxiv işinin aparılması haqqında Təlimat”ın təsdiq edilməsi barədə_art_140_162|“Azərbaycan Respublikasının bank sistemində arxiv işinin aparılması haqqında Təlimat”ın təsdiq edilməsi barədə_art_254_282_part1,“Azərbaycan Respublikasının bank sistemində arxiv işinin aparılması haqqında Təlimat”ın təsdiq edilməsi barədə_art_122_144:0.030679|“Azərbaycan Respublikasının bank sistemində arxiv işinin aparılması haqqında Təlimat”ın təsdiq edilməsi barədə_art_8_13:0.016393|“Azərbaycan Respublikasının bank sistemində arxiv işinin aparılması haqqında Təlimat”ın təsdiq edilməsi barədə_art_123_145:0.016129|“Azərbaycan Respublikasının bank sistemində arxiv işinin aparılması haqqında Təlimat”ın təsdiq edilməsi barədə_art_5_10:0.016129|“Azərbaycan Respublikasının bank sistemində arxiv işinin aparılması haqqında Təlimat”ın təsdiq edilməsi barədə_art_121_143:0.015873|“Azərbaycan Respublikasının bank sistemində arxiv işinin aparılması haqqında Təlimat”ın təsdiq edilməsi barədə_art_1_5:0.015873|“Azərbaycan Respublikasının bank sistemində arxiv işinin aparılması haqqında Təlimat”ın təsdiq edilməsi barədə_art_139_161:0.015625|“Azərbaycan Respublikasının bank sistemində arxiv işinin aparılması haqqında Təlimat”ın təsdiq edilməsi barədə_art_7_12:0.015625|“Azərbaycan Respublikasının bank sistemində arxiv işinin aparılması haqqında Təlimat”ın təsdiq edilməsi barədə_art_140_162:0.015385|“Azərbaycan Respublikasının bank sistemində arxiv işinin aparılması haqqında Təlimat”ın təsdiq edilməsi barədə_art_254_282_part1:0.015385,1||2||3||4||5|,10|1||2||3||4||5
40,"""Banklar haqqında"" Azərbaycan Respublikası Qanununun tətbiq edilməsi barədə Fərman neçənci tarixdə, kim tərəfindən imzalanıb və nə vaxt qüvvəyə minir?",Banklar haqqında Azərbaycan Respublikası Qanununun tətbiq edilməsi barədə_art_4_5_part2,_Banklar haqqında_ Azərbaycan Respublikası Qanununun tətbiq edilməsi barədə_intro_1|_Banklar haqqında_ Azərbaycan Respublikası Qanununun tətbiq edilməsi barədə_art_1_2|“Azərbaycan Respublikasının bank sistemində arxiv işinin aparılması haqqında Təlimat”ın təsdiq edilməsi barədə_art_15_29|8a4d0220-9312-4ef2-88e8-c65b607a186a_art_3_4|_Banklar haqqında_ Azərbaycan Respublikası Qanununun tətbiq edilməsi barədə_art_4_5_part2|_Dövlət qeydiyyatına alınmışdır__art_3_4|faa09ce5-3d98-48b1-ac48-e81ca3d9d4e7_art_3_4|402 _Azərbaycan Respublikasının Milli Bankı haqqında_ Azərbaycan Respublikası Qanununun tətbiq edilməsi barədə_intro_1|AZƏRBAYCAN RESPUBLİKASININ QANUNU_ch_V_art_1_107|Azərbaycan Respublikasının Mərkəzi Bankı - Bankların əsas vəsaitlərlə (əmlakla) apardıqları əməliyyatların tənzimlənməsi Qaydaları_art_8_9,_Banklar haqqında_ Azərbaycan Respublikası Qanununun tətbiq edilməsi barədə_intro_1:0.032787|_Banklar haqqında_ Azərbaycan Respublikası Qanununun tətbiq edilməsi barədə_art_1_2:0.016129|“Azərbaycan Respublikasının bank sistemində arxiv işinin aparılması haqqında Təlimat”ın təsdiq edilməsi barədə_art_15_29:0.016129|8a4d0220-9312-4ef2-88e8-c65b607a186a_art_3_4:0.015873|_Banklar haqqında_ Azərbaycan Respublikası Qanununun tətbiq edilməsi barədə_art_4_5_part2:0.015873|_Dövlət qeydiyyatına alınmışdır__art_3_4:0.015625|faa09ce5-3d98-48b1-ac48-e81ca3d9d4e7_art_3_4:0.015625|402 _Azərbaycan Respublikasının Milli Bankı haqqında_ Azərbaycan Respublikası Qanununun tətbiq edilməsi barədə_intro_1:0.015385|AZƏRBAYCAN RESPUBLİKASININ QANUNU_ch_V_art_1_107:0.015385|Azərbaycan Respublikasının Mərkəzi Bankı - Bankların əsas vəsaitlərlə (əmlakla) apardıqları əməliyyatların tənzimlənməsi Qaydaları_art_8_9:0.015152,1||2|3|||4||5|6,1|2|||3|4||5||
41,"""Banklar haqqında"" Qanunun 49.2-ci maddəsində nəzərdə tutulmuş sanksiyanın tətbiqinə dair materiallara baxılması qaydası kim tərəfindən və necə təsdiq edilir?",Banklar haqqında Azərbaycan Respublikası Qanununun tətbiq edilməsi barədə_art_4_5_part2,_Banklar haqqında_ Azərbaycan Respublikası Qanununun tətbiq edilməsi barədə_intro_1|096312ee-c41c-4c1f-9edd-baf5f3187758_art_4_51|590-IIQ-Banklar haqqında_ch_VI_art_50_73|Banklar Haqqında Qanun_ch_VI_art_50_73|Valyuta tənzimi haqqında_art_9_30|Valyuta tənzimi haqqında_art_19_109|_Banklar haqqında_ Azərbaycan Respublikası Qanununun tətbiq edilməsi barədə_art_4_5_part1|Valyuta tənzimi haqqında_art_2_107|_Banklar haqqında_ Azərbaycan Respublikası Qanununun tətbiq edilməsi barədə_art_4_5_part2|_Banklar haqqında_ Azərbaycan Respublikası Qanununun tətbiq edilməsi barədə_art_3_4,_Banklar haqqında_ Azərbaycan Respublikası Qanununun tətbiq edilməsi barədə_intro_1:0.029877|096312ee-c41c-4c1f-9edd-baf5f3187758_art_4_51:0.016393|590-IIQ-Banklar haqqında_ch_VI_art_50_73:0.016393|Banklar Haqqında Qanun_ch_VI_art_50_73:0.016129|Valyuta tənzimi haqqında_art_9_30:0.016129|Valyuta tənzimi haqqında_art_19_109:0.015873|_Banklar haqqında_ Azərbaycan Respublikası Qanununun tətbiq edilməsi barədə_art_4_5_part1:0.015873|Valyuta tənzimi haqqında_art_2_107:0.015625|_Banklar haqqında_ Azərbaycan Respublikası Qanununun tətbiq edilməsi barədə_art_4_5_part2:0.015625|_Banklar haqqında_ Azərbaycan Respublikası Qanununun tətbiq edilməsi barədə_art_3_4:0.015385,5|1|||2|3||4||,9||1|2|||3||4|5
42,12 aprel 2017-ci il tarixli 1336 nömrəli Prezident Fərmanı ilə Fərmanın 3.1-ci bəndinə hansı dəyişikliklər edilib?,Banklar haqqında Azərbaycan Respublikası Qanununun tətbiq edilməsi barədə_art_4_5_part3,_Banklar haqqında_ Azərbaycan Respublikası Qanununun tətbiq edilməsi barədə_art_4_5_part3|“Azərbaycan Respublikası rezidentlərinin qeyri-rezidentlərlə maliyyə əməliyyatlarına və neytral əməliyyatlara dair hesabatın tərtibi və təqdim edilməsi haqqında Təlimat”ın təsdiq edilməsi barədə_art_13_156|_Banklar haqqında_ Azərbaycan Respublikası Qanununun tətbiq edilməsi barədə_art_4_5_part2|“Azərbaycan Respublikasının bank sistemində arxiv işinin aparılması haqqında Təlimat”ın təsdiq edilməsi barədə_art_1_15|_Banklar haqqında_ Azərbaycan Respublikası Qanununun tətbiq edilməsi barədə_art_4_5_part4|“Azərbaycan Respublikası rezidentlərinin qeyri-rezidentlərlə maliyyə əməliyyatlarına və neytral əməliyyatlara dair hesabatın tərtibi və təqdim edilməsi haqqında Təlimat”ın təsdiq edilməsi barədə_art_63_114|Valyuta tənzimi haqqında_art_4_133_part1|“Azərbaycan Respublikası rezidentlərinin qeyri-rezidentlərlə maliyyə əməliyyatlarına və neytral əməliyyatlara dair hesabatın tərtibi və təqdim edilməsi haqqında Təlimat”ın təsdiq edilməsi barədə_art_36_289|402 _Azərbaycan Respublikasının Milli Bankı haqqında_ Azərbaycan Respublikası Qanununun tətbiq edilməsi barədə_art_4_5_part1|“Azərbaycan Respublikası rezidentlərinin qeyri-rezidentlərlə maliyyə əməliyyatlarına və neytral əməliyyatlara dair hesabatın tərtibi və təqdim edilməsi haqqında Təlimat”ın təsdiq edilməsi barədə_art_31_43,_Banklar haqqında_ Azərbaycan Respublikası Qanununun tətbiq edilməsi barədə_art_4_5_part3:0.016393|“Azərbaycan Respublikası rezidentlərinin qeyri-rezidentlərlə maliyyə əməliyyatlarına və neytral əməliyyatlara dair hesabatın tərtibi və təqdim edilməsi haqqında Təlimat”ın təsdiq edilməsi barədə_art_13_156:0.016393|_Banklar haqqında_ Azərbaycan Respublikası Qanununun tətbiq edilməsi barədə_art_4_5_part2:0.016129|“Azərbaycan Respublikasının bank sistemində arxiv işinin aparılması haqqında Təlimat”ın təsdiq edilməsi barədə_art_1_15:0.016129|_Banklar haqqında_ Azərbaycan Respublikası Qanununun tətbiq edilməsi barədə_art_4_5_part4:0.015873|“Azərbaycan Respublikası rezidentlərinin qeyri-rezidentlərlə maliyyə əməliyyatlarına və neytral əməliyyatlara dair hesabatın tərtibi və təqdim edilməsi haqqında Təlimat”ın təsdiq edilməsi barədə_art_63_114:0.015873|Valyuta tənzimi haqqında_art_4_133_part1:0.015625|“Azərbaycan Respublikası rezidentlərinin qeyri-rezidentlərlə maliyyə əməliyyatlarına və neytral əməliyyatlara dair hesabatın tərtibi və təqdim edilməsi haqqında Təlimat”ın təsdiq edilməsi barədə_art_36_289:0.015625|402 _Azərbaycan Respublikasının Milli Bankı haqqında_ Azərbaycan Respublikası Qanununun tətbiq edilməsi barədə_art_4_5_part1:0.015385|“Azərbaycan Respublikası rezidentlərinin qeyri-rezidentlərlə maliyyə əməliyyatlarına və neytral əməliyyatlara dair hesabatın tərtibi və təqdim edilməsi haqqında Təlimat”ın təsdiq edilməsi barədə_art_31_43:0.015385,|1||2||3||4||5,1||2||3||4||5|
43,Fərmanın 3.1-1-ci bəndinə hansı Fərmanlarla və hansı tarixlərdə əlavələr edilib?,Banklar haqqında Azərbaycan Respublikası Qanununun tətbiq edilməsi barədə_art_4_5_part3,Azərbaycan Respublikası Prezidentinin 1999-cu il 14 may tarixli 130 nömrəli Fərmanı ilə təsdiq edilmiş «Azərbaycan Respublikasının fəxri adları haqqında Əsasnamə»də dəyişikliklər edilməsi barədə_art_7_8|“Azərbaycan Respublikasının bank sistemində arxiv işinin aparılması haqqında Təlimat”ın təsdiq edilməsi barədə_art_36_52|c8ef8b99-7b1c-442c-bf14-1f015ec0cc8e_art_4_5|“Azərbaycan Respublikasının bank sistemində arxiv işinin aparılması haqqında Təlimat”ın təsdiq edilməsi barədə_art_20_35|Müştəri Uyğunluğu və Risk Qiymətləndirməsi Qaydaları_art_4_11|“Azərbaycan Respublikası rezidentlərinin qeyri-rezidentlərlə maliyyə əməliyyatlarına və neytral əməliyyatlara dair hesabatın tərtibi və təqdim edilməsi haqqında Təlimat”ın təsdiq edilməsi barədə_art_3_54|«Dövlət qeydiyyatına alınmışdır»_art_6_6|“Azərbaycan Respublikası rezidentlərinin qeyri-rezidentlərlə maliyyə əməliyyatlarına və neytral əməliyyatlara dair hesabatın tərtibi və təqdim edilməsi haqqında Təlimat”ın təsdiq edilməsi barədə_art_62_113|Azərbaycan Respublikası Prezidentinin 1999-cu il 14 may tarixli 130 nömrəli Fərmanı ilə təsdiq edilmiş «Azərbaycan Respublikasının fəxri adları haqqında Əsasnamə»də dəyişikliklər edilməsi barədə_art_3_4|“Azərbaycan Respublikasının bank sistemində arxiv işinin aparılması haqqında Təlimat”ın təsdiq edilməsi barədə_art_88_106,Azərbaycan Respublikası Prezidentinin 1999-cu il 14 may tarixli 130 nömrəli Fərmanı ilə təsdiq edilmiş «Azərbaycan Respublikasının fəxri adları haqqında Əsasnamə»də dəyişikliklər edilməsi barədə_art_7_8:0.016393|“Azərbaycan Respublikasının bank sistemində arxiv işinin aparılması haqqında Təlimat”ın təsdiq edilməsi barədə_art_36_52:0.016393|c8ef8b99-7b1c-442c-bf14-1f015ec0cc8e_art_4_5:0.016129|“Azərbaycan Respublikasının bank sistemində arxiv işinin aparılması haqqında Təlimat”ın təsdiq edilməsi barədə_art_20_35:0.016129|Müştəri Uyğunluğu və Risk Qiymətləndirməsi Qaydaları_art_4_11:0.015873|“Azərbaycan Respublikası rezidentlərinin qeyri-rezidentlərlə maliyyə əməliyyatlarına və neytral əməliyyatlara dair hesabatın tərtibi və təqdim edilməsi haqqında Təlimat”ın təsdiq edilməsi barədə_art_3_54:0.015873|«Dövlət qeydiyyatına alınmışdır»_art_6_6:0.015625|“Azərbaycan Respublikası rezidentlərinin qeyri-rezidentlərlə maliyyə əməliyyatlarına və neytral əməliyyatlara dair hesabatın tərtibi və təqdim edilməsi haqqında Təlimat”ın təsdiq edilməsi barədə_art_62_113:0.015625|Azərbaycan Respublikası Prezidentinin 1999-cu il 14 may tarixli 130 nömrəli Fərmanı ilə təsdiq edilmiş «Azərbaycan Respublikasının fəxri adları haqqında Əsasnamə»də dəyişikliklər edilməsi barədə_art_3_4:0.015385|“Azərbaycan Respublikasının bank sistemində arxiv işinin aparılması haqqında Təlimat”ın təsdiq edilməsi barədə_art_88_106:0.015385,|1||2||3||4||5,1||2||3||4||5|
44,Azərbaycan Respublikasının Mərkəzi Bankı haqqında Qanuna əsasən Mərkəzi Bankın müstəqilliyi nədən ibarətdir və hansı orqanlar onun fəaliyyətinə müdaxilə edə bilməz?,802-IIQ-Azərbaycan Respublikasının Mərkəzi Bankı haqqında_ch_I_art_6_8,802-IIQ-Azərbaycan Respublikasının Mərkəzi Bankı haqqında_ch_I_art_6_8|802-IIQ-Azərbaycan Respublikasının Mərkəzi Bankı haqqında_ch_XII_art_65_88|933-IIIQ-Bank olmayan kredit təşkilatları haqqında_ch_I_art_3_5|096312ee-c41c-4c1f-9edd-baf5f3187758_art_8_26|Valyuta tənzimi haqqında_art_2_19|802-IIQ-Azərbaycan Respublikasının Mərkəzi Bankı haqqında_ch_XII_art_61_84|Valyuta tənzimi haqqında_art_6_27|802-IIQ-Azərbaycan Respublikasının Mərkəzi Bankı haqqında_intro_1|933-IIIQ-Bank olmayan kredit təşkilatları haqqında_ch_V_art_24_33|AZƏRBAYCAN RESPUBLİKASININ QANUNU_ch_I_art_5_20,802-IIQ-Azərbaycan Respublikasının Mərkəzi Bankı haqqında_ch_I_art_6_8:0.032522|802-IIQ-Azərbaycan Respublikasının Mərkəzi Bankı haqqında_ch_XII_art_65_88:0.016393|933-IIIQ-Bank olmayan kredit təşkilatları haqqında_ch_I_art_3_5:0.016129|096312ee-c41c-4c1f-9edd-baf5f3187758_art_8_26:0.015873|Valyuta tənzimi haqqında_art_2_19:0.015873|802-IIQ-Azərbaycan Respublikasının Mərkəzi Bankı haqqında_ch_XII_art_61_84:0.015625|Valyuta tənzimi haqqında_art_6_27:0.015625|802-IIQ-Azərbaycan Respublikasının Mərkəzi Bankı haqqında_intro_1:0.015385|933-IIIQ-Bank olmayan kredit təşkilatları haqqında_ch_V_art_24_33:0.015385|AZƏRBAYCAN RESPUBLİKASININ QANUNU_ch_I_art_5_20:0.015152,2|1|||3|4||5||6,1||2|3|||4||5|
45,"Mərkəzi Bank dövlətin öhdəlikləri üçün, dövlət isə Mərkəzi Bankın öhdəlikləri üçün cavabdehdirmi və bu qaydanın hansı istisnası var?",802-IIQ-Azərbaycan Respublikasının Mərkəzi Bankı haqqında_ch_I_art_6_8,802-IIQ-Azərbaycan Respublikasının Mərkəzi Bankı haqqında_ch_III_art_15_19|AZƏRBAYCAN RESPUBLİKASININ QANUNU_ch_I_art_5_20|802-IIQ-Azərbaycan Respublikasının Mərkəzi Bankı haqqında_ch_I_art_6_8|802-IIQ-Azərbaycan Respublikasının Mərkəzi Bankı haqqında_ch_IX_art_46_111|802-IIQ-Azərbaycan Respublikasının Mərkəzi Bankı haqqında_ch_XII_art_65_88|802-IIQ-Azərbaycan Respublikasının Mərkəzi Bankı haqqında_ch_III_18|802-IIQ-Azərbaycan Respublikasının Mərkəzi Bankı haqqında_ch_IX_art_46_58|802-IIQ-Azərbaycan Respublikasının Mərkəzi Bankı haqqında_ch_VII_art_42_52|AZƏRBAYCAN RESPUBLİKASININ QANUNU_ch_IV_art_2_82|590-IIQ-Banklar haqqında_ch_I_art_2_6,802-IIQ-Azərbaycan Respublikasının Mərkəzi Bankı haqqında_ch_III_art_15_19:0.032522|AZƏRBAYCAN RESPUBLİKASININ QANUNU_ch_I_art_5_20:0.016393|802-IIQ-Azərbaycan Respublikasının Mərkəzi Bankı haqqında_ch_I_art_6_8:0.016129|802-IIQ-Azərbaycan Respublikasının Mərkəzi Bankı haqqında_ch_IX_art_46_111:0.015873|802-IIQ-Azərbaycan Respublikasının Mərkəzi Bankı haqqında_ch_XII_art_65_88:0.015873|802-IIQ-Azərbaycan Respublikasının Mərkəzi Bankı haqqında_ch_III_18:0.015625|802-IIQ-Azərbaycan Respublikasının Mərkəzi Bankı haqqında_ch_IX_art_46_58:0.015625|802-IIQ-Azərbaycan Respublikasının Mərkəzi Bankı haqqında_ch_VII_art_42_52:0.015385|AZƏRBAYCAN RESPUBLİKASININ QANUNU_ch_IV_art_2_82:0.015385|590-IIQ-Banklar haqqında_ch_I_art_2_6:0.015152,2|1|||3|4|||5|,1||2|3|||4|5||6
46,Mərkəzi Bank beynəlxalq əməkdaşlıq çərçivəsində hansı qurumlarla müqavilə və sazişlər bağlaya bilər?,802-IIQ-Azərbaycan Respublikasının Mərkəzi Bankı haqqında_ch_I_art_9_11,802-IIQ-Azərbaycan Respublikasının Mərkəzi Bankı haqqında_ch_I_art_9_11|802-IIQ-Azərbaycan Respublikasının Mərkəzi Bankı haqqında_ch_IX_art_51_117|802-IIQ-Azərbaycan Respublikasının Mərkəzi Bankı haqqında_ch_XII_art_51_108|590-IIQ-Banklar haqqında_ch_I_art_5_9|802-IIQ-Azərbaycan Respublikasının Mərkəzi Bankı haqqında_ch_VIII_art_45_56|Banklar Haqqında Qanun_ch_I_art_5_9|“Azərbaycan Respublikasının bank sistemində arxiv işinin aparılması haqqında Təlimat”ın təsdiq edilməsi barədə_art_44_61|802-IIQ-Azərbaycan Respublikasının Mərkəzi Bankı haqqında_ch_IX_art_50_116|Dənizkənarı Bulvar İdarəsinin fəaliyyətinin təmin edilməsi haqqında_art_66_77|AZƏRBAYCAN RESPUBLİKASININ QANUNU_ch_I_art_5_15,802-IIQ-Azərbaycan Respublikasının Mərkəzi Bankı haqqında_ch_I_art_9_11:0.032522|802-IIQ-Azərbaycan Respublikasının Mərkəzi Bankı haqqında_ch_IX_art_51_117:0.031545|802-IIQ-Azərbaycan Respublikasının Mərkəzi Bankı haqqında_ch_XII_art_51_108:0.016129|590-IIQ-Banklar haqqında_ch_I_art_5_9:0.015873|802-IIQ-Azərbaycan Respublikasının Mərkəzi Bankı haqqında_ch_VIII_art_45_56:0.015873|Banklar Haqqında Qanun_ch_I_art_5_9:0.015625|“Azərbaycan Respublikasının bank sistemində arxiv işinin aparılması haqqında Təlimat”ın təsdiq edilməsi barədə_art_44_61:0.015625|802-IIQ-Azərbaycan Respublikasının Mərkəzi Bankı haqqında_ch_IX_art_50_116:0.015385|Dənizkənarı Bulvar İdarəsinin fəaliyyətinin təmin edilməsi haqqında_art_66_77:0.015385|AZƏRBAYCAN RESPUBLİKASININ QANUNU_ch_I_art_5_15:0.015152,2|1|||3||4|5||6,1|6|2|3||4|||5|
47,Mərkəzi Bankın mənfəəti necə hesablanır və gəlirləri hansı mənbələr hesabına formalaşır?,802-IIQ-Azərbaycan Respublikasının Mərkəzi Bankı haqqında_ch_II_art_11_14,802-IIQ-Azərbaycan Respublikasının Mərkəzi Bankı haqqında_ch_II_art_11_14|802-IIQ-Azərbaycan Respublikasının Mərkəzi Bankı haqqında_ch_II_art_12_15|590-IIQ-Banklar haqqında_ch_V_63|98a6608d0eb4e83b612fde01f_art_4_13_part8|Banklar Haqqında Qanun_ch_V_63|ba0d73daa9275fa1fe1e4694b_art_2_22_part1|64b6f05f-196b-4894-9374-9e5c1c4df7a2_art_16_84|Əmanətlərin sığortalanması haqqında_ch_II_art_11_15|933-IIIQ-Bank olmayan kredit təşkilatları haqqında_ch_IV_art_16_24|Bank Hesabları Qaydası_art_16_84,802-IIQ-Azərbaycan Respublikasının Mərkəzi Bankı haqqında_ch_II_art_11_14:0.032787|802-IIQ-Azərbaycan Respublikasının Mərkəzi Bankı haqqında_ch_II_art_12_15:0.028571|590-IIQ-Banklar haqqında_ch_V_63:0.016129|98a6608d0eb4e83b612fde01f_art_4_13_part8:0.016129|Banklar Haqqında Qanun_ch_V_63:0.015873|ba0d73daa9275fa1fe1e4694b_art_2_22_part1:0.015873|64b6f05f-196b-4894-9374-9e5c1c4df7a2_art_16_84:0.015625|Əmanətlərin sığortalanması haqqında_ch_II_art_11_15:0.015625|933-IIIQ-Bank olmayan kredit təşkilatları haqqında_ch_IV_art_16_24:0.015385|Bank Hesabları Qaydası_art_16_84:0.015385,1|10|2||3||4|||5,1|10||2||3||4|5|
48,"""Azərbaycan Respublikasının Mərkəzi Bankı haqqında"" Qanunun III fəsli hansı münasibətləri tənzimləyir?",802-IIQ-Azərbaycan Respublikasının Mərkəzi Bankı haqqında_ch_III_18,802-IIQ-Azərbaycan Respublikasının Mərkəzi Bankı haqqında_ch_III_18|_Banklar haqqında_ Azərbaycan Respublikası Qanununun tətbiq edilməsi barədə_intro_1|_Dövlət qeydiyyatına alınmışdır__art_1_2|AZƏRBAYCAN RESPUBLİKASININ QANUNU_ch_I_art_3_9|“QEYDƏ ALINMIŞDIR” “TƏSDİQ EDİRƏM”_art_1_2|Valyuta tənzimi haqqında_art_3_117|Valyuta tənzimi haqqında_art_13_71|Valyuta tənzimi haqqında_art_13_88_part2|Dənizkənarı Bulvar İdarəsinin fəaliyyətinin təmin edilməsi haqqında_art_1_2_part4|“Ödəmə qabiliyyətini itirmiş bankların rezolyusiyası və sağlamlaşdırma tədbirləri çərçivəsində qeyri-işlək (toksik) aktivlərin təqdim edilməsi Qaydası”nın təsdiq edilməsi haqqında_art_3_4,802-IIQ-Azərbaycan Respublikasının Mərkəzi Bankı haqqında_ch_III_18:0.032266|_Banklar haqqında_ Azərbaycan Respublikası Qanununun tətbiq edilməsi barədə_intro_1:0.027693|_Dövlət qeydiyyatına alınmışdır__art_1_2:0.016393|AZƏRBAYCAN RESPUBLİKASININ QANUNU_ch_I_art_3_9:0.016129|“QEYDƏ ALINMIŞDIR” “TƏSDİQ EDİRƏM”_art_1_2:0.016129|Valyuta tənzimi haqqında_art_3_117:0.015873|Valyuta tənzimi haqqında_art_13_71:0.015625|Valyuta tənzimi haqqında_art_13_88_part2:0.015625|Dənizkənarı Bulvar İdarəsinin fəaliyyətinin təmin edilməsi haqqında_art_1_2_part4:0.015385|“Ödəmə qabiliyyətini itirmiş bankların rezolyusiyası və sağlamlaşdırma tədbirləri çərçivəsində qeyri-işlək (toksik) aktivlərin təqdim edilməsi Qaydası”nın təsdiq edilməsi haqqında_art_3_4:0.015385,1|17||2||3|4|||5,3|8|1||2|||4|5|
49,Kredit İttifaqının fəaliyyətinin əsas prinsipləri hansılardır?,AZƏRBAYCAN RESPUBLİKASININ QANUNU_ch_I_art_1_10,AZƏRBAYCAN RESPUBLİKASININ QANUNU_ch_I_art_3_9|AZƏRBAYCAN RESPUBLİKASININ QANUNU_ch_I_art_1_10|AZƏRBAYCAN RESPUBLİKASININ QANUNU_ch_III_art_14_59|AZƏRBAYCAN RESPUBLİKASININ QANUNU_ch_III_art_13_54|AZƏRBAYCAN RESPUBLİKASININ QANUNU_ch_III_art_12_48|AZƏRBAYCAN RESPUBLİKASININ QANUNU_ch_II_art_7_30|AZƏRBAYCAN RESPUBLİKASININ QANUNU_ch_II_art_6_27|AZƏRBAYCAN RESPUBLİKASININ QANUNU_ch_II_art_1_31|AZƏRBAYCAN RESPUBLİKASININ QANUNU_ch_I_art_1_3|AZƏRBAYCAN RESPUBLİKASININ QANUNU_ch_V_art_1_95,AZƏRBAYCAN RESPUBLİKASININ QANUNU_ch_I_art_3_9:0.032787|AZƏRBAYCAN RESPUBLİKASININ QANUNU_ch_I_art_1_10:0.032258|AZƏRBAYCAN RESPUBLİKASININ QANUNU_ch_III_art_14_59:0.028125|AZƏRBAYCAN RESPUBLİKASININ QANUNU_ch_III_art_13_54:0.027584|AZƏRBAYCAN RESPUBLİKASININ QANUNU_ch_III_art_12_48:0.027526|AZƏRBAYCAN RESPUBLİKASININ QANUNU_ch_II_art_7_30:0.027444|AZƏRBAYCAN RESPUBLİKASININ QANUNU_ch_II_art_6_27:0.026154|AZƏRBAYCAN RESPUBLİKASININ QANUNU_ch_II_art_1_31:0.015873|AZƏRBAYCAN RESPUBLİKASININ QANUNU_ch_I_art_1_3:0.015873|AZƏRBAYCAN RESPUBLİKASININ QANUNU_ch_V_art_1_95:0.015625,1|2|4|7|8|10|18||3|,1|2|20|19|18|16|15|3||4
50,Kredit ittifaqları Azərbaycan Respublikasının hansı sahədə nəzərdə tutulmuş vəzifələri həyata keçirirlər?,AZƏRBAYCAN RESPUBLİKASININ QANUNU_ch_I_art_2_14,AZƏRBAYCAN RESPUBLİKASININ QANUNU_ch_I_art_2_14|AZƏRBAYCAN RESPUBLİKASININ QANUNU_intro_1|Banklar Haqqında Qanun_ch_I_art_3_7|AZƏRBAYCAN RESPUBLİKASININ QANUNU_ch_III_art_1_74|Auditor xidməti haqqında_art_13_14|590-IIQ-Banklar haqqında_ch_I_art_3_7|“Azərbaycan Respublikası rezidentlərinin qeyri-rezidentlərlə maliyyə əməliyyatlarına və neytral əməliyyatlara dair hesabatın tərtibi və təqdim edilməsi haqqında Təlimat”ın təsdiq edilməsi barədə_art_33_201|“Azərbaycan Respublikası rezidentlərinin qeyri-rezidentlərlə maliyyə əməliyyatlarına və neytral əməliyyatlara dair hesabatın tərtibi və təqdim edilməsi haqqında Təlimat”ın təsdiq edilməsi barədə_art_27_195|“Kredit ittifaqına bank əməliyyatının həyata keçirilməsi üçün lisenziya verilməsi Qaydası”nın təsdiq edilməsi haqqında_art_1_2|AZƏRBAYCAN RESPUBLİKASININ QANUNU_ch_III_art_4_68,AZƏRBAYCAN RESPUBLİKASININ QANUNU_ch_I_art_2_14:0.032787|AZƏRBAYCAN RESPUBLİKASININ QANUNU_intro_1:0.016129|Banklar Haqqında Qanun_ch_I_art_3_7:0.016129|AZƏRBAYCAN RESPUBLİKASININ QANUNU_ch_III_art_1_74:0.015873|Auditor xidməti haqqında_art_13_14:0.015873|590-IIQ-Banklar haqqında_ch_I_art_3_7:0.015625|“Azərbaycan Respublikası rezidentlərinin qeyri-rezidentlərlə maliyyə əməliyyatlarına və neytral əməliyyatlara dair hesabatın tərtibi və təqdim edilməsi haqqında Təlimat”ın təsdiq edilməsi barədə_art_33_201:0.015625|“Azərbaycan Respublikası rezidentlərinin qeyri-rezidentlərlə maliyyə əməliyyatlarına və neytral əməliyyatlara dair hesabatın tərtibi və təqdim edilməsi haqqında Təlimat”ın təsdiq edilməsi barədə_art_27_195:0.015385|“Kredit ittifaqına bank əməliyyatının həyata keçirilməsi üçün lisenziya verilməsi Qaydası”nın təsdiq edilməsi haqqında_art_1_2:0.015385|AZƏRBAYCAN RESPUBLİKASININ QANUNU_ch_III_art_4_68:0.015152,1|2||3|||4|5||6,1||2||3|4|||5|
51,"""Əmanətlərin sığortalanması haqqında"" Qanunun II fəsli hansı mövzuya həsr olunub?",Əmanətlərin sığortalanması haqqında_ch_II_6,Əmanətlərin sığortalanması haqqında_ch_II_6|_Banklar haqqında_ Azərbaycan Respublikası Qanununun tətbiq edilməsi barədə_intro_1|“Azərbaycan Respublikasının bank sistemində arxiv işinin aparılması haqqında Təlimat”ın təsdiq edilməsi barədə_art_2_246|AZƏRBAYCAN RESPUBLİKASININ QANUNU_ch_IV_art_2_89|Dənizkənarı Bulvar İdarəsinin fəaliyyətinin təmin edilməsi haqqında_art_1_2_part4|590-IIQ-Banklar haqqında_ch_I_art_1_3_part3|AZƏRBAYCAN RESPUBLİKASININ QANUNU_ch_II_26|İstehlakçıların hüquqlarının müdafiəsi haqqında_ch_II_5|_Dövlət qeydiyyatına alınmışdır__art_1_2|45937180-250a-4b4a-b8e5-153945adb06d_art_2_27,Əmanətlərin sığortalanması haqqında_ch_II_6:0.032787|_Banklar haqqında_ Azərbaycan Respublikası Qanununun tətbiq edilməsi barədə_intro_1:0.016129|“Azərbaycan Respublikasının bank sistemində arxiv işinin aparılması haqqında Təlimat”ın təsdiq edilməsi barədə_art_2_246:0.016129|AZƏRBAYCAN RESPUBLİKASININ QANUNU_ch_IV_art_2_89:0.015873|Dənizkənarı Bulvar İdarəsinin fəaliyyətinin təmin edilməsi haqqında_art_1_2_part4:0.015873|590-IIQ-Banklar haqqında_ch_I_art_1_3_part3:0.015625|AZƏRBAYCAN RESPUBLİKASININ QANUNU_ch_II_26:0.015625|İstehlakçıların hüquqlarının müdafiəsi haqqında_ch_II_5:0.015385|_Dövlət qeydiyyatına alınmışdır__art_1_2:0.015385|45937180-250a-4b4a-b8e5-153945adb06d_art_2_27:0.015152,1||2|3|||4|5||6,1|2|||3|4|||5|
52,Əmanətlərin Sığortalanması Fondu sığorta hadisəsi baş verdikdə hansı funksiyanı yerinə yetirir?,Əmanətlərin sığortalanması haqqında_ch_II_art_4_8,Əmanətlərin sığortalanması haqqında_ch_II_art_4_8|Əmanətlərin sığortalanması haqqında_ch_II_6|Əmanətlərin sığortalanması haqqında_ch_I_art_2_4_part2|Əmanətlərin sığortalanması haqqında_intro_1|Azərbaycan Respublikası Prezidentinin 1999-cu il 14 may tarixli 130 nömrəli Fərmanı ilə təsdiq edilmiş «Azərbaycan Respublikasının fəxri adları haqqında Əsasnamə»də dəyişikliklər edilməsi barədə_art_10_11|AZƏRBAYCAN RESPUBLİKASININ QANUNU_ch_IV_art_1_88|Valyuta tənzimi haqqında_art_1_91|Əmanətlərin sığortalanması haqqında_ch_II_art_3_7|Əməliyyat Risklərinin İdarə Edilməsi Qaydası_art_4_23|Əmanətlərin sığortalanması haqqında_ch_I_art_2_4_part1,Əmanətlərin sığortalanması haqqında_ch_II_art_4_8:0.031099|Əmanətlərin sığortalanması haqqında_ch_II_6:0.031010|Əmanətlərin sığortalanması haqqında_ch_I_art_2_4_part2:0.030798|Əmanətlərin sığortalanması haqqında_intro_1:0.030159|Azərbaycan Respublikası Prezidentinin 1999-cu il 14 may tarixli 130 nömrəli Fərmanı ilə təsdiq edilmiş «Azərbaycan Respublikasının fəxri adları haqqında Əsasnamə»də dəyişikliklər edilməsi barədə_art_10_11:0.026686|AZƏRBAYCAN RESPUBLİKASININ QANUNU_ch_IV_art_1_88:0.016393|Valyuta tənzimi haqqında_art_1_91:0.016129|Əmanətlərin sığortalanması haqqında_ch_II_art_3_7:0.016129|Əməliyyat Risklərinin İdarə Edilməsi Qaydası_art_4_23:0.015625|Əmanətlərin sığortalanması haqqında_ch_I_art_2_4_part1:0.015385,8|5|7|3|17|1|2||4|,1|4|3|10|13|||2||5
53,Fond öhdəliklərini yerinə yetirmək üçün vəsaiti çatışmadıqda haradan borc vəsaiti cəlb edə bilər və kompensasiya ödədikdə həmin məbləği necə geri tələb edir?,Əmanətlərin sığortalanması haqqında_ch_II_art_4_8,AZƏRBAYCAN RESPUBLİKASININ QANUNU_ch_I_art_4_19|Əmanətlərin sığortalanması haqqında_ch_II_art_4_8|İstehlakçıların hüquqlarının müdafiəsi haqqında_ch_II_art_1_31|Əmanətlərin sığortalanması haqqında_ch_III_art_27_32|AZƏRBAYCAN RESPUBLİKASININ QANUNU_ch_IV_art_1_88|Əmanətlərin sığortalanması haqqında_ch_II_art_21_25|AZƏRBAYCAN RESPUBLİKASININ QANUNU_ch_IV_art_5_85|Əmanətlərin sığortalanması haqqında_ch_II_art_14_18|Əmanətlərin sığortalanması haqqında_ch_III_art_28_33|“Azərbaycan Respublikası rezidentlərinin qeyri-rezidentlərlə maliyyə əməliyyatlarına və neytral əməliyyatlara dair hesabatın tərtibi və təqdim edilməsi haqqında Təlimat”ın təsdiq edilməsi barədə_art_16_222,AZƏRBAYCAN RESPUBLİKASININ QANUNU_ch_I_art_4_19:0.016393|Əmanətlərin sığortalanması haqqında_ch_II_art_4_8:0.016393|İstehlakçıların hüquqlarının müdafiəsi haqqında_ch_II_art_1_31:0.016129|Əmanətlərin sığortalanması haqqında_ch_III_art_27_32:0.016129|AZƏRBAYCAN RESPUBLİKASININ QANUNU_ch_IV_art_1_88:0.015873|Əmanətlərin sığortalanması haqqında_ch_II_art_21_25:0.015873|AZƏRBAYCAN RESPUBLİKASININ QANUNU_ch_IV_art_5_85:0.015625|Əmanətlərin sığortalanması haqqında_ch_II_art_14_18:0.015625|Əmanətlərin sığortalanması haqqında_ch_III_art_28_33:0.015385|“Azərbaycan Respublikası rezidentlərinin qeyri-rezidentlərlə maliyyə əməliyyatlarına və neytral əməliyyatlara dair hesabatın tərtibi və təqdim edilməsi haqqında Təlimat”ın təsdiq edilməsi barədə_art_16_222:0.015385,1||2||3||4|||5,|1||2||3||4|5|
54,Fondun Himayəçilik Şurası hansı halda Fondun uzunmüddətli borc qiymətli kağızlarının buraxılması haqqında qərar qəbul edir və bu səlahiyyəti icraçı direktora həvalə edə bilərmi?,Əmanətlərin sığortalanması haqqında_ch_II_art_8_12,Əmanətlərin sığortalanması haqqında_ch_II_art_5_9|Azərbaycan Respublikası Prezidentinin 1999-cu il 14 may tarixli 130 nömrəli Fərmanı ilə təsdiq edilmiş «Azərbaycan Respublikasının fəxri adları haqqında Əsasnamə»də dəyişikliklər edilməsi barədə_art_10_11|Əmanətlərin sığortalanması haqqında_ch_II_art_8_12|Əmanətlərin sığortalanması haqqında_ch_II_art_7_11|“İpoteka örtüyünün reyestrinin aparılması və sərəncamçı tərəfindən ipoteka örtüyünün yoxlanılmasının nəticələri barədə hesabata dair tələblər haqqında Qaydalar”ın təsdiq edilməsi barədə_art_3_4|Əmanətlərin sığortalanması haqqında_ch_II_art_10_14|“İnvestisiya qiymətli kağızlarının qiymətinin sabitləşdirilməsi haqqında Qaydalar”ın təsdiq edilməsi barədə_art_3_4|Əmanətlərin sığortalanması haqqında_ch_II_art_20_24|“Azərbaycan Respublikası rezidentlərinin qeyri-rezidentlərlə maliyyə əməliyyatlarına və neytral əməliyyatlara dair hesabatın tərtibi və təqdim edilməsi haqqında Təlimat”ın təsdiq edilməsi barədə_art_10_216|Əmanətlərin sığortalanması haqqında_ch_II_art_6_10,Əmanətlərin sığortalanması haqqında_ch_II_art_5_9:0.029877|Azərbaycan Respublikası Prezidentinin 1999-cu il 14 may tarixli 130 nömrəli Fərmanı ilə təsdiq edilmiş «Azərbaycan Respublikasının fəxri adları haqqında Əsasnamə»də dəyişikliklər edilməsi barədə_art_10_11:0.016393|Əmanətlərin sığortalanması haqqında_ch_II_art_8_12:0.016393|Əmanətlərin sığortalanması haqqında_ch_II_art_7_11:0.016129|“İpoteka örtüyünün reyestrinin aparılması və sərəncamçı tərəfindən ipoteka örtüyünün yoxlanılmasının nəticələri barədə hesabata dair tələblər haqqında Qaydalar”ın təsdiq edilməsi barədə_art_3_4:0.016129|Əmanətlərin sığortalanması haqqında_ch_II_art_10_14:0.015873|“İnvestisiya qiymətli kağızlarının qiymətinin sabitləşdirilməsi haqqında Qaydalar”ın təsdiq edilməsi barədə_art_3_4:0.015873|Əmanətlərin sığortalanması haqqında_ch_II_art_20_24:0.015625|“Azərbaycan Respublikası rezidentlərinin qeyri-rezidentlərlə maliyyə əməliyyatlarına və neytral əməliyyatlara dair hesabatın tərtibi və təqdim edilməsi haqqında Təlimat”ın təsdiq edilməsi barədə_art_10_216:0.015625|Əmanətlərin sığortalanması haqqında_ch_II_art_6_10:0.015385,5|1|||2||3||4|,9||1|2||3||4||5
55,"Fondun icraçı direktoru necə təyin edilir, səlahiyyət müddəti neçə ildir və hansı tələblərə cavab verməlidir?",Əmanətlərin sığortalanması haqqında_ch_II_art_9_13,Əmanətlərin sığortalanması haqqında_ch_II_art_9_13|Əmanətlərin sığortalanması haqqında_ch_II_art_5_9|Əmanətlərin sığortalanması haqqında_ch_II_art_6_10|Əmanətlərin sığortalanması haqqında_ch_II_art_10_14|“Azərbaycan Respublikasının bank sistemində arxiv işinin aparılması haqqında Təlimat”ın təsdiq edilməsi barədə_art_29_44|Əmanətlərin sığortalanması haqqında_ch_II_art_8_12|“Azərbaycan Respublikasının bank sistemində arxiv işinin aparılması haqqında Təlimat”ın təsdiq edilməsi barədə_art_6_20|Əmanətlərin sığortalanması haqqında_ch_II_art_7_11|“Azərbaycan Respublikasının bank sistemində arxiv işinin aparılması haqqında Təlimat”ın təsdiq edilməsi barədə_art_140_162|45937180-250a-4b4a-b8e5-153945adb06d_art_15_23,Əmanətlərin sığortalanması haqqında_ch_II_art_9_13:0.032787|Əmanətlərin sığortalanması haqqında_ch_II_art_5_9:0.016129|Əmanətlərin sığortalanması haqqında_ch_II_art_6_10:0.016129|Əmanətlərin sığortalanması haqqında_ch_II_art_10_14:0.015873|“Azərbaycan Respublikasının bank sistemində arxiv işinin aparılması haqqında Təlimat”ın təsdiq edilməsi barədə_art_29_44:0.015873|Əmanətlərin sığortalanması haqqında_ch_II_art_8_12:0.015625|“Azərbaycan Respublikasının bank sistemində arxiv işinin aparılması haqqında Təlimat”ın təsdiq edilməsi barədə_art_6_20:0.015625|Əmanətlərin sığortalanması haqqında_ch_II_art_7_11:0.015385|“Azərbaycan Respublikasının bank sistemində arxiv işinin aparılması haqqında Təlimat”ın təsdiq edilməsi barədə_art_140_162:0.015385|45937180-250a-4b4a-b8e5-153945adb06d_art_15_23:0.015152,1|2|||3||4||5|,1||2|3||4||5||6
56,Fondun sığorta ehtiyatları hansı mənbələr hesabına formalaşır?,Əmanətlərin sığortalanması haqqında_ch_II_art_11_15,Əmanətlərin sığortalanması haqqında_ch_II_art_11_15|Əmanətlərin sığortalanması haqqında_ch_II_art_16_20|Əmanətlərin sığortalanması haqqında_ch_II_art_18_22|Əmanətlərin sığortalanması haqqında_ch_II_6|Əmanətlərin sığortalanması haqqında_ch_II_art_3_7|AZƏRBAYCAN RESPUBLİKASININ QANUNU_ch_IV_79|Əmanətlərin sığortalanması haqqında_ch_II_art_13_17|“Azərbaycan Respublikasının bank sistemində arxiv işinin aparılması haqqında Təlimat”ın təsdiq edilməsi barədə_art_2_246|AZƏRBAYCAN RESPUBLİKASININ QANUNU_ch_IV_art_2_89|Əmanətlərin sığortalanması haqqında_ch_II_art_21_25,Əmanətlərin sığortalanması haqqında_ch_II_art_11_15:0.032787|Əmanətlərin sığortalanması haqqında_ch_II_art_16_20:0.028373|Əmanətlərin sığortalanması haqqında_ch_II_art_18_22:0.028191|Əmanətlərin sığortalanması haqqında_ch_II_6:0.016129|Əmanətlərin sığortalanması haqqında_ch_II_art_3_7:0.016129|AZƏRBAYCAN RESPUBLİKASININ QANUNU_ch_IV_79:0.015873|Əmanətlərin sığortalanması haqqında_ch_II_art_13_17:0.015625|“Azərbaycan Respublikasının bank sistemində arxiv işinin aparılması haqqında Təlimat”ın təsdiq edilməsi barədə_art_2_246:0.015625|AZƏRBAYCAN RESPUBLİKASININ QANUNU_ch_IV_art_2_89:0.015385|Əmanətlərin sığortalanması haqqında_ch_II_art_21_25:0.015385,1|20|9|2||3||4|5|,1|3|13||2||4|||5
57,Sığorta haqlarını vaxtında ödəməyən iştirakçı banka tətbiq edilən dəbbə pulu necə hesablanır və 30 gün ərzində ödəniş edilmədikdə hansı tədbirlər görülür?,Əmanətlərin sığortalanması haqqında_ch_II_art_15_19,AZƏRBAYCAN RESPUBLİKASININ QANUNU_ch_I_art_3_18|Əmanətlərin sığortalanması haqqında_ch_II_art_15_19|beaf2f3b-d7c9-4377-8d69-d29758699119_art_1_31|Əmanətlərin sığortalanması haqqında_ch_II_art_4_8|İstehlak krediti müqaviləsi üzrə standart məlumatlandırma forması_art_3_4_part1|“Azərbaycan Respublikasının bank sistemində arxiv işinin aparılması haqqında Təlimat”ın təsdiq edilməsi barədə_art_137_159|Əmanətlərin sığortalanması haqqında_ch_II_art_22_26|“Azərbaycan Respublikasının bank sistemində arxiv işinin aparılması haqqında Təlimat”ın təsdiq edilməsi barədə_art_138_160|Əmanətlərin sığortalanması haqqında_ch_II_art_21_25|“Azərbaycan Respublikası rezidentlərinin qeyri-rezidentlərlə maliyyə əməliyyatlarına və neytral əməliyyatlara dair hesabatın tərtibi və təqdim edilməsi haqqında Təlimat”ın təsdiq edilməsi barədə_art_24_230,AZƏRBAYCAN RESPUBLİKASININ QANUNU_ch_I_art_3_18:0.016393|Əmanətlərin sığortalanması haqqında_ch_II_art_15_19:0.016393|beaf2f3b-d7c9-4377-8d69-d29758699119_art_1_31:0.016129|Əmanətlərin sığortalanması haqqında_ch_II_art_4_8:0.016129|İstehlak krediti müqaviləsi üzrə standart məlumatlandırma forması_art_3_4_part1:0.015873|“Azərbaycan Respublikasının bank sistemində arxiv işinin aparılması haqqında Təlimat”ın təsdiq edilməsi barədə_art_137_159:0.015873|Əmanətlərin sığortalanması haqqında_ch_II_art_22_26:0.015625|“Azərbaycan Respublikasının bank sistemində arxiv işinin aparılması haqqında Təlimat”ın təsdiq edilməsi barədə_art_138_160:0.015625|Əmanətlərin sığortalanması haqqında_ch_II_art_21_25:0.015385|“Azərbaycan Respublikası rezidentlərinin qeyri-rezidentlərlə maliyyə əməliyyatlarına və neytral əməliyyatlara dair hesabatın tərtibi və təqdim edilməsi haqqında Təlimat”ın təsdiq edilməsi barədə_art_24_230:0.015385,1||2|||3||4||5,|1||2|3||4||5|
58,Fond risklərin bölüşdürülməsi məqsədilə sərbəst pul vəsaitlərini hansı maliyyə alətlərində yerləşdirə bilər?,Əmanətlərin sığortalanması haqqında_ch_II_art_18_22,Əmanətlərin sığortalanması haqqında_ch_II_art_18_22|baab9bc790127f849f8ac1040_art_3_29|9018b71b0859bc7a490ea0f22_art_5_56|AZƏRBAYCAN RESPUBLİKASININ QANUNU_ch_I_art_1_4|Valyuta tənzimi haqqında_art_7_59|802-IIQ-Azərbaycan Respublikasının Mərkəzi Bankı haqqında_ch_II_art_12_15|AZƏRBAYCAN RESPUBLİKASININ QANUNU_ch_IV_art_1_88|baab9bc790127f849f8ac1040_art_2_28|baab9bc790127f849f8ac1040_intro_1_part26|“Azərbaycan Respublikası rezidentlərinin qeyri-rezidentlərlə maliyyə əməliyyatlarına və neytral əməliyyatlara dair hesabatın tərtibi və təqdim edilməsi haqqında Təlimat”ın təsdiq edilməsi barədə_art_2_208,Əmanətlərin sığortalanması haqqında_ch_II_art_18_22:0.032787|baab9bc790127f849f8ac1040_art_3_29:0.030331|9018b71b0859bc7a490ea0f22_art_5_56:0.026172|AZƏRBAYCAN RESPUBLİKASININ QANUNU_ch_I_art_1_4:0.016129|Valyuta tənzimi haqqında_art_7_59:0.016129|802-IIQ-Azərbaycan Respublikasının Mərkəzi Bankı haqqında_ch_II_art_12_15:0.015873|AZƏRBAYCAN RESPUBLİKASININ QANUNU_ch_IV_art_1_88:0.015873|baab9bc790127f849f8ac1040_art_2_28:0.015625|baab9bc790127f849f8ac1040_intro_1_part26:0.015385|“Azərbaycan Respublikası rezidentlərinin qeyri-rezidentlərlə maliyyə əməliyyatlarına və neytral əməliyyatlara dair hesabatın tərtibi və təqdim edilməsi haqqında Təlimat”ın təsdiq edilməsi barədə_art_2_208:0.015385,1|8|14||2||3|4||5,1|4|19|2||3|||5|
59,Fond öz funksiyalarını yerinə yetirərkən maliyyə bazarlarına nəzarət orqanına və Mərkəzi Banka hansı məlumatları təqdim edir?,Əmanətlərin sığortalanması haqqında_ch_II_art_21_25,802-IIQ-Azərbaycan Respublikasının Mərkəzi Bankı haqqında_ch_XII_art_63_86|Əmanətlərin sığortalanması haqqında_ch_II_art_21_25|802-IIQ-Azərbaycan Respublikasının Mərkəzi Bankı haqqında_ch_XI_77|Əmanətlərin sığortalanması haqqında_ch_II_art_22_26|802-IIQ-Azərbaycan Respublikasının Mərkəzi Bankı haqqında_ch_IX_art_52_118|Banklar Haqqında Qanun_ch_VII_art_52_76|590-IIQ-Banklar haqqında_ch_VII_art_52_76|590-IIQ-Banklar haqqında_ch_V_63|Banklar Haqqında Qanun_ch_III_art_22_35_part3|Banklar Haqqında Qanun_ch_V_63,802-IIQ-Azərbaycan Respublikasının Mərkəzi Bankı haqqında_ch_XII_art_63_86:0.016393|Əmanətlərin sığortalanması haqqında_ch_II_art_21_25:0.016393|802-IIQ-Azərbaycan Respublikasının Mərkəzi Bankı haqqında_ch_XI_77:0.016129|Əmanətlərin sığortalanması haqqında_ch_II_art_22_26:0.016129|802-IIQ-Azərbaycan Respublikasının Mərkəzi Bankı haqqında_ch_IX_art_52_118:0.015873|Banklar Haqqında Qanun_ch_VII_art_52_76:0.015873|590-IIQ-Banklar haqqında_ch_VII_art_52_76:0.015625|590-IIQ-Banklar haqqında_ch_V_63:0.015625|Banklar Haqqında Qanun_ch_III_art_22_35_part3:0.015385|Banklar Haqqında Qanun_ch_V_63:0.015385,1||2||3|||4||5,|1||2||3|4||5|
60,Mərkəzi Bank banklarla bağlı hansı qərarlar qəbul edildikdə bu barədə Fonda növbəti iş günündən gec olmayaraq məlumat göndərməlidir?,Əmanətlərin sığortalanması haqqında_ch_II_art_21_25,802-IIQ-Azərbaycan Respublikasının Mərkəzi Bankı haqqında_ch_IX_art_49_114|590-IIQ-Banklar haqqında_ch_X_art_69_114|Əmanətlərin sığortalanması haqqında_ch_II_art_17_21|Banklar Haqqında Qanun_ch_X_art_69_109|Əmanətlərin sığortalanması haqqında_ch_IV_art_30_36|8a4d0220-9312-4ef2-88e8-c65b607a186a_art_3_4|Əmanətlərin sığortalanması haqqında_ch_II_art_22_26|d6a9834a-d9f7-49f3-abff-14cd901c615d_art_5_11|faa09ce5-3d98-48b1-ac48-e81ca3d9d4e7_art_3_4|Banklarda əməliyyat risklərinin idarə edilməsi Qaydası_art_5_11,802-IIQ-Azərbaycan Respublikasının Mərkəzi Bankı haqqında_ch_IX_art_49_114:0.026547|590-IIQ-Banklar haqqında_ch_X_art_69_114:0.016393|Əmanətlərin sığortalanması haqqında_ch_II_art_17_21:0.016393|Banklar Haqqında Qanun_ch_X_art_69_109:0.016129|Əmanətlərin sığortalanması haqqında_ch_IV_art_30_36:0.016129|8a4d0220-9312-4ef2-88e8-c65b607a186a_art_3_4:0.015873|Əmanətlərin sığortalanması haqqında_ch_II_art_22_26:0.015873|d6a9834a-d9f7-49f3-abff-14cd901c615d_art_5_11:0.015625|faa09ce5-3d98-48b1-ac48-e81ca3d9d4e7_art_3_4:0.015625|Banklarda əməliyyat risklərinin idarə edilməsi Qaydası_art_5_11:0.015385,12|1||2||3|||4|,19||1||2||3|4||5
61,Mərkəzi Bank iştirakçı bankın Fond qarşısında öhdəliklərini yerinə yetirmədiyini aşkar etdikdə hansı tədbirləri görür və pozuntular aradan qaldırılmazsa hansı sanksiyalar tətbiq edilir?,Əmanətlərin sığortalanması haqqında_ch_II_art_21_25,AZƏRBAYCAN RESPUBLİKASININ QANUNU_ch_I_art_10_24|Valyuta tənzimi haqqında_art_2_44|Əmanətlərin sığortalanması haqqında_ch_II_art_21_25|Əmanətlərin sığortalanması haqqında_ch_II_art_14_18|802-IIQ-Azərbaycan Respublikasının Mərkəzi Bankı haqqında_ch_XII_art_61_84|Əmanətlərin sığortalanması haqqında_ch_I_art_2_4_part2|İstehlakçıların hüquqlarının müdafiəsi haqqında_ch_II_art_6_36|_Dövlət qeydiyyatına alınmışdır__art_14_16|AZƏRBAYCAN RESPUBLİKASININ QANUNU_ch_I_art_7_22|Əmanətlərin sığortalanması haqqında_ch_II_art_22_26,AZƏRBAYCAN RESPUBLİKASININ QANUNU_ch_I_art_10_24:0.031281|Valyuta tənzimi haqqında_art_2_44:0.016393|Əmanətlərin sığortalanması haqqında_ch_II_art_21_25:0.016393|Əmanətlərin sığortalanması haqqında_ch_II_art_14_18:0.016129|802-IIQ-Azərbaycan Respublikasının Mərkəzi Bankı haqqında_ch_XII_art_61_84:0.015873|Əmanətlərin sığortalanması haqqında_ch_I_art_2_4_part2:0.015873|İstehlakçıların hüquqlarının müdafiəsi haqqında_ch_II_art_6_36:0.015625|_Dövlət qeydiyyatına alınmışdır__art_14_16:0.015625|AZƏRBAYCAN RESPUBLİKASININ QANUNU_ch_I_art_7_22:0.015385|Əmanətlərin sığortalanması haqqında_ch_II_art_22_26:0.015385,2|1|||3||4||5|,6||1|2||3||4||5
62,Bankın çevrilmə formasında yenidən təşkilinə qabaqcadan razılıq alınması üçün müraciətə hansı sənədlər əlavə edilməlidir?,“Bankların yenidən təşkili haqqında Qaydalar”ın təsdiq edilməsi barədə_art_6_10,590-IIQ-Banklar haqqında_ch_III_art_29_46|Banklar Haqqında Qanun_ch_III_art_29_46|“Bankların yenidən təşkili haqqında Qaydalar”ın təsdiq edilməsi barədə_art_4_8|“Bankların yenidən təşkili haqqında Qaydalar”ın təsdiq edilməsi barədə_art_6_10|“Bankların yenidən təşkili haqqında Qaydalar”ın təsdiq edilməsi barədə_art_3_7|“Bankların yenidən təşkili haqqında Qaydalar”ın təsdiq edilməsi barədə_art_1_2|“Bankların yenidən təşkili haqqında Qaydalar”ın təsdiq edilməsi barədə_art_5_9|64b6f05f-196b-4894-9374-9e5c1c4df7a2_art_18_61|Bank Hesabları Qaydası_art_18_61|“Bankların yenidən təşkili haqqında Qaydalar”ın təsdiq edilməsi barədə_art_2_6,590-IIQ-Banklar haqqında_ch_III_art_29_46:0.032018|Banklar Haqqında Qanun_ch_III_art_29_46:0.031514|“Bankların yenidən təşkili haqqında Qaydalar”ın təsdiq edilməsi barədə_art_4_8:0.030550|“Bankların yenidən təşkili haqqında Qaydalar”ın təsdiq edilməsi barədə_art_6_10:0.029380|“Bankların yenidən təşkili haqqında Qaydalar”ın təsdiq edilməsi barədə_art_3_7:0.016129|“Bankların yenidən təşkili haqqında Qaydalar”ın təsdiq edilməsi barədə_art_1_2:0.015873|“Bankların yenidən təşkili haqqında Qaydalar”ın təsdiq edilməsi barədə_art_5_9:0.015873|64b6f05f-196b-4894-9374-9e5c1c4df7a2_art_18_61:0.015385|Bank Hesabları Qaydası_art_18_61:0.015152|“Bankların yenidən təşkili haqqında Qaydalar”ın təsdiq edilməsi barədə_art_2_6:0.015152,1|2|4|17||3||5|6|,4|5|7|1|2||3|||6
63,BOKT-yə çevrilən bank əmanətçilər qarşısında olan öhdəliklərinin icrasına dair hesabatı hansı müddət ərzində və kimlər tərəfindən imzalanmış şəkildə Palataya təqdim etməlidir?,“Bankların yenidən təşkili haqqında Qaydalar”ın təsdiq edilməsi barədə_art_6_10,“Azərbaycan Respublikasının bank sistemində arxiv işinin aparılması haqqında Təlimat”ın təsdiq edilməsi barədə_art_105_125|“Bankların yenidən təşkili haqqında Qaydalar”ın təsdiq edilməsi barədə_art_6_10|“Azərbaycan Respublikasının bank sistemində arxiv işinin aparılması haqqında Təlimat”ın təsdiq edilməsi barədə_art_116_138|“Bankların yenidən təşkili haqqında Qaydalar”ın təsdiq edilməsi barədə_art_3_7|590-IIQ-Banklar haqqında_ch_VIII_art_57_96_part1|AZƏRBAYCAN RESPUBLİKASININ QANUNU_ch_III_art_3_76|Banklar Haqqında Qanun_ch_VIII_art_57_91_part1|“Azərbaycan Respublikasının bank sistemində arxiv işinin aparılması haqqında Təlimat”ın təsdiq edilməsi barədə_art_164_188|590-IIQ-Banklar haqqında_ch_VIII_art_57_96_part2|“Azərbaycan Respublikasının bank sistemində arxiv işinin aparılması haqqında Təlimat”ın təsdiq edilməsi barədə_art_38_54,“Azərbaycan Respublikasının bank sistemində arxiv işinin aparılması haqqında Təlimat”ın təsdiq edilməsi barədə_art_105_125:0.016393|“Bankların yenidən təşkili haqqında Qaydalar”ın təsdiq edilməsi barədə_art_6_10:0.016393|“Azərbaycan Respublikasının bank sistemində arxiv işinin aparılması haqqında Təlimat”ın təsdiq edilməsi barədə_art_116_138:0.016129|“Bankların yenidən təşkili haqqında Qaydalar”ın təsdiq edilməsi barədə_art_3_7:0.016129|590-IIQ-Banklar haqqında_ch_VIII_art_57_96_part1:0.015873|AZƏRBAYCAN RESPUBLİKASININ QANUNU_ch_III_art_3_76:0.015873|Banklar Haqqında Qanun_ch_VIII_art_57_91_part1:0.015625|“Azərbaycan Respublikasının bank sistemində arxiv işinin aparılması haqqında Təlimat”ın təsdiq edilməsi barədə_art_164_188:0.015625|590-IIQ-Banklar haqqında_ch_VIII_art_57_96_part2:0.015385|“Azərbaycan Respublikasının bank sistemində arxiv işinin aparılması haqqında Təlimat”ın təsdiq edilməsi barədə_art_38_54:0.015385,1||2|||3||4||5,|1||2|3||4||5|
64,Palata hansı hallarda bankın yenidən təşkilinə qabaqcadan verdiyi razılığı ləğv edir?,“Bankların yenidən təşkili haqqında Qaydalar”ın təsdiq edilməsi barədə_art_6_10,590-IIQ-Banklar haqqında_ch_III_art_29_46|Banklar Haqqında Qanun_ch_III_art_29_46|“Bankların yenidən təşkili haqqında Qaydalar”ın təsdiq edilməsi barədə_art_3_7|“Azərbaycan Respublikası rezidentlərinin qeyri-rezidentlərlə maliyyə əməliyyatlarına və neytral əməliyyatlara dair hesabatın tərtibi və təqdim edilməsi haqqında Təlimat”ın təsdiq edilməsi barədə_art_117_370|590-IIQ-Banklar haqqında_ch_VIII_81|“Bankların yenidən təşkili haqqında Qaydalar”ın təsdiq edilməsi barədə_art_4_8|5b725bb224d33e2085294c793_art_15_32|“Bankların yenidən təşkili haqqında Qaydalar”ın təsdiq edilməsi barədə_art_6_10|AZƏRBAYCAN RESPUBLİKASININ QANUNU_ch_IV_art_4_84|“Kredit ittifaqına bank əməliyyatının həyata keçirilməsi üçün lisenziya verilməsi Qaydası”nın təsdiq edilməsi haqqında_art_4_6,590-IIQ-Banklar haqqında_ch_III_art_29_46:0.032522|Banklar Haqqında Qanun_ch_III_art_29_46:0.032002|“Bankların yenidən təşkili haqqında Qaydalar”ın təsdiq edilməsi barədə_art_3_7:0.016393|“Azərbaycan Respublikası rezidentlərinin qeyri-rezidentlərlə maliyyə əməliyyatlarına və neytral əməliyyatlara dair hesabatın tərtibi və təqdim edilməsi haqqında Təlimat”ın təsdiq edilməsi barədə_art_117_370:0.015873|590-IIQ-Banklar haqqında_ch_VIII_81:0.015625|“Bankların yenidən təşkili haqqında Qaydalar”ın təsdiq edilməsi barədə_art_4_8:0.015625|5b725bb224d33e2085294c793_art_15_32:0.015385|“Bankların yenidən təşkili haqqında Qaydalar”ın təsdiq edilməsi barədə_art_6_10:0.015385|AZƏRBAYCAN RESPUBLİKASININ QANUNU_ch_IV_art_4_84:0.015152|“Kredit ittifaqına bank əməliyyatının həyata keçirilməsi üçün lisenziya verilməsi Qaydası”nın təsdiq edilməsi haqqında_art_4_6:0.015152,1|2||3|4||5||6|,2|3|1|||4||5||6
65,"""Bankların yenidən təşkili haqqında Qaydalar""a görə ""birləşmə"" və ""qoşulma"" anlayışları bir-birindən nə ilə fərqlənir?",“Bankların yenidən təşkili haqqında Qaydalar”ın təsdiq edilməsi barədə_art_2_6,“Bankların yenidən təşkili haqqında Qaydalar”ın təsdiq edilməsi barədə_art_2_6|“Bankların yenidən təşkili haqqında Qaydalar”ın təsdiq edilməsi barədə_art_1_5|590-IIQ-Banklar haqqında_ch_III_art_29_46|Banklar Haqqında Qanun_ch_III_art_29_46|“Bankların yenidən təşkili haqqında Qaydalar”ın təsdiq edilməsi barədə_art_1_2|98a6608d0eb4e83b612fde01f_art_1_36|AZƏRBAYCAN RESPUBLİKASININ QANUNU_ch_III_art_3_51|_Dövlət qeydiyyatına alınmışdır_art_3_4|5b725bb224d33e2085294c793_art_15_32|590-IIQ-Banklar haqqında_ch_X_art_85_133,“Bankların yenidən təşkili haqqında Qaydalar”ın təsdiq edilməsi barədə_art_2_6:0.032266|“Bankların yenidən təşkili haqqında Qaydalar”ın təsdiq edilməsi barədə_art_1_5:0.031054|590-IIQ-Banklar haqqında_ch_III_art_29_46:0.031010|Banklar Haqqında Qanun_ch_III_art_29_46:0.030536|“Bankların yenidən təşkili haqqında Qaydalar”ın təsdiq edilməsi barədə_art_1_2:0.028309|98a6608d0eb4e83b612fde01f_art_1_36:0.016393|AZƏRBAYCAN RESPUBLİKASININ QANUNU_ch_III_art_3_51:0.016129|_Dövlət qeydiyyatına alınmışdır_art_3_4:0.015873|5b725bb224d33e2085294c793_art_15_32:0.015625|590-IIQ-Banklar haqqında_ch_X_art_85_133:0.014925,3|2|5|6|16|1|||4|7,1|7|4|5|6||2|3||
66,"""Bankların yenidən təşkili haqqında Qaydalar""ın təsdiq edilməsi barədə Qərarın Hüquqi Aktların Dövlət Reyestrinə daxil edilməsi üçün Ədliyyə Nazirliyinə təqdim edilməsi hansı şöbəyə və neçə gün müddətində tapşırılıb?",“Bankların yenidən təşkili haqqında Qaydalar”ın təsdiq edilməsi barədə_art_2_3,“Bankların yenidən təşkili haqqında Qaydalar”ın təsdiq edilməsi barədə_art_2_3|“Kredit ittifaqlarının prudensial tənzimlənməsi Qaydaları”nın təsdiq edilməsi haqqında_art_2_3|“İnvestisiya qiymətli kağızlarının qiymətinin sabitləşdirilməsi haqqında Qaydalar”ın təsdiq edilməsi barədə_art_2_3|“Qiymətli kağızlar bazarında lisenziyalaşdırılan şəxslərin kənar auditorlarına dair tələblər haqqında Qaydalar”ın təsdiq edilməsi barədə_art_2_3|“İpoteka örtüyünün reyestrinin aparılması və sərəncamçı tərəfindən ipoteka örtüyünün yoxlanılmasının nəticələri barədə hesabata dair tələblər haqqında Qaydalar”ın təsdiq edilməsi barədə_art_2_3|“Qiymətli kağızlar bazarında sui-istifadələrin qarşısının alınması haqqında Qaydalar”ın təsdiq edilməsi barədə_art_2_3|“İnvestisiya şirkətinin davamlı kapital tələbləri haqqında Qaydalar”ın təsdiq edilməsi barədə_art_2_3|Banklarda korporativ idarəetmə Standartları_art_4_5|“Azərbaycan Respublikası rezidentlərinin qeyri-rezidentlərlə maliyyə əməliyyatlarına və neytral əməliyyatlara dair hesabatın tərtibi və təqdim edilməsi haqqında Təlimat”ın təsdiq edilməsi barədə_art_3_4|Azərbaycan Respublikası Prezidentinin Fərmanı_art_2_3,“Bankların yenidən təşkili haqqında Qaydalar”ın təsdiq edilməsi barədə_art_2_3:0.032522|“Kredit ittifaqlarının prudensial tənzimlənməsi Qaydaları”nın təsdiq edilməsi haqqında_art_2_3:0.032522|“İnvestisiya qiymətli kağızlarının qiymətinin sabitləşdirilməsi haqqında Qaydalar”ın təsdiq edilməsi barədə_art_2_3:0.030536|“Qiymətli kağızlar bazarında lisenziyalaşdırılan şəxslərin kənar auditorlarına dair tələblər haqqında Qaydalar”ın təsdiq edilməsi barədə_art_2_3:0.030366|“İpoteka örtüyünün reyestrinin aparılması və sərəncamçı tərəfindən ipoteka örtüyünün yoxlanılmasının nəticələri barədə hesabata dair tələblər haqqında Qaydalar”ın təsdiq edilməsi barədə_art_2_3:0.030331|“Qiymətli kağızlar bazarında sui-istifadələrin qarşısının alınması haqqında Qaydalar”ın təsdiq edilməsi barədə_art_2_3:0.030310|“İnvestisiya şirkətinin davamlı kapital tələbləri haqqında Qaydalar”ın təsdiq edilməsi barədə_art_2_3:0.030077|Banklarda korporativ idarəetmə Standartları_art_4_5:0.026501|“Azərbaycan Respublikası rezidentlərinin qeyri-rezidentlərlə maliyyə əməliyyatlarına və neytral əməliyyatlara dair hesabatın tərtibi və təqdim edilməsi haqqında Təlimat”ın təsdiq edilməsi barədə_art_3_4:0.015873|Azərbaycan Respublikası Prezidentinin Fərmanı_art_2_3:0.015625,2|1|5|3|4|7|6|14||,1|2|6|9|8|5|7|17|3|4
67,"""Maliyyə bazarlarında fəaliyyətinə nəzarət edilən subyektlərdə informasiya texnologiyalarının idarə edilməsinə dair Təlimat"" Mərkəzi Bankın hansı tarixli qərarı ilə və hansı protokol nömrəsi ilə təsdiq edilib?",50c0f6d30754ffa78df0070e8_intro_1,50c0f6d30754ffa78df0070e8_intro_1|İnformasiya Sistemlərinin Təhlükəsizliyi Qaydaları_art_2_3|9018b71b0859bc7a490ea0f22_art_6_57|Əməliyyat Risklərinin İdarə Edilməsi Qaydası_art_7_13_part1|9018b71b0859bc7a490ea0f22_art_7_44|Əməliyyat Risklərinin İdarə Edilməsi Qaydası_art_7_13_part2|9018b71b0859bc7a490ea0f22_art_5_20_part1|9018b71b0859bc7a490ea0f22_art_9_69|9018b71b0859bc7a490ea0f22_art_5_56|9018b71b0859bc7a490ea0f22_art_1_52,50c0f6d30754ffa78df0070e8_intro_1:0.032522|İnformasiya Sistemlərinin Təhlükəsizliyi Qaydaları_art_2_3:0.029083|9018b71b0859bc7a490ea0f22_art_6_57:0.016393|Əməliyyat Risklərinin İdarə Edilməsi Qaydası_art_7_13_part1:0.016129|9018b71b0859bc7a490ea0f22_art_7_44:0.015873|Əməliyyat Risklərinin İdarə Edilməsi Qaydası_art_7_13_part2:0.015873|9018b71b0859bc7a490ea0f22_art_5_20_part1:0.015625|9018b71b0859bc7a490ea0f22_art_9_69:0.015625|9018b71b0859bc7a490ea0f22_art_5_56:0.015385|9018b71b0859bc7a490ea0f22_art_1_52:0.015152,2|13|1||3|||4|5|6,1|5||2||3|4|||
68,Bu Təlimat hansı beynəlxalq standarta uyğun hazırlanıb və hansı nəzarət subyektlərini əhatə edir?,50c0f6d30754ffa78df0070e8_art_1_2,Dənizkənarı Bulvar İdarəsinin fəaliyyətinin təmin edilməsi haqqında_art_62_72_part1|ba0d73daa9275fa1fe1e4694b_art_3_32|50c0f6d30754ffa78df0070e8_art_1_2|Daxili audit haqqında_ch_IV_15|ba0d73daa9275fa1fe1e4694b_art_3_58|“Azərbaycan Respublikası rezidentlərinin qeyri-rezidentlərlə maliyyə əməliyyatlarına və neytral əməliyyatlara dair hesabatın tərtibi və təqdim edilməsi haqqında Təlimat”ın təsdiq edilməsi barədə_art_1_5|Cinayət yolu ilə əldə edilmiş əmlakın leqallaşdırılmasına və terrorçuluğun maliyyələşdirilməsinə qarşı mübarizə haqqında_art_6_13|“Azərbaycan Respublikasının bank sistemində arxiv işinin aparılması haqqında Təlimat”ın təsdiq edilməsi barədə_art_36_52|9018b71b0859bc7a490ea0f22_art_5_26|Məcəllə_art_6_13,Dənizkənarı Bulvar İdarəsinin fəaliyyətinin təmin edilməsi haqqında_art_62_72_part1:0.016393|ba0d73daa9275fa1fe1e4694b_art_3_32:0.016393|50c0f6d30754ffa78df0070e8_art_1_2:0.016129|Daxili audit haqqında_ch_IV_15:0.016129|ba0d73daa9275fa1fe1e4694b_art_3_58:0.015873|“Azərbaycan Respublikası rezidentlərinin qeyri-rezidentlərlə maliyyə əməliyyatlarına və neytral əməliyyatlara dair hesabatın tərtibi və təqdim edilməsi haqqında Təlimat”ın təsdiq edilməsi barədə_art_1_5:0.015873|Cinayət yolu ilə əldə edilmiş əmlakın leqallaşdırılmasına və terrorçuluğun maliyyələşdirilməsinə qarşı mübarizə haqqında_art_6_13:0.015625|“Azərbaycan Respublikasının bank sistemində arxiv işinin aparılması haqqında Təlimat”ın təsdiq edilməsi barədə_art_36_52:0.015625|9018b71b0859bc7a490ea0f22_art_5_26:0.015385|Məcəllə_art_6_13:0.015385,|1||2|3|||4|5|,1||2|||3|4|||5
69,Sənədin 4-cü bölməsində bençmark ölkələrin qabaqcıl təcrübələri hansı ölkələr üzrə nəzərdən keçirilir?,9018b71b0859bc7a490ea0f22_art_4_5,9018b71b0859bc7a490ea0f22_art_4_5|933-IIIQ-Bank olmayan kredit təşkilatları haqqında_ch_IV_22|9018b71b0859bc7a490ea0f22_art_4_16_part1|Banklar Haqqında Qanun_ch_IV_49|590-IIQ-Banklar haqqında_ch_IV_49|98a6608d0eb4e83b612fde01f_art_2_37_part6|feeb62eb12b5c144caa99818e_art_4_12_part1|Əmanətlərin sığortalanması haqqında_ch_IV_34|a416bd5767831ef5222712ecd_art_1_7_part2|“Azərbaycan Respublikası rezidentlərinin qeyri-rezidentlərlə maliyyə əməliyyatlarına və neytral əməliyyatlara dair hesabatın tərtibi və təqdim edilməsi haqqında Təlimat”ın təsdiq edilməsi barədə_art_4_121,9018b71b0859bc7a490ea0f22_art_4_5:0.016393|933-IIIQ-Bank olmayan kredit təşkilatları haqqında_ch_IV_22:0.016393|9018b71b0859bc7a490ea0f22_art_4_16_part1:0.016129|Banklar Haqqında Qanun_ch_IV_49:0.016129|590-IIQ-Banklar haqqında_ch_IV_49:0.015873|98a6608d0eb4e83b612fde01f_art_2_37_part6:0.015873|feeb62eb12b5c144caa99818e_art_4_12_part1:0.015625|Əmanətlərin sığortalanması haqqında_ch_IV_34:0.015625|a416bd5767831ef5222712ecd_art_1_7_part2:0.015385|“Azərbaycan Respublikası rezidentlərinin qeyri-rezidentlərlə maliyyə əməliyyatlarına və neytral əməliyyatlara dair hesabatın tərtibi və təqdim edilməsi haqqında Təlimat”ın təsdiq edilməsi barədə_art_4_121:0.015385,|1||2|3|||4||5,1||2|||3|4||5|
70,Maliyyə bazarları üzrə kibertəhlükəsizlik strategiyasının neçə strateji prioriteti var və onlar nədən ibarətdir?,9018b71b0859bc7a490ea0f22_art_5_6,9018b71b0859bc7a490ea0f22_art_7_8|9018b71b0859bc7a490ea0f22_art_8_9|9018b71b0859bc7a490ea0f22_art_5_6|9018b71b0859bc7a490ea0f22_art_5_20_part1|9018b71b0859bc7a490ea0f22_art_3_4|9018b71b0859bc7a490ea0f22_art_7_80_part1|7fd12f0749b180441d54cd4de_art_2_12|9018b71b0859bc7a490ea0f22_art_8_82_part1|7fd12f0749b180441d54cd4de_art_1_11|9018b71b0859bc7a490ea0f22_art_1_22,9018b71b0859bc7a490ea0f22_art_7_8:0.031778|9018b71b0859bc7a490ea0f22_art_8_9:0.030777|9018b71b0859bc7a490ea0f22_art_5_6:0.030159|9018b71b0859bc7a490ea0f22_art_5_20_part1:0.016393|9018b71b0859bc7a490ea0f22_art_3_4:0.016129|9018b71b0859bc7a490ea0f22_art_7_80_part1:0.016129|7fd12f0749b180441d54cd4de_art_2_12:0.015873|9018b71b0859bc7a490ea0f22_art_8_82_part1:0.015625|7fd12f0749b180441d54cd4de_art_1_11:0.015385|9018b71b0859bc7a490ea0f22_art_1_22:0.015152,1|4|10||2||3||5|6,5|6|3|1||2||4||
71,Kassir məxaric sənədini qəbul edərkən hansı məlumatları və elementləri yoxlamalıdır?,4a6fbf3ba5bf66fda98b121c7_art_8_18_part2,4a6fbf3ba5bf66fda98b121c7_art_8_18_part2|“Azərbaycan Respublikasının bank sistemində arxiv işinin aparılması haqqında Təlimat”ın təsdiq edilməsi barədə_art_36_52|4a6fbf3ba5bf66fda98b121c7_art_8_18_part1|“İpoteka örtüyünün reyestrinin aparılması və sərəncamçı tərəfindən ipoteka örtüyünün yoxlanılmasının nəticələri barədə hesabata dair tələblər haqqında Qaydalar”ın təsdiq edilməsi barədə_art_3_4|4a6fbf3ba5bf66fda98b121c7_art_3_35_part14|“İnvestisiya qiymətli kağızlarının qiymətinin sabitləşdirilməsi haqqında Qaydalar”ın təsdiq edilməsi barədə_art_3_4|096312ee-c41c-4c1f-9edd-baf5f3187758_art_1_28|4a6fbf3ba5bf66fda98b121c7_art_8_18_part3|4a6fbf3ba5bf66fda98b121c7_art_14_28_part3|“Qiymətli kağızlar bazarında lisenziyalaşdırılan şəxslərin kənar auditorlarına dair tələblər haqqında Qaydalar”ın təsdiq edilməsi barədə_art_3_4,4a6fbf3ba5bf66fda98b121c7_art_8_18_part2:0.016393|“Azərbaycan Respublikasının bank sistemində arxiv işinin aparılması haqqında Təlimat”ın təsdiq edilməsi barədə_art_36_52:0.016393|4a6fbf3ba5bf66fda98b121c7_art_8_18_part1:0.016129|“İpoteka örtüyünün reyestrinin aparılması və sərəncamçı tərəfindən ipoteka örtüyünün yoxlanılmasının nəticələri barədə hesabata dair tələblər haqqında Qaydalar”ın təsdiq edilməsi barədə_art_3_4:0.016129|4a6fbf3ba5bf66fda98b121c7_art_3_35_part14:0.015873|“İnvestisiya qiymətli kağızlarının qiymətinin sabitləşdirilməsi haqqında Qaydalar”ın təsdiq edilməsi barədə_art_3_4:0.015873|096312ee-c41c-4c1f-9edd-baf5f3187758_art_1_28:0.015625|4a6fbf3ba5bf66fda98b121c7_art_8_18_part3:0.015625|4a6fbf3ba5bf66fda98b121c7_art_14_28_part3:0.015385|“Qiymətli kağızlar bazarında lisenziyalaşdırılan şəxslərin kənar auditorlarına dair tələblər haqqında Qaydalar”ın təsdiq edilməsi barədə_art_3_4:0.015385,|1||2||3|4|||5,1||2||3|||4|5|
72,"Hesab üzərində sərəncam hüququ olan bir neçə şəxs olduqda, imza hüququ neçə formada həyata keçirilə bilər?",64b6f05f-196b-4894-9374-9e5c1c4df7a2_art_2_97,64b6f05f-196b-4894-9374-9e5c1c4df7a2_art_12_55|Bank Hesabları Qaydası_art_12_55|Bank Hesabları Qaydası_art_5_95|“Qiymətli kağızlar bazarında sui-istifadələrin qarşısının alınması haqqında Qaydalar”ın təsdiq edilməsi barədə_art_11_26|64b6f05f-196b-4894-9374-9e5c1c4df7a2_art_12_31|64b6f05f-196b-4894-9374-9e5c1c4df7a2_art_2_97|Bank Hesabları Qaydası_art_12_31|Bank Hesabları Qaydası_art_2_97|64b6f05f-196b-4894-9374-9e5c1c4df7a2_art_5_95|Əmanətlərin sığortalanması haqqında_ch_III_art_27_32,64b6f05f-196b-4894-9374-9e5c1c4df7a2_art_12_55:0.030550|Bank Hesabları Qaydası_art_12_55:0.030536|Bank Hesabları Qaydası_art_5_95:0.016393|“Qiymətli kağızlar bazarında sui-istifadələrin qarşısının alınması haqqında Qaydalar”ın təsdiq edilməsi barədə_art_11_26:0.016393|64b6f05f-196b-4894-9374-9e5c1c4df7a2_art_12_31:0.016129|64b6f05f-196b-4894-9374-9e5c1c4df7a2_art_2_97:0.016129|Bank Hesabları Qaydası_art_12_31:0.015873|Bank Hesabları Qaydası_art_2_97:0.015873|64b6f05f-196b-4894-9374-9e5c1c4df7a2_art_5_95:0.015625|Əmanətlərin sığortalanması haqqında_ch_III_art_27_32:0.015385,4|5||1|2||3|||,7|6|1|||2||3|4|5
73,Valyuta mübadiləsi aparılmayan forvard əməliyyatları zamanı tərəflər arasında hansı hallarda ödəniş həyata keçirilmir?,9abef96e-dec9-4c51-b763-8ccf4e23afdd_art_4_8,Valyuta tənzimi haqqında_art_4_25|9abef96e-dec9-4c51-b763-8ccf4e23afdd_art_4_8|“Azərbaycan Respublikası rezidentlərinin qeyri-rezidentlərlə maliyyə əməliyyatlarına və neytral əməliyyatlara dair hesabatın tərtibi və təqdim edilməsi haqqında Təlimat”ın təsdiq edilməsi barədə_art_11_23|9abef96e-dec9-4c51-b763-8ccf4e23afdd_art_1_4_part2|Valyuta tənzimi haqqında_art_1_18|9abef96e-dec9-4c51-b763-8ccf4e23afdd_art_1_4_part1|“Azərbaycan Respublikası rezidentlərinin qeyri-rezidentlərlə maliyyə əməliyyatlarına və neytral əməliyyatlara dair hesabatın tərtibi və təqdim edilməsi haqqında Təlimat”ın təsdiq edilməsi barədə_art_43_296|“Azərbaycan Respublikası rezidentlərinin qeyri-rezidentlərlə maliyyə əməliyyatlarına və neytral əməliyyatlara dair hesabatın tərtibi və təqdim edilməsi haqqında Təlimat”ın təsdiq edilməsi barədə_art_3_15|096312ee-c41c-4c1f-9edd-baf5f3187758_art_3_20|Valyuta tənzimi haqqında_art_11_61,Valyuta tənzimi haqqında_art_4_25:0.029324|9abef96e-dec9-4c51-b763-8ccf4e23afdd_art_4_8:0.016393|“Azərbaycan Respublikası rezidentlərinin qeyri-rezidentlərlə maliyyə əməliyyatlarına və neytral əməliyyatlara dair hesabatın tərtibi və təqdim edilməsi haqqında Təlimat”ın təsdiq edilməsi barədə_art_11_23:0.016393|9abef96e-dec9-4c51-b763-8ccf4e23afdd_art_1_4_part2:0.016129|Valyuta tənzimi haqqında_art_1_18:0.016129|9abef96e-dec9-4c51-b763-8ccf4e23afdd_art_1_4_part1:0.015873|“Azərbaycan Respublikası rezidentlərinin qeyri-rezidentlərlə maliyyə əməliyyatlarına və neytral əməliyyatlara dair hesabatın tərtibi və təqdim edilməsi haqqında Təlimat”ın təsdiq edilməsi barədə_art_43_296:0.015873|“Azərbaycan Respublikası rezidentlərinin qeyri-rezidentlərlə maliyyə əməliyyatlarına və neytral əməliyyatlara dair hesabatın tərtibi və təqdim edilməsi haqqında Təlimat”ın təsdiq edilməsi barədə_art_3_15:0.015625|096312ee-c41c-4c1f-9edd-baf5f3187758_art_3_20:0.015385|Valyuta tənzimi haqqında_art_11_61:0.015385,13||1||2||3|4||5,4|1||2||3|||5|
74,Fiziki şəxslər hansı məbləğdən yuxarı olan nağd milli valyutanı gömrük orqanlarına yazılı formada bəyan etməlidirlər?,Azərbaycan Respublikasının 1999-cu il 22 iyun tarixli 689-IQ nömrəli Qanunu ilə təsdiq edilmiş «Ədalət mühakiməsinin rəsmi embleminin təsviri»ndə dəyişiklik edilməsi barədə_art_2_3,Valyuta tənzimi haqqında_art_4_56|Valyuta tənzimi haqqında_art_2_131|Valyuta tənzimi haqqında_art_3_55|Valyuta tənzimi haqqında_art_6_67|64b6f05f-196b-4894-9374-9e5c1c4df7a2_art_18_61|Azərbaycan Respublikasının 1999-cu il 22 iyun tarixli 689-IQ nömrəli Qanunu ilə təsdiq edilmiş «Ədalət mühakiməsinin rəsmi embleminin təsviri»ndə dəyişiklik edilməsi barədə_art_2_3|096312ee-c41c-4c1f-9edd-baf5f3187758_art_3_20|Bank Hesabları Qaydası_art_18_61|096312ee-c41c-4c1f-9edd-baf5f3187758_art_13_46_part2|Azərbaycan Respublikasının 1999-cu il 22 iyun tarixli 689-IQ nömrəli Qanunu ilə təsdiq edilmiş «Ədalət mühakiməsinin rəsmi embleminin təsviri»ndə dəyişiklik edilməsi barədə_intro_1,Valyuta tənzimi haqqında_art_4_56:0.029236|Valyuta tənzimi haqqında_art_2_131:0.028860|Valyuta tənzimi haqqında_art_3_55:0.027826|Valyuta tənzimi haqqında_art_6_67:0.027693|64b6f05f-196b-4894-9374-9e5c1c4df7a2_art_18_61:0.016393|Azərbaycan Respublikasının 1999-cu il 22 iyun tarixli 689-IQ nömrəli Qanunu ilə təsdiq edilmiş «Ədalət mühakiməsinin rəsmi embleminin təsviri»ndə dəyişiklik edilməsi barədə_art_2_3:0.016393|096312ee-c41c-4c1f-9edd-baf5f3187758_art_3_20:0.016129|Bank Hesabları Qaydası_art_18_61:0.016129|096312ee-c41c-4c1f-9edd-baf5f3187758_art_13_46_part2:0.015873|Azərbaycan Respublikasının 1999-cu il 22 iyun tarixli 689-IQ nömrəli Qanunu ilə təsdiq edilmiş «Ədalət mühakiməsinin rəsmi embleminin təsviri»ndə dəyişiklik edilməsi barədə_intro_1:0.015625,6|3|15|17|1|||2||,11|17|9|8||1|2||3|4
75,Şəbəkəni aldadaraq səlahiyyətsiz sistemin özünü səlahiyyətli kompyuter sistemi kimi göstərdiyi hücum növü (“Spoofing”) hansı hallarda baş verə bilər və buna qarşı hansı təhlükəsizlik tədbirləri görülməlidir?,Azərbaycan Respublikasının Mərkəzi Bankı - Azərbaycan Respublikasında elektron bankçılıq xidmətlərinin göstərilməsinə və bu xidmətlər üzrə təhlükəsizliyin təmin olunmasına dair Metodoloji Rəhbərlik_art_5_7_part8,Azərbaycan Respublikasının Mərkəzi Bankı - Azərbaycan Respublikasında elektron bankçılıq xidmətlərinin göstərilməsinə və bu xidmətlər üzrə təhlükəsizliyin təmin olunmasına dair Metodoloji Rəhbərlik_art_5_7_part8|Azərbaycan Respublikasının Mərkəzi Bankı - Azərbaycan Respublikasında elektron bankçılıq xidmətlərinin göstərilməsinə və bu xidmətlər üzrə təhlükəsizliyin təmin olunmasına dair Metodoloji Rəhbərlik_art_5_7_part6|Azərbaycan Respublikasının Mərkəzi Bankı - Azərbaycan Respublikasında elektron bankçılıq xidmətlərinin göstərilməsinə və bu xidmətlər üzrə təhlükəsizliyin təmin olunmasına dair Metodoloji Rəhbərlik_art_5_7_part5|Azərbaycan Respublikasının Mərkəzi Bankı - Azərbaycan Respublikasında elektron bankçılıq xidmətlərinin göstərilməsinə və bu xidmətlər üzrə təhlükəsizliyin təmin olunmasına dair Metodoloji Rəhbərlik_art_5_7_part7|c8ef8b99-7b1c-442c-bf14-1f015ec0cc8e_art_4_5|3df76b8c-0902-46c3-86d9-7274e5a85bfa_art_5_9|ba0d73daa9275fa1fe1e4694b_art_2_34|İnformasiya Sistemlərinin Təhlükəsizliyi Qaydaları_art_1_2|Azərbaycan Respublikasının Mərkəzi Bankı - Azərbaycan Respublikasında elektron bankçılıq xidmətlərinin göstərilməsinə və bu xidmətlər üzrə təhlükəsizliyin təmin olunmasına dair Metodoloji Rəhbərlik_art_5_7_part9|Azərbaycan Respublikasının Mərkəzi Bankı - Azərbaycan Respublikasında elektron bankçılıq xidmətlərinin göstərilməsinə və bu xidmətlər üzrə təhlükəsizliyin təmin olunmasına dair Metodoloji Rəhbərlik_art_5_7_part1,Azərbaycan Respublikasının Mərkəzi Bankı - Azərbaycan Respublikasında elektron bankçılıq xidmətlərinin göstərilməsinə və bu xidmətlər üzrə təhlükəsizliyin təmin olunmasına dair Metodoloji Rəhbərlik_art_5_7_part8:0.032787|Azərbaycan Respublikasının Mərkəzi Bankı - Azərbaycan Respublikasında elektron bankçılıq xidmətlərinin göstərilməsinə və bu xidmətlər üzrə təhlükəsizliyin təmin olunmasına dair Metodoloji Rəhbərlik_art_5_7_part6:0.031498|Azərbaycan Respublikasının Mərkəzi Bankı - Azərbaycan Respublikasında elektron bankçılıq xidmətlərinin göstərilməsinə və bu xidmətlər üzrə təhlükəsizliyin təmin olunmasına dair Metodoloji Rəhbərlik_art_5_7_part5:0.031258|Azərbaycan Respublikasının Mərkəzi Bankı - Azərbaycan Respublikasında elektron bankçılıq xidmətlərinin göstərilməsinə və bu xidmətlər üzrə təhlükəsizliyin təmin olunmasına dair Metodoloji Rəhbərlik_art_5_7_part7:0.029287|c8ef8b99-7b1c-442c-bf14-1f015ec0cc8e_art_4_5:0.026154|3df76b8c-0902-46c3-86d9-7274e5a85bfa_art_5_9:0.025992|ba0d73daa9275fa1fe1e4694b_art_2_34:0.016129|İnformasiya Sistemlərinin Təhlükəsizliyi Qaydaları_art_1_2:0.015625|Azərbaycan Respublikasının Mərkəzi Bankı - Azərbaycan Respublikasında elektron bankçılıq xidmətlərinin göstərilməsinə və bu xidmətlər üzrə təhlükəsizliyin təmin olunmasına dair Metodoloji Rəhbərlik_art_5_7_part9:0.015385|Azərbaycan Respublikasının Mərkəzi Bankı - Azərbaycan Respublikasında elektron bankçılıq xidmətlərinin göstərilməsinə və bu xidmətlər üzrə təhlükəsizliyin təmin olunmasına dair Metodoloji Rəhbərlik_art_5_7_part1:0.015152,1|3|5|16|18|15|2|4||,1|4|3|2|15|19|||5|6
76,Bankomatdan istifadə edən kart sahibi digər bankın müştərisi olduqda hansı mühasibat yazılışı verilir?,Azərbaycan Respublikasının Mərkəzi Bankı - Azərbaycan Respublikasının bank sistemində ödəniş vasitələrinin maliyyə hesabatlarında uçotu Qaydaları_art_4_6,Azərbaycan Respublikasının Mərkəzi Bankı - Azərbaycan Respublikasının Bank sistemində əmanətlərin (depozitlərin) uçot Qaydaları_art_1_5|Azərbaycan Respublikasının Mərkəzi Bankı - Azərbaycan Respublikasının Bank sistemində əmanətlərin (depozitlərin) uçot Qaydaları_art_3_7|Azərbaycan Respublikasının Mərkəzi Bankı - Azərbaycan Respublikasının Bank sistemində əmanətlərin (depozitlərin) uçot Qaydaları_art_4_8|64b6f05f-196b-4894-9374-9e5c1c4df7a2_art_1_105|Azərbaycan Respublikasının Mərkəzi Bankı - Azərbaycan Respublikasının bank sistemində ödəniş vasitələrinin maliyyə hesabatlarında uçotu Qaydaları_art_4_6|Azərbaycan Respublikasının Mərkəzi Bankı - Azərbaycan Respublikasının bank sistemində ödəniş vasitələrinin maliyyə hesabatlarında uçotu Qaydaları_art_2_3_part1|Bank Hesabları Qaydası_art_1_105|64b6f05f-196b-4894-9374-9e5c1c4df7a2_art_2_66|Azərbaycan Respublikasının Mərkəzi Bankı - Azərbaycan Respublikasının bank sistemində ödəniş vasitələrinin maliyyə hesabatlarında uçotu Qaydaları_art_5_7|Azərbaycan Respublikasının Mərkəzi Bankı - Azərbaycan Respublikasının bank sistemində ödəniş vasitələrinin maliyyə hesabatlarında uçotu Qaydaları_art_3_5,Azərbaycan Respublikasının Mərkəzi Bankı - Azərbaycan Respublikasının Bank sistemində əmanətlərin (depozitlərin) uçot Qaydaları_art_1_5:0.029644|Azərbaycan Respublikasının Mərkəzi Bankı - Azərbaycan Respublikasının Bank sistemində əmanətlərin (depozitlərin) uçot Qaydaları_art_3_7:0.027864|Azərbaycan Respublikasının Mərkəzi Bankı - Azərbaycan Respublikasının Bank sistemində əmanətlərin (depozitlərin) uçot Qaydaları_art_4_8:0.027480|64b6f05f-196b-4894-9374-9e5c1c4df7a2_art_1_105:0.016393|Azərbaycan Respublikasının Mərkəzi Bankı - Azərbaycan Respublikasının bank sistemində ödəniş vasitələrinin maliyyə hesabatlarında uçotu Qaydaları_art_4_6:0.016393|Azərbaycan Respublikasının Mərkəzi Bankı - Azərbaycan Respublikasının bank sistemində ödəniş vasitələrinin maliyyə hesabatlarında uçotu Qaydaları_art_2_3_part1:0.016129|Bank Hesabları Qaydası_art_1_105:0.016129|64b6f05f-196b-4894-9374-9e5c1c4df7a2_art_2_66:0.015873|Azərbaycan Respublikasının Mərkəzi Bankı - Azərbaycan Respublikasının bank sistemində ödəniş vasitələrinin maliyyə hesabatlarında uçotu Qaydaları_art_5_7:0.015873|Azərbaycan Respublikasının Mərkəzi Bankı - Azərbaycan Respublikasının bank sistemində ödəniş vasitələrinin maliyyə hesabatlarında uçotu Qaydaları_art_3_5:0.015625,9|16|17|1|||2|3||,6|8|9||1|2|||3|4
77,Đstiqraz vərəqəsinin sertifikatında əks olunmalı rekvizitlərin göstərilməsi qaydası hansı digər qiymətli kağız növlərinə də şamil edilir?,Azərbaycan Respublikasının Mərkəzi Bankı - Sənədləşdirilmiş emissiya qiymətli kağızların sertifikatlarının məcburi rekvizitləri_art_5_6,Azərbaycan Respublikasının Mərkəzi Bankı - Sənədləşdirilmiş emissiya qiymətli kağızların sertifikatlarının məcburi rekvizitləri_art_5_6|“Azərbaycan Respublikası rezidentlərinin qeyri-rezidentlərlə maliyyə əməliyyatlarına və neytral əməliyyatlara dair hesabatın tərtibi və təqdim edilməsi haqqında Təlimat”ın təsdiq edilməsi barədə_art_1_9|Azərbaycan Respublikasının Mərkəzi Bankı - Sənədləşdirilmiş emissiya qiymətli kağızların sertifikatlarının məcburi rekvizitləri_art_3_4|“Azərbaycan Respublikası rezidentlərinin qeyri-rezidentlərlə maliyyə əməliyyatlarına və neytral əməliyyatlara dair hesabatın tərtibi və təqdim edilməsi haqqında Təlimat”ın təsdiq edilməsi barədə_art_2_208|_Dövlət qeydiyyatına alınmışdır_art_6_8|“Azərbaycan Respublikası rezidentlərinin qeyri-rezidentlərlə maliyyə əməliyyatlarına və neytral əməliyyatlara dair hesabatın tərtibi və təqdim edilməsi haqqında Təlimat”ın təsdiq edilməsi barədə_art_2_10|Dənizkənarı Bulvar İdarəsinin fəaliyyətinin təmin edilməsi haqqında_art_23_29|“Azərbaycan Respublikası rezidentlərinin qeyri-rezidentlərlə maliyyə əməliyyatlarına və neytral əməliyyatlara dair hesabatın tərtibi və təqdim edilməsi haqqında Təlimat”ın təsdiq edilməsi barədə_art_7_124|5b725bb224d33e2085294c793_art_9_26|“Azərbaycan Respublikası rezidentlərinin qeyri-rezidentlərlə maliyyə əməliyyatlarına və neytral əməliyyatlara dair hesabatın tərtibi və təqdim edilməsi haqqında Təlimat”ın təsdiq edilməsi barədə_art_6_212,Azərbaycan Respublikasının Mərkəzi Bankı - Sənədləşdirilmiş emissiya qiymətli kağızların sertifikatlarının məcburi rekvizitləri_art_5_6:0.032787|“Azərbaycan Respublikası rezidentlərinin qeyri-rezidentlərlə maliyyə əməliyyatlarına və neytral əməliyyatlara dair hesabatın tərtibi və təqdim edilməsi haqqında Təlimat”ın təsdiq edilməsi barədə_art_1_9:0.025808|Azərbaycan Respublikasının Mərkəzi Bankı - Sənədləşdirilmiş emissiya qiymətli kağızların sertifikatlarının məcburi rekvizitləri_art_3_4:0.016129|“Azərbaycan Respublikası rezidentlərinin qeyri-rezidentlərlə maliyyə əməliyyatlarına və neytral əməliyyatlara dair hesabatın tərtibi və təqdim edilməsi haqqında Təlimat”ın təsdiq edilməsi barədə_art_2_208:0.016129|_Dövlət qeydiyyatına alınmışdır_art_6_8:0.015873|“Azərbaycan Respublikası rezidentlərinin qeyri-rezidentlərlə maliyyə əməliyyatlarına və neytral əməliyyatlara dair hesabatın tərtibi və təqdim edilməsi haqqında Təlimat”ın təsdiq edilməsi barədə_art_2_10:0.015873|Dənizkənarı Bulvar İdarəsinin fəaliyyətinin təmin edilməsi haqqında_art_23_29:0.015625|“Azərbaycan Respublikası rezidentlərinin qeyri-rezidentlərlə maliyyə əməliyyatlarına və neytral əməliyyatlara dair hesabatın tərtibi və təqdim edilməsi haqqında Təlimat”ın təsdiq edilməsi barədə_art_7_124:0.015625|5b725bb224d33e2085294c793_art_9_26:0.015385|“Azərbaycan Respublikası rezidentlərinin qeyri-rezidentlərlə maliyyə əməliyyatlarına və neytral əməliyyatlara dair hesabatın tərtibi və təqdim edilməsi haqqında Təlimat”ın təsdiq edilməsi barədə_art_6_212:0.015385,1|17||2||3||4||5,1|18|2||3||4||5|
78,Müvəqqəti cari hesab üzrə hansı əməliyyatların aparılmasına icazə verilir?,Bank Hesabları Qaydası_art_1_65,64b6f05f-196b-4894-9374-9e5c1c4df7a2_art_1_65|Bank Hesabları Qaydası_art_1_65|Bank Hesabları Qaydası_art_2_6_part1|Valyuta tənzimi haqqında_art_1_48|64b6f05f-196b-4894-9374-9e5c1c4df7a2_art_2_6_part1|64b6f05f-196b-4894-9374-9e5c1c4df7a2_art_2_66|64b6f05f-196b-4894-9374-9e5c1c4df7a2_art_12_31|Bank Hesabları Qaydası_art_2_66|Bank Hesabları Qaydası_art_12_31|590-IIQ-Banklar haqqında_ch_II_10,64b6f05f-196b-4894-9374-9e5c1c4df7a2_art_1_65:0.031514|Bank Hesabları Qaydası_art_1_65:0.031025|Bank Hesabları Qaydası_art_2_6_part1:0.016393|Valyuta tənzimi haqqında_art_1_48:0.016393|64b6f05f-196b-4894-9374-9e5c1c4df7a2_art_2_6_part1:0.016129|64b6f05f-196b-4894-9374-9e5c1c4df7a2_art_2_66:0.015873|64b6f05f-196b-4894-9374-9e5c1c4df7a2_art_12_31:0.015625|Bank Hesabları Qaydası_art_2_66:0.015625|Bank Hesabları Qaydası_art_12_31:0.015385|590-IIQ-Banklar haqqında_ch_II_10:0.015152,2|3||1|||4||5|6,5|6|1||2|3||4||
79,Bank şöbəsi əsasnaməsinə uyğun olaraq hansı fəaliyyət növlərini həyata keçirə bilər?,Bank Şöbələri və Valyuta Qaydası_art_2_6,590-IIQ-Banklar haqqında_ch_IV_art_33_52|Banklar Haqqında Qanun_ch_IV_art_33_52|590-IIQ-Banklar haqqında_ch_V_63|Banklar Haqqında Qanun_ch_V_63|64b6f05f-196b-4894-9374-9e5c1c4df7a2_art_12_31|Dənizkənarı Bulvar İdarəsinin fəaliyyətinin təmin edilməsi haqqında_art_5_10|Bank Hesabları Qaydası_art_12_31|Dənizkənarı Bulvar İdarəsinin fəaliyyətinin təmin edilməsi haqqında_art_58_66|Banklar Haqqında Qanun_ch_IV_49|Banklar Haqqında Qanun_ch_IV_art_32_51,590-IIQ-Banklar haqqında_ch_IV_art_33_52:0.030282|Banklar Haqqında Qanun_ch_IV_art_33_52:0.030214|590-IIQ-Banklar haqqında_ch_V_63:0.016393|Banklar Haqqında Qanun_ch_V_63:0.016129|64b6f05f-196b-4894-9374-9e5c1c4df7a2_art_12_31:0.015873|Dənizkənarı Bulvar İdarəsinin fəaliyyətinin təmin edilməsi haqqında_art_5_10:0.015873|Bank Hesabları Qaydası_art_12_31:0.015625|Dənizkənarı Bulvar İdarəsinin fəaliyyətinin təmin edilməsi haqqında_art_58_66:0.015625|Banklar Haqqında Qanun_ch_IV_49:0.015385|Banklar Haqqında Qanun_ch_IV_art_32_51:0.015385,12|11|1|2|3||4||5|,1|2||||3||4||5
80,Ödəniş sisteminə daxil edilmiş ödəniş sərəncamı hansı andan etibarən geri götürülə bilməz?,Dənizkənarı Bulvar İdarəsinin fəaliyyətinin təmin edilməsi haqqında_art_46_52,Dənizkənarı Bulvar İdarəsinin fəaliyyətinin təmin edilməsi haqqında_art_46_52|AZƏRBAYCAN RESPUBLİKASININ QANUNU_ch_I_art_3_18|Dənizkənarı Bulvar İdarəsinin fəaliyyətinin təmin edilməsi haqqında_art_28_34|AZƏRBAYCAN RESPUBLİKASININ QANUNU_ch_IV_art_4_84|Dənizkənarı Bulvar İdarəsinin fəaliyyətinin təmin edilməsi haqqında_art_33_39|Dənizkənarı Bulvar İdarəsinin fəaliyyətinin təmin edilməsi haqqında_art_26_32|“Azərbaycan Respublikası rezidentlərinin qeyri-rezidentlərlə maliyyə əməliyyatlarına və neytral əməliyyatlara dair hesabatın tərtibi və təqdim edilməsi haqqında Təlimat”ın təsdiq edilməsi barədə_art_117_370|Dənizkənarı Bulvar İdarəsinin fəaliyyətinin təmin edilməsi haqqında_art_27_33|“Azərbaycan Respublikası rezidentlərinin qeyri-rezidentlərlə maliyyə əməliyyatlarına və neytral əməliyyatlara dair hesabatın tərtibi və təqdim edilməsi haqqında Təlimat”ın təsdiq edilməsi barədə_art_66_117|1dfb892e-6204-4404-9166-c861f06996fa_art_1_60,Dənizkənarı Bulvar İdarəsinin fəaliyyətinin təmin edilməsi haqqında_art_46_52:0.032787|AZƏRBAYCAN RESPUBLİKASININ QANUNU_ch_I_art_3_18:0.016129|Dənizkənarı Bulvar İdarəsinin fəaliyyətinin təmin edilməsi haqqında_art_28_34:0.016129|AZƏRBAYCAN RESPUBLİKASININ QANUNU_ch_IV_art_4_84:0.015873|Dənizkənarı Bulvar İdarəsinin fəaliyyətinin təmin edilməsi haqqında_art_33_39:0.015873|Dənizkənarı Bulvar İdarəsinin fəaliyyətinin təmin edilməsi haqqında_art_26_32:0.015625|“Azərbaycan Respublikası rezidentlərinin qeyri-rezidentlərlə maliyyə əməliyyatlarına və neytral əməliyyatlara dair hesabatın tərtibi və təqdim edilməsi haqqında Təlimat”ın təsdiq edilməsi barədə_art_117_370:0.015625|Dənizkənarı Bulvar İdarəsinin fəaliyyətinin təmin edilməsi haqqında_art_27_33:0.015385|“Azərbaycan Respublikası rezidentlərinin qeyri-rezidentlərlə maliyyə əməliyyatlarına və neytral əməliyyatlara dair hesabatın tərtibi və təqdim edilməsi haqqında Təlimat”ın təsdiq edilməsi barədə_art_66_117:0.015385|1dfb892e-6204-4404-9166-c861f06996fa_art_1_60:0.015152,1|2||3|||4||5|6,1||2||3|4||5||
81,Ödəniş əməliyyatının aşağı riskli hesab edilməsi üçün hansı şərtlərin hamısı ödənilməlidir?,c8ef8b99-7b1c-442c-bf14-1f015ec0cc8e_art_4_5,6c51a485-6986-4257-b6e0-25475732f1dc_art_4_18|Müştəri Uyğunluğu və Risk Qiymətləndirməsi Qaydaları_art_3_8_part1|c8ef8b99-7b1c-442c-bf14-1f015ec0cc8e_art_4_5|Əməliyyat Risklərinin İdarə Edilməsi Qaydası_art_26_45|Müştəri Uyğunluğu və Risk Qiymətləndirməsi Qaydaları_art_3_8_part2|ba0d73daa9275fa1fe1e4694b_art_1_31|9018b71b0859bc7a490ea0f22_art_1_22|Dənizkənarı Bulvar İdarəsinin fəaliyyətinin təmin edilməsi haqqında_art_7_12|Dənizkənarı Bulvar İdarəsinin fəaliyyətinin təmin edilməsi haqqında_art_23_29|Əməliyyat Risklərinin İdarə Edilməsi Qaydası_art_25_44,6c51a485-6986-4257-b6e0-25475732f1dc_art_4_18:0.016393|Müştəri Uyğunluğu və Risk Qiymətləndirməsi Qaydaları_art_3_8_part1:0.016393|c8ef8b99-7b1c-442c-bf14-1f015ec0cc8e_art_4_5:0.016129|Əməliyyat Risklərinin İdarə Edilməsi Qaydası_art_26_45:0.016129|Müştəri Uyğunluğu və Risk Qiymətləndirməsi Qaydaları_art_3_8_part2:0.015873|ba0d73daa9275fa1fe1e4694b_art_1_31:0.015873|9018b71b0859bc7a490ea0f22_art_1_22:0.015625|Dənizkənarı Bulvar İdarəsinin fəaliyyətinin təmin edilməsi haqqında_art_7_12:0.015625|Dənizkənarı Bulvar İdarəsinin fəaliyyətinin təmin edilməsi haqqında_art_23_29:0.015385|Əməliyyat Risklərinin İdarə Edilməsi Qaydası_art_25_44:0.015385,1|||2||3|4|||5,|1|2||3|||4|5|
82,Hüquqi şəxs kimi dövlət qeydiyyatına alınması haqqında şəhadətnamədə hansı əsas rekvizitlər göstərilir?,dd1aa268-4de2-48ab-8953-c87d3f1c74e3_art_3_16,AZƏRBAYCAN RESPUBLİKASININ QANUNU_ch_I_art_2_17|Auditor xidməti haqqında_art_19_20|dd1aa268-4de2-48ab-8953-c87d3f1c74e3_art_3_16|Auditor xidməti haqqında_art_20_21_part5|dd1aa268-4de2-48ab-8953-c87d3f1c74e3_art_7_20|096312ee-c41c-4c1f-9edd-baf5f3187758_art_1_28|Valyuta tənzimi haqqında_art_13_74_part1|096312ee-c41c-4c1f-9edd-baf5f3187758_art_6_12|64b6f05f-196b-4894-9374-9e5c1c4df7a2_art_7_50|Bank Hesabları Qaydası_art_7_50,AZƏRBAYCAN RESPUBLİKASININ QANUNU_ch_I_art_2_17:0.028043|Auditor xidməti haqqında_art_19_20:0.016393|dd1aa268-4de2-48ab-8953-c87d3f1c74e3_art_3_16:0.016393|Auditor xidməti haqqında_art_20_21_part5:0.016129|dd1aa268-4de2-48ab-8953-c87d3f1c74e3_art_7_20:0.016129|096312ee-c41c-4c1f-9edd-baf5f3187758_art_1_28:0.015873|Valyuta tənzimi haqqında_art_13_74_part1:0.015873|096312ee-c41c-4c1f-9edd-baf5f3187758_art_6_12:0.015625|64b6f05f-196b-4894-9374-9e5c1c4df7a2_art_7_50:0.015625|Bank Hesabları Qaydası_art_7_50:0.015385,5||1||2|3||4||,19|1||2|||3||4|5
83,İstehlakçı istehlak krediti müqaviləsindən neçə gün ərzində səbəb göstərmədən imtina edə bilər və bu zaman hansı ödənişləri etməlidir?,İstehlak krediti müqaviləsi üzrə standart məlumatlandırma forması_art_3_4_part1,İstehlakçıların hüquqlarının müdafiəsi haqqında_ch_II_art_1_31|İstehlak krediti müqaviləsi üzrə standart məlumatlandırma forması_art_3_4_part1|İstehlakçıların hüquqlarının müdafiəsi haqqında_ch_II_art_1_70|“Azərbaycan Respublikasının bank sistemində arxiv işinin aparılması haqqında Təlimat”ın təsdiq edilməsi barədə_art_137_159|İstehlakçıların hüquqlarının müdafiəsi haqqında_ch_II_art_9_30|İstehlak krediti müqaviləsi üzrə standart məlumatlandırma forması_art_3_4_part2|Banklar Haqqında Qanun_ch_X_art_74_116|İstehlakçıların hüquqlarının müdafiəsi haqqında_ch_II_art_2_32|590-IIQ-Banklar haqqında_ch_X_art_74_121|AZƏRBAYCAN RESPUBLİKASININ QANUNU_ch_I_art_4_19,İstehlakçıların hüquqlarının müdafiəsi haqqında_ch_II_art_1_31:0.016393|İstehlak krediti müqaviləsi üzrə standart məlumatlandırma forması_art_3_4_part1:0.016393|İstehlakçıların hüquqlarının müdafiəsi haqqında_ch_II_art_1_70:0.016129|“Azərbaycan Respublikasının bank sistemində arxiv işinin aparılması haqqında Təlimat”ın təsdiq edilməsi barədə_art_137_159:0.016129|İstehlakçıların hüquqlarının müdafiəsi haqqında_ch_II_art_9_30:0.015873|İstehlak krediti müqaviləsi üzrə standart məlumatlandırma forması_art_3_4_part2:0.015873|Banklar Haqqında Qanun_ch_X_art_74_116:0.015625|İstehlakçıların hüquqlarının müdafiəsi haqqında_ch_II_art_2_32:0.015625|590-IIQ-Banklar haqqında_ch_X_art_74_121:0.015385|AZƏRBAYCAN RESPUBLİKASININ QANUNU_ch_I_art_4_19:0.015385,1|||2|3|||4||5,|1|2|||3|4||5|
84,Qiymətli kağızların satın alınmasının başlanılmasından neçə iş günü əvvəl emitent Komitəyə hansı məlumatları təqdim etməlidir?,“İnvestisiya qiymətli kağızlarının qiymətinin sabitləşdirilməsi haqqında Qaydalar”ın təsdiq edilməsi barədə_art_3_9,“İnvestisiya qiymətli kağızlarının qiymətinin sabitləşdirilməsi haqqında Qaydalar”ın təsdiq edilməsi barədə_art_3_9|AZƏRBAYCAN RESPUBLİKASININ QANUNU_ch_II_art_2_44|“İnvestisiya qiymətli kağızlarının qiymətinin sabitləşdirilməsi haqqında Qaydalar”ın təsdiq edilməsi barədə_art_1_7|“Azərbaycan Respublikasının bank sistemində arxiv işinin aparılması haqqında Təlimat”ın təsdiq edilməsi barədə_art_61_78|“İnvestisiya qiymətli kağızlarının qiymətinin sabitləşdirilməsi haqqında Qaydalar”ın təsdiq edilməsi barədə_art_2_8|“İpoteka örtüyünün reyestrinin aparılması və sərəncamçı tərəfindən ipoteka örtüyünün yoxlanılmasının nəticələri barədə hesabata dair tələblər haqqında Qaydalar”ın təsdiq edilməsi barədə_art_2_8|“Qiymətli kağızlar bazarında sui-istifadələrin qarşısının alınması haqqında Qaydalar”ın təsdiq edilməsi barədə_art_11_26|“Azərbaycan Respublikası rezidentlərinin qeyri-rezidentlərlə maliyyə əməliyyatlarına və neytral əməliyyatlara dair hesabatın tərtibi və təqdim edilməsi haqqında Təlimat”ın təsdiq edilməsi barədə_art_29_235|“İnvestisiya qiymətli kağızlarının qiymətinin sabitləşdirilməsi haqqında Qaydalar”ın təsdiq edilməsi barədə_art_4_10|8a4d0220-9312-4ef2-88e8-c65b607a186a_art_3_4,“İnvestisiya qiymətli kağızlarının qiymətinin sabitləşdirilməsi haqqında Qaydalar”ın təsdiq edilməsi barədə_art_3_9:0.032787|AZƏRBAYCAN RESPUBLİKASININ QANUNU_ch_II_art_2_44:0.016129|“İnvestisiya qiymətli kağızlarının qiymətinin sabitləşdirilməsi haqqında Qaydalar”ın təsdiq edilməsi barədə_art_1_7:0.016129|“Azərbaycan Respublikasının bank sistemində arxiv işinin aparılması haqqında Təlimat”ın təsdiq edilməsi barədə_art_61_78:0.015873|“İnvestisiya qiymətli kağızlarının qiymətinin sabitləşdirilməsi haqqında Qaydalar”ın təsdiq edilməsi barədə_art_2_8:0.015873|“İpoteka örtüyünün reyestrinin aparılması və sərəncamçı tərəfindən ipoteka örtüyünün yoxlanılmasının nəticələri barədə hesabata dair tələblər haqqında Qaydalar”ın təsdiq edilməsi barədə_art_2_8:0.015625|“Qiymətli kağızlar bazarında sui-istifadələrin qarşısının alınması haqqında Qaydalar”ın təsdiq edilməsi barədə_art_11_26:0.015625|“Azərbaycan Respublikası rezidentlərinin qeyri-rezidentlərlə maliyyə əməliyyatlarına və neytral əməliyyatlara dair hesabatın tərtibi və təqdim edilməsi haqqında Təlimat”ın təsdiq edilməsi barədə_art_29_235:0.015385|“İnvestisiya qiymətli kağızlarının qiymətinin sabitləşdirilməsi haqqında Qaydalar”ın təsdiq edilməsi barədə_art_4_10:0.015385|8a4d0220-9312-4ef2-88e8-c65b607a186a_art_3_4:0.015152,1|2||3|||4|5||6,1||2||3|4|||5|
85,Sistem əhəmiyyətli banklarda komplayens funksiyası ilə bağlı hansı struktur qurumları formalaşdırılmalıdır?,009aa733c2e8a69d2ccc41bf4_art_5_6,009aa733c2e8a69d2ccc41bf4_art_5_6|ba0d73daa9275fa1fe1e4694b_art_1_31|9018b71b0859bc7a490ea0f22_art_2_75|Azərbaycan Respublikası Prezidentinin Fərmanı_art_12_20|Banklar Haqqında Qanun_ch_IV_49|Banklarda korporativ idarəetmə Standartları_art_16_28|590-IIQ-Banklar haqqında_ch_IV_49|Banklarda korporativ idarəetmə Standartları_art_2_7_part1|7fd12f0749b180441d54cd4de_art_2_8_part2|933-IIIQ-Bank olmayan kredit təşkilatları haqqında_ch_IV_22,009aa733c2e8a69d2ccc41bf4_art_5_6:0.016393|ba0d73daa9275fa1fe1e4694b_art_1_31:0.016393|9018b71b0859bc7a490ea0f22_art_2_75:0.016129|Azərbaycan Respublikası Prezidentinin Fərmanı_art_12_20:0.016129|Banklar Haqqında Qanun_ch_IV_49:0.015873|Banklarda korporativ idarəetmə Standartları_art_16_28:0.015873|590-IIQ-Banklar haqqında_ch_IV_49:0.015625|Banklarda korporativ idarəetmə Standartları_art_2_7_part1:0.015625|7fd12f0749b180441d54cd4de_art_2_8_part2:0.015385|933-IIIQ-Bank olmayan kredit təşkilatları haqqında_ch_IV_22:0.015385,|1|2||3||4|||5,1|||2||3||4|5|
86,Daşınmaz əsas vəsaitin hissə-hissə ödənilməsi yolu ilə satışına yalnız hansı şərtlərlə yol verilir?,Azərbaycan Respublikasının Mərkəzi Bankı - Bankların əsas vəsaitlərlə (əmlakla) apardıqları əməliyyatların tənzimlənməsi Qaydaları_art_7_8,Azərbaycan Respublikasının Mərkəzi Bankı - Bankların əsas vəsaitlərlə (əmlakla) apardıqları əməliyyatların tənzimlənməsi Qaydaları_art_7_8|Valyuta tənzimi haqqında_art_3_24|Azərbaycan Respublikasının Mərkəzi Bankı - Bankların əsas vəsaitlərlə (əmlakla) apardıqları əməliyyatların tənzimlənməsi Qaydaları_art_6_7|“Azərbaycan Respublikası rezidentlərinin qeyri-rezidentlərlə maliyyə əməliyyatlarına və neytral əməliyyatlara dair hesabatın tərtibi və təqdim edilməsi haqqında Təlimat”ın təsdiq edilməsi barədə_art_1_13|64b6f05f-196b-4894-9374-9e5c1c4df7a2_art_1_65|Azərbaycan Respublikasının Mərkəzi Bankı - Bankların əsas vəsaitlərlə (əmlakla) apardıqları əməliyyatların tənzimlənməsi Qaydaları_art_5_6|590-IIQ-Banklar haqqında_ch_III_art_2_34|Bank Hesabları Qaydası_art_1_65|Banklar Haqqında Qanun_ch_III_art_2_34|“Azərbaycan Respublikası rezidentlərinin qeyri-rezidentlərlə maliyyə əməliyyatlarına və neytral əməliyyatlara dair hesabatın tərtibi və təqdim edilməsi haqqında Təlimat”ın təsdiq edilməsi barədə_art_34_240,Azərbaycan Respublikasının Mərkəzi Bankı - Bankların əsas vəsaitlərlə (əmlakla) apardıqları əməliyyatların tənzimlənməsi Qaydaları_art_7_8:0.016393|Valyuta tənzimi haqqında_art_3_24:0.016393|Azərbaycan Respublikasının Mərkəzi Bankı - Bankların əsas vəsaitlərlə (əmlakla) apardıqları əməliyyatların tənzimlənməsi Qaydaları_art_6_7:0.016129|“Azərbaycan Respublikası rezidentlərinin qeyri-rezidentlərlə maliyyə əməliyyatlarına və neytral əməliyyatlara dair hesabatın tərtibi və təqdim edilməsi haqqında Təlimat”ın təsdiq edilməsi barədə_art_1_13:0.016129|64b6f05f-196b-4894-9374-9e5c1c4df7a2_art_1_65:0.015873|Azərbaycan Respublikasının Mərkəzi Bankı - Bankların əsas vəsaitlərlə (əmlakla) apardıqları əməliyyatların tənzimlənməsi Qaydaları_art_5_6:0.015873|590-IIQ-Banklar haqqında_ch_III_art_2_34:0.015625|Bank Hesabları Qaydası_art_1_65:0.015625|Banklar Haqqında Qanun_ch_III_art_2_34:0.015385|“Azərbaycan Respublikası rezidentlərinin qeyri-rezidentlərlə maliyyə əməliyyatlarına və neytral əməliyyatlara dair hesabatın tərtibi və təqdim edilməsi haqqında Təlimat”ın təsdiq edilməsi barədə_art_34_240:0.015385,|1||2|3|||4||5,1||2|||3|4||5|
87,"Ləğvedici kreditordan asılı səbəblərdən öhdəliyi yerinə yetirə bilmədikdə, ödənilməmiş məbləğ hara köçürülməlidir?",_Dövlət qeydiyyatına alınmışdır__art_13_14_part2,İstehlakçıların hüquqlarının müdafiəsi haqqında_ch_II_art_15_69|_Dövlət qeydiyyatına alınmışdır__art_13_14_part2|64b6f05f-196b-4894-9374-9e5c1c4df7a2_art_3_67|_Dövlət qeydiyyatına alınmışdır__art_12_13|Bank Hesabları Qaydası_art_3_67|_Dövlət qeydiyyatına alınmışdır__art_11_12|98a6608d0eb4e83b612fde01f_art_1_36|_Dövlət qeydiyyatına alınmışdır__art_13_14_part1|6c51a485-6986-4257-b6e0-25475732f1dc_art_2_6|Valyuta tənzimi haqqında_art_2_44,İstehlakçıların hüquqlarının müdafiəsi haqqında_ch_II_art_15_69:0.016393|_Dövlət qeydiyyatına alınmışdır__art_13_14_part2:0.016393|64b6f05f-196b-4894-9374-9e5c1c4df7a2_art_3_67:0.016129|_Dövlət qeydiyyatına alınmışdır__art_12_13:0.016129|Bank Hesabları Qaydası_art_3_67:0.015873|_Dövlət qeydiyyatına alınmışdır__art_11_12:0.015873|98a6608d0eb4e83b612fde01f_art_1_36:0.015625|_Dövlət qeydiyyatına alınmışdır__art_13_14_part1:0.015625|6c51a485-6986-4257-b6e0-25475732f1dc_art_2_6:0.015385|Valyuta tənzimi haqqında_art_2_44:0.015385,1||2||3||4|||5,|1||2||3||4|5|
88,Makroprudensial alətlərin seçilməsi mərhələsində hansı amillərə uyğun olaraq alətlər müəyyən edilir?,a416bd5767831ef5222712ecd_art_2_17,a416bd5767831ef5222712ecd_art_2_17|a416bd5767831ef5222712ecd_art_3_18|a416bd5767831ef5222712ecd_art_2_3|a416bd5767831ef5222712ecd_art_3_11|a416bd5767831ef5222712ecd_art_4_19_part2|feeb62eb12b5c144caa99818e_art_1_2|5b725bb224d33e2085294c793_art_3_20|a416bd5767831ef5222712ecd_art_4_27_part2|AZƏRBAYCAN RESPUBLİKASININ QANUNU_ch_III_art_4_63|a416bd5767831ef5222712ecd_art_4_19_part6,a416bd5767831ef5222712ecd_art_2_17:0.032787|a416bd5767831ef5222712ecd_art_3_18:0.029828|a416bd5767831ef5222712ecd_art_2_3:0.028950|a416bd5767831ef5222712ecd_art_3_11:0.026014|a416bd5767831ef5222712ecd_art_4_19_part2:0.015873|feeb62eb12b5c144caa99818e_art_1_2:0.015873|5b725bb224d33e2085294c793_art_3_20:0.015625|a416bd5767831ef5222712ecd_art_4_27_part2:0.015625|AZƏRBAYCAN RESPUBLİKASININ QANUNU_ch_III_art_4_63:0.015385|a416bd5767831ef5222712ecd_art_4_19_part6:0.015385,1|2|18|20||3|4||5|,1|13|2|14|3|||4||5
89,İnvestisiya şirkətinin nizamnamə kapitalının formalaşdırılması zamanı daxil olmuş pul vəsaitləri emissiyanın yekunları təsdiqlənənədək harada saxlanıla bilər?,“Qiymətli kağızlar bazarında lisenziyalaşdırılan şəxslərin nizamnamə kapitalının minimum miqdarı və onun formalaşdırılması haqqında Qaydalar”ın təsdiq edilməsi barədə_art_3_4,“Qiymətli kağızlar bazarında lisenziyalaşdırılan şəxslərin nizamnamə kapitalının minimum miqdarı və onun formalaşdırılması haqqında Qaydalar”ın təsdiq edilməsi barədə_art_3_4|64b6f05f-196b-4894-9374-9e5c1c4df7a2_art_1_65|Bank Hesabları Qaydası_art_1_65|“Qiymətli kağızlar bazarında lisenziyalaşdırılan şəxslərin nizamnamə kapitalının minimum miqdarı və onun formalaşdırılması haqqında Qaydalar”ın təsdiq edilməsi barədə_art_2_3|“Qiymətli kağızlar bazarında sui-istifadələrin qarşısının alınması haqqında Qaydalar”ın təsdiq edilməsi barədə_art_11_26|AZƏRBAYCAN RESPUBLİKASININ QANUNU_ch_V_art_1_107|“İnvestisiya şirkətinin davamlı kapital tələbləri haqqında Qaydalar”ın təsdiq edilməsi barədə_art_4_12_part1|“Azərbaycan Respublikası rezidentlərinin qeyri-rezidentlərlə maliyyə əməliyyatlarına və neytral əməliyyatlara dair hesabatın tərtibi və təqdim edilməsi haqqında Təlimat”ın təsdiq edilməsi barədə_art_2_208|“Azərbaycan Respublikasının bank sistemində arxiv işinin aparılması haqqında Təlimat”ın təsdiq edilməsi barədə_art_61_78|AZƏRBAYCAN RESPUBLİKASININ QANUNU_ch_I_art_4_19,“Qiymətli kağızlar bazarında lisenziyalaşdırılan şəxslərin nizamnamə kapitalının minimum miqdarı və onun formalaşdırılması haqqında Qaydalar”ın təsdiq edilməsi barədə_art_3_4:0.032787|64b6f05f-196b-4894-9374-9e5c1c4df7a2_art_1_65:0.028571|Bank Hesabları Qaydası_art_1_65:0.028169|“Qiymətli kağızlar bazarında lisenziyalaşdırılan şəxslərin nizamnamə kapitalının minimum miqdarı və onun formalaşdırılması haqqında Qaydalar”ın təsdiq edilməsi barədə_art_2_3:0.016129|“Qiymətli kağızlar bazarında sui-istifadələrin qarşısının alınması haqqında Qaydalar”ın təsdiq edilməsi barədə_art_11_26:0.016129|AZƏRBAYCAN RESPUBLİKASININ QANUNU_ch_V_art_1_107:0.015873|“İnvestisiya şirkətinin davamlı kapital tələbləri haqqında Qaydalar”ın təsdiq edilməsi barədə_art_4_12_part1:0.015873|“Azərbaycan Respublikası rezidentlərinin qeyri-rezidentlərlə maliyyə əməliyyatlarına və neytral əməliyyatlara dair hesabatın tərtibi və təqdim edilməsi haqqında Təlimat”ın təsdiq edilməsi barədə_art_2_208:0.015625|“Azərbaycan Respublikasının bank sistemində arxiv işinin aparılması haqqında Təlimat”ın təsdiq edilməsi barədə_art_61_78:0.015625|AZƏRBAYCAN RESPUBLİKASININ QANUNU_ch_I_art_4_19:0.015385,1|10|11||2|3||4||5,1|10|11|2|||3||4|
90,Pərakəndə risklər üzrə risk çəkisinin 75% olaraq müəyyən edilməsi üçün hansı şərtlərin hamısı ödənilməlidir?,“İnvestisiya şirkətinin davamlı kapital tələbləri haqqında Qaydalar”ın təsdiq edilməsi barədə_art_5_14,Əməliyyat Risklərinin İdarə Edilməsi Qaydası_art_27_43|“İnvestisiya şirkətinin davamlı kapital tələbləri haqqında Qaydalar”ın təsdiq edilməsi barədə_art_5_14|İstehlakçıların hüquqlarının müdafiəsi haqqında_ch_V_art_29_94|Əməliyyat Risklərinin İdarə Edilməsi Qaydası_art_25_44|511cdc58f232d5d9395551ae8_art_3_12|baab9bc790127f849f8ac1040_art_3_41|Müştəri Uyğunluğu və Risk Qiymətləndirməsi Qaydaları_art_3_8_part1|Əməliyyat Risklərinin İdarə Edilməsi Qaydası_art_26_45|9018b71b0859bc7a490ea0f22_art_4_25|“İnvestisiya şirkətinin davamlı kapital tələbləri haqqında Qaydalar”ın təsdiq edilməsi barədə_art_6_15_part1,Əməliyyat Risklərinin İdarə Edilməsi Qaydası_art_27_43:0.016393|“İnvestisiya şirkətinin davamlı kapital tələbləri haqqında Qaydalar”ın təsdiq edilməsi barədə_art_5_14:0.016393|İstehlakçıların hüquqlarının müdafiəsi haqqında_ch_V_art_29_94:0.016129|Əməliyyat Risklərinin İdarə Edilməsi Qaydası_art_25_44:0.016129|511cdc58f232d5d9395551ae8_art_3_12:0.015873|baab9bc790127f849f8ac1040_art_3_41:0.015873|Müştəri Uyğunluğu və Risk Qiymətləndirməsi Qaydaları_art_3_8_part1:0.015625|Əməliyyat Risklərinin İdarə Edilməsi Qaydası_art_26_45:0.015625|9018b71b0859bc7a490ea0f22_art_4_25:0.015385|“İnvestisiya şirkətinin davamlı kapital tələbləri haqqında Qaydalar”ın təsdiq edilməsi barədə_art_6_15_part1:0.015385,1|||2||3||4|5|,|1|2||3||4|||5
91,Kredit ittifaqının üzvlərinə verdiyi təminatsız kreditlərin maksimum məbləği normativi hansı həddə bərabər və ya ondan çox olmalıdır?,“Kredit ittifaqlarının prudensial tənzimlənməsi Qaydaları”nın təsdiq edilməsi haqqında_art_8_12,“Kredit ittifaqlarının prudensial tənzimlənməsi Qaydaları”nın təsdiq edilməsi haqqında_art_8_12|“Kredit ittifaqlarının prudensial tənzimlənməsi Qaydaları”nın təsdiq edilməsi haqqında_art_7_11|“Kredit ittifaqlarının prudensial tənzimlənməsi Qaydaları”nın təsdiq edilməsi haqqında_art_5_9|6c51a485-6986-4257-b6e0-25475732f1dc_art_6_10|“Kredit ittifaqlarının prudensial tənzimlənməsi Qaydaları”nın təsdiq edilməsi haqqında_art_10_29|“Kredit ittifaqlarının prudensial tənzimlənməsi Qaydaları”nın təsdiq edilməsi haqqında_art_6_10|AZƏRBAYCAN RESPUBLİKASININ QANUNU_ch_II_art_1_28|“Kredit ittifaqlarının prudensial tənzimlənməsi Qaydaları”nın təsdiq edilməsi haqqında_art_2_6|“Kredit ittifaqlarının prudensial tənzimlənməsi Qaydaları”nın təsdiq edilməsi haqqında_art_4_8|“Azərbaycan Respublikası rezidentlərinin qeyri-rezidentlərlə maliyyə əməliyyatlarına və neytral əməliyyatlara dair hesabatın tərtibi və təqdim edilməsi haqqında Təlimat”ın təsdiq edilməsi barədə_art_19_136,“Kredit ittifaqlarının prudensial tənzimlənməsi Qaydaları”nın təsdiq edilməsi haqqında_art_8_12:0.032787|“Kredit ittifaqlarının prudensial tənzimlənməsi Qaydaları”nın təsdiq edilməsi haqqında_art_7_11:0.031498|“Kredit ittifaqlarının prudensial tənzimlənməsi Qaydaları”nın təsdiq edilməsi haqqında_art_5_9:0.027206|6c51a485-6986-4257-b6e0-25475732f1dc_art_6_10:0.016129|“Kredit ittifaqlarının prudensial tənzimlənməsi Qaydaları”nın təsdiq edilməsi haqqında_art_10_29:0.016129|“Kredit ittifaqlarının prudensial tənzimlənməsi Qaydaları”nın təsdiq edilməsi haqqında_art_6_10:0.015873|AZƏRBAYCAN RESPUBLİKASININ QANUNU_ch_II_art_1_28:0.015625|“Kredit ittifaqlarının prudensial tənzimlənməsi Qaydaları”nın təsdiq edilməsi haqqında_art_2_6:0.015385|“Kredit ittifaqlarının prudensial tənzimlənməsi Qaydaları”nın təsdiq edilməsi haqqında_art_4_8:0.015385|“Azərbaycan Respublikası rezidentlərinin qeyri-rezidentlərlə maliyyə əməliyyatlarına və neytral əməliyyatlara dair hesabatın tərtibi və təqdim edilməsi haqqında Təlimat”ın təsdiq edilməsi barədə_art_19_136:0.015152,1|3|20|2|||4||5|6,1|4|8||2|3||5||
92,İcarəyə verən tərəfindən maliyyə hesabatlarında maliyyə icarəsi üzrə hansı məlumatlar açıqlanmalıdır?,05dc79d9-43f7-4a71-aa62-709a43c03f7d_art_6_7,05dc79d9-43f7-4a71-aa62-709a43c03f7d_art_6_7|“Dövlət qeydiyyatına alınmışdır_art_13_18|05dc79d9-43f7-4a71-aa62-709a43c03f7d_art_5_6|05dc79d9-43f7-4a71-aa62-709a43c03f7d_art_3_4|“Dövlət qeydiyyatına alınmışdır_art_15_20|05dc79d9-43f7-4a71-aa62-709a43c03f7d_art_4_5|“Azərbaycan Respublikasının bank sistemində arxiv işinin aparılması haqqında Təlimat”ın təsdiq edilməsi barədə_art_2_177|Dənizkənarı Bulvar İdarəsinin fəaliyyətinin təmin edilməsi haqqında_art_14_20|“Dövlət qeydiyyatına alınmışdır_art_16_21|AZƏRBAYCAN RESPUBLİKASININ QANUNU_ch_III_art_17_73,05dc79d9-43f7-4a71-aa62-709a43c03f7d_art_6_7:0.032522|“Dövlət qeydiyyatına alınmışdır_art_13_18:0.030303|05dc79d9-43f7-4a71-aa62-709a43c03f7d_art_5_6:0.029958|05dc79d9-43f7-4a71-aa62-709a43c03f7d_art_3_4:0.028612|“Dövlət qeydiyyatına alınmışdır_art_15_20:0.028259|05dc79d9-43f7-4a71-aa62-709a43c03f7d_art_4_5:0.016393|“Azərbaycan Respublikasının bank sistemində arxiv işinin aparılması haqqında Təlimat”ın təsdiq edilməsi barədə_art_2_177:0.016129|Dənizkənarı Bulvar İdarəsinin fəaliyyətinin təmin edilməsi haqqında_art_14_20:0.015873|“Dövlət qeydiyyatına alınmışdır_art_16_21:0.015625|AZƏRBAYCAN RESPUBLİKASININ QANUNU_ch_III_art_17_73:0.015385,1|6|11|17|15||2|3|4|5,2|6|3|4|7|1||||
93,İnformasiya sisteminə valyuta mübadiləsi əməliyyatlarına dair hansı məlumatlar daxil edilir?,3df76b8c-0902-46c3-86d9-7274e5a85bfa_art_7_11_part1,3df76b8c-0902-46c3-86d9-7274e5a85bfa_art_2_3|3df76b8c-0902-46c3-86d9-7274e5a85bfa_art_7_11_part1|Valyuta tənzimi haqqında_art_16_101|096312ee-c41c-4c1f-9edd-baf5f3187758_art_7_25|3df76b8c-0902-46c3-86d9-7274e5a85bfa_art_7_11_part2|9018b71b0859bc7a490ea0f22_art_9_69|3df76b8c-0902-46c3-86d9-7274e5a85bfa_art_1_5|9018b71b0859bc7a490ea0f22_art_6_57|3df76b8c-0902-46c3-86d9-7274e5a85bfa_art_9_15|9018b71b0859bc7a490ea0f22_art_7_44,3df76b8c-0902-46c3-86d9-7274e5a85bfa_art_2_3:0.031025|3df76b8c-0902-46c3-86d9-7274e5a85bfa_art_7_11_part1:0.030092|Valyuta tənzimi haqqında_art_16_101:0.028370|096312ee-c41c-4c1f-9edd-baf5f3187758_art_7_25:0.028283|3df76b8c-0902-46c3-86d9-7274e5a85bfa_art_7_11_part2:0.026667|9018b71b0859bc7a490ea0f22_art_9_69:0.016393|3df76b8c-0902-46c3-86d9-7274e5a85bfa_art_1_5:0.016129|9018b71b0859bc7a490ea0f22_art_6_57:0.016129|3df76b8c-0902-46c3-86d9-7274e5a85bfa_art_9_15:0.015873|9018b71b0859bc7a490ea0f22_art_7_44:0.015625,3|13|11|19|15|1||2||4,6|1|10|4|15||2||3|
94,Mənfəət və ya zərər hesablarında ədalətli dəyərlə ölçülmüş kredit portfeli hansı valyutada və hansı ölçü vahidində göstərilir?,93968292987fc27975a90fcfd_art_4_38,93968292987fc27975a90fcfd_art_4_34|93968292987fc27975a90fcfd_art_4_38|93968292987fc27975a90fcfd_art_4_30|93968292987fc27975a90fcfd_art_4_26|93968292987fc27975a90fcfd_art_3_53|“Qiymətli kağızlar bazarında sui-istifadələrin qarşısının alınması haqqında Qaydalar”ın təsdiq edilməsi barədə_art_7_22|93968292987fc27975a90fcfd_art_3_56|AZƏRBAYCAN RESPUBLİKASININ QANUNU_ch_III_art_17_73|93968292987fc27975a90fcfd_art_2_58|“Qiymətli kağızlar bazarında sui-istifadələrin qarşısının alınması haqqında Qaydalar”ın təsdiq edilməsi barədə_art_5_20,93968292987fc27975a90fcfd_art_4_34:0.032522|93968292987fc27975a90fcfd_art_4_38:0.032522|93968292987fc27975a90fcfd_art_4_30:0.029631|93968292987fc27975a90fcfd_art_4_26:0.029236|93968292987fc27975a90fcfd_art_3_53:0.028694|“Qiymətli kağızlar bazarında sui-istifadələrin qarşısının alınması haqqında Qaydalar”ın təsdiq edilməsi barədə_art_7_22:0.015873|93968292987fc27975a90fcfd_art_3_56:0.015625|AZƏRBAYCAN RESPUBLİKASININ QANUNU_ch_III_art_17_73:0.015625|93968292987fc27975a90fcfd_art_2_58:0.015385|“Qiymətli kağızlar bazarında sui-istifadələrin qarşısının alınması haqqında Qaydalar”ın təsdiq edilməsi barədə_art_5_20:0.015385,2|1|7|11|18|3||4||5,1|2|8|6|3||4||5|
95,Statistik vahid nağd xarici valyuta əməliyyatları hesabatını Mərkəzi Banka hansı müddətdə təqdim etməlidir?,Azərbaycan Respublikası Prezidentinin Fərmanı_art_3_9_part1,3df76b8c-0902-46c3-86d9-7274e5a85bfa_art_2_3|Azərbaycan Respublikası Prezidentinin Fərmanı_art_1_2|AZƏRBAYCAN RESPUBLİKASININ QANUNU_ch_III_art_3_76|Azərbaycan Respublikası Prezidentinin Fərmanı_art_2_5_part3|802-IIQ-Azərbaycan Respublikasının Mərkəzi Bankı haqqında_ch_VII_art_43_53|Azərbaycan Respublikası Prezidentinin Fərmanı_art_3_9_part1|802-IIQ-Azərbaycan Respublikasının Mərkəzi Bankı haqqında_ch_XI_77|Azərbaycan Respublikası Prezidentinin Fərmanı_art_2_5_part2|Azərbaycan Respublikası Prezidentinin Fərmanı_intro_1|“Azərbaycan Respublikasının bank sistemində arxiv işinin aparılması haqqında Təlimat”ın təsdiq edilməsi barədə_art_126_148,3df76b8c-0902-46c3-86d9-7274e5a85bfa_art_2_3:0.027584|Azərbaycan Respublikası Prezidentinin Fərmanı_art_1_2:0.026876|AZƏRBAYCAN RESPUBLİKASININ QANUNU_ch_III_art_3_76:0.016393|Azərbaycan Respublikası Prezidentinin Fərmanı_art_2_5_part3:0.016393|802-IIQ-Azərbaycan Respublikasının Mərkəzi Bankı haqqında_ch_VII_art_43_53:0.016129|Azərbaycan Respublikası Prezidentinin Fərmanı_art_3_9_part1:0.016129|802-IIQ-Azərbaycan Respublikasının Mərkəzi Bankı haqqında_ch_XI_77:0.015873|Azərbaycan Respublikası Prezidentinin Fərmanı_art_2_5_part2:0.015873|Azərbaycan Respublikası Prezidentinin Fərmanı_intro_1:0.015625|“Azərbaycan Respublikasının bank sistemində arxiv işinin aparılması haqqında Təlimat”ın təsdiq edilməsi barədə_art_126_148:0.015625,7|12|1||2||3|||4,19|17||1||2||3|4|
96,Əmanətlər üzrə hesablanmış faizlərin ödənilməsi zamanı hansı mühasibat yazılışı verilir?,Azərbaycan Respublikasının Mərkəzi Bankı - Azərbaycan Respublikasının Bank sistemində əmanətlərin (depozitlərin) uçot Qaydaları_art_3_7,Azərbaycan Respublikasının Mərkəzi Bankı - Azərbaycan Respublikasının Bank sistemində əmanətlərin (depozitlərin) uçot Qaydaları_art_2_6|Azərbaycan Respublikasının Mərkəzi Bankı - Azərbaycan Respublikasının Bank sistemində əmanətlərin (depozitlərin) uçot Qaydaları_art_3_7|Azərbaycan Respublikasının Mərkəzi Bankı - Azərbaycan Respublikasının Bank sistemində əmanətlərin (depozitlərin) uçot Qaydaları_art_1_5|Azərbaycan Respublikasının Mərkəzi Bankı - Azərbaycan Respublikasının Bank sistemində əmanətlərin (depozitlərin) uçot Qaydaları_art_4_8|“Kredit ittifaqlarının prudensial tənzimlənməsi Qaydaları”nın təsdiq edilməsi haqqında_art_6_10|Azərbaycan Respublikasının Mərkəzi Bankı - Azərbaycan Respublikasının bank sistemində ödəniş vasitələrinin maliyyə hesabatlarında uçotu Qaydaları_art_5_7|“Azərbaycan Respublikası rezidentlərinin qeyri-rezidentlərlə maliyyə əməliyyatlarına və neytral əməliyyatlara dair hesabatın tərtibi və təqdim edilməsi haqqında Təlimat”ın təsdiq edilməsi barədə_art_19_136|“Kredit ittifaqlarının prudensial tənzimlənməsi Qaydaları”nın təsdiq edilməsi haqqında_art_2_21|Azərbaycan Respublikasının Mərkəzi Bankı - Azərbaycan Respublikasının bank sistemində ödəniş vasitələrinin maliyyə hesabatlarında uçotu Qaydaları_art_4_6|“Azərbaycan Respublikası rezidentlərinin qeyri-rezidentlərlə maliyyə əməliyyatlarına və neytral əməliyyatlara dair hesabatın tərtibi və təqdim edilməsi haqqında Təlimat”ın təsdiq edilməsi barədə_art_16_222,Azərbaycan Respublikasının Mərkəzi Bankı - Azərbaycan Respublikasının Bank sistemində əmanətlərin (depozitlərin) uçot Qaydaları_art_2_6:0.032522|Azərbaycan Respublikasının Mərkəzi Bankı - Azərbaycan Respublikasının Bank sistemində əmanətlərin (depozitlərin) uçot Qaydaları_art_3_7:0.032522|Azərbaycan Respublikasının Mərkəzi Bankı - Azərbaycan Respublikasının Bank sistemində əmanətlərin (depozitlərin) uçot Qaydaları_art_1_5:0.031258|Azərbaycan Respublikasının Mərkəzi Bankı - Azərbaycan Respublikasının Bank sistemində əmanətlərin (depozitlərin) uçot Qaydaları_art_4_8:0.030777|“Kredit ittifaqlarının prudensial tənzimlənməsi Qaydaları”nın təsdiq edilməsi haqqında_art_6_10:0.015873|Azərbaycan Respublikasının Mərkəzi Bankı - Azərbaycan Respublikasının bank sistemində ödəniş vasitələrinin maliyyə hesabatlarında uçotu Qaydaları_art_5_7:0.015625|“Azərbaycan Respublikası rezidentlərinin qeyri-rezidentlərlə maliyyə əməliyyatlarına və neytral əməliyyatlara dair hesabatın tərtibi və təqdim edilməsi haqqında Təlimat”ın təsdiq edilməsi barədə_art_19_136:0.015385|“Kredit ittifaqlarının prudensial tənzimlənməsi Qaydaları”nın təsdiq edilməsi haqqında_art_2_21:0.015152|Azərbaycan Respublikasının Mərkəzi Bankı - Azərbaycan Respublikasının bank sistemində ödəniş vasitələrinin maliyyə hesabatlarında uçotu Qaydaları_art_4_6:0.014925|“Azərbaycan Respublikası rezidentlərinin qeyri-rezidentlərlə maliyyə əməliyyatlarına və neytral əməliyyatlara dair hesabatın tərtibi və təqdim edilməsi haqqında Təlimat”ın təsdiq edilməsi barədə_art_16_222:0.014925,1|2|3|4|||5|6||7,2|1|5|6|3|4|||7|
97,Baş kitabın bankın idarə olunmasında hansı əsas funksiyaları var və o hansı istifadəçilər üçün hesabatların əsasını təşkil edir?,_Dövlət qeydiyyatına alınmışdır_art_13_22,590-IIQ-Banklar haqqında_ch_V_63|_Dövlət qeydiyyatına alınmışdır_art_8_10_part2|Banklar Haqqında Qanun_ch_V_63|“Dövlət qeydiyyatına alınmışdır_art_15_20|590-IIQ-Banklar haqqında_ch_III_31|_Dövlət qeydiyyatına alınmışdır_art_8_10_part1|Banklar Haqqında Qanun_ch_III_31|Əməliyyat Risklərinin İdarə Edilməsi Qaydası_art_6_11_part1|64b6f05f-196b-4894-9374-9e5c1c4df7a2_art_12_31|Banklarda korporativ idarəetmə Standartları_art_15_27,590-IIQ-Banklar haqqında_ch_V_63:0.016393|_Dövlət qeydiyyatına alınmışdır_art_8_10_part2:0.016393|Banklar Haqqında Qanun_ch_V_63:0.016129|“Dövlət qeydiyyatına alınmışdır_art_15_20:0.016129|590-IIQ-Banklar haqqında_ch_III_31:0.015873|_Dövlət qeydiyyatına alınmışdır_art_8_10_part1:0.015873|Banklar Haqqında Qanun_ch_III_31:0.015625|Əməliyyat Risklərinin İdarə Edilməsi Qaydası_art_6_11_part1:0.015625|64b6f05f-196b-4894-9374-9e5c1c4df7a2_art_12_31:0.015385|Banklarda korporativ idarəetmə Standartları_art_15_27:0.015385,1||2||3||4||5|,|1||2||3||4||5
98,"Banklar maliyyə hesabatlarının surətini ""Audit hesabatı"" ilə birlikdə Milli Banka hansı müddət ərzində təqdim etməlidirlər?",«Dövlət qeydiyyatına alınmışdır»_art_8_8,Banklar Haqqında Qanun_ch_V_art_45_66|590-IIQ-Banklar haqqında_ch_V_art_45_66|«Dövlət qeydiyyatına alınmışdır»_art_8_8|AZƏRBAYCAN RESPUBLİKASININ QANUNU_ch_III_art_3_76|AZƏRBAYCAN RESPUBLİKASININ QANUNU_ch_III_art_4_77|“Azərbaycan Respublikasının bank sistemində arxiv işinin aparılması haqqında Təlimat”ın təsdiq edilməsi barədə_art_164_188|“Azərbaycan Respublikasının bank sistemində arxiv işinin aparılması haqqında Təlimat”ın təsdiq edilməsi barədə_art_126_148|64b6f05f-196b-4894-9374-9e5c1c4df7a2_art_2_92|933-IIIQ-Bank olmayan kredit təşkilatları haqqında_ch_IV_art_20_28|Bank Hesabları Qaydası_art_2_92,Banklar Haqqında Qanun_ch_V_art_45_66:0.031754|590-IIQ-Banklar haqqında_ch_V_art_45_66:0.030798|«Dövlət qeydiyyatına alınmışdır»_art_8_8:0.030282|AZƏRBAYCAN RESPUBLİKASININ QANUNU_ch_III_art_3_76:0.029052|AZƏRBAYCAN RESPUBLİKASININ QANUNU_ch_III_art_4_77:0.016129|“Azərbaycan Respublikasının bank sistemində arxiv işinin aparılması haqqında Təlimat”ın təsdiq edilməsi barədə_art_164_188:0.015873|“Azərbaycan Respublikasının bank sistemində arxiv işinin aparılması haqqında Təlimat”ın təsdiq edilməsi barədə_art_126_148:0.015625|64b6f05f-196b-4894-9374-9e5c1c4df7a2_art_2_92:0.015385|933-IIIQ-Bank olmayan kredit təşkilatları haqqında_ch_IV_art_20_28:0.015385|Bank Hesabları Qaydası_art_2_92:0.015152,2|7|12|1||3|4|5||6,4|3|1|19|2||||5|
99,Texniki və təmir xidmətləri üzrə daxilolmalar və ödənişlər hansı kodlarla təsnif edilir?,“Azərbaycan Respublikası rezidentlərinin qeyri-rezidentlərlə maliyyə əməliyyatlarına və neytral əməliyyatlara dair hesabatın tərtibi və təqdim edilməsi haqqında Təlimat”ın təsdiq edilməsi barədə_art_3_54,“Azərbaycan Respublikası rezidentlərinin qeyri-rezidentlərlə maliyyə əməliyyatlarına və neytral əməliyyatlara dair hesabatın tərtibi və təqdim edilməsi haqqında Təlimat”ın təsdiq edilməsi barədə_art_3_419|“Azərbaycan Respublikası rezidentlərinin qeyri-rezidentlərlə maliyyə əməliyyatlarına və neytral əməliyyatlara dair hesabatın tərtibi və təqdim edilməsi haqqında Təlimat”ın təsdiq edilməsi barədə_art_3_54|“Azərbaycan Respublikası rezidentlərinin qeyri-rezidentlərlə maliyyə əməliyyatlarına və neytral əməliyyatlara dair hesabatın tərtibi və təqdim edilməsi haqqında Təlimat”ın təsdiq edilməsi barədə_art_62_113|“Azərbaycan Respublikası rezidentlərinin qeyri-rezidentlərlə maliyyə əməliyyatlarına və neytral əməliyyatlara dair hesabatın tərtibi və təqdim edilməsi haqqında Təlimat”ın təsdiq edilməsi barədə_art_65_116|AZƏRBAYCAN RESPUBLİKASININ QANUNU_ch_III_art_17_73|“Azərbaycan Respublikası rezidentlərinin qeyri-rezidentlərlə maliyyə əməliyyatlarına və neytral əməliyyatlara dair hesabatın tərtibi və təqdim edilməsi haqqında Təlimat”ın təsdiq edilməsi barədə_art_54_461|İstehlakçıların hüquqlarının müdafiəsi haqqında_ch_II_art_4_12|“Azərbaycan Respublikası rezidentlərinin qeyri-rezidentlərlə maliyyə əməliyyatlarına və neytral əməliyyatlara dair hesabatın tərtibi və təqdim edilməsi haqqında Təlimat”ın təsdiq edilməsi barədə_art_50_457|93968292987fc27975a90fcfd_art_3_4_part2|“Azərbaycan Respublikası rezidentlərinin qeyri-rezidentlərlə maliyyə əməliyyatlarına və neytral əməliyyatlara dair hesabatın tərtibi və təqdim edilməsi haqqında Təlimat”ın təsdiq edilməsi barədə_art_50_101,“Azərbaycan Respublikası rezidentlərinin qeyri-rezidentlərlə maliyyə əməliyyatlarına və neytral əməliyyatlara dair hesabatın tərtibi və təqdim edilməsi haqqında Təlimat”ın təsdiq edilməsi barədə_art_3_419:0.032522|“Azərbaycan Respublikası rezidentlərinin qeyri-rezidentlərlə maliyyə əməliyyatlarına və neytral əməliyyatlara dair hesabatın tərtibi və təqdim edilməsi haqqında Təlimat”ın təsdiq edilməsi barədə_art_3_54:0.032522|“Azərbaycan Respublikası rezidentlərinin qeyri-rezidentlərlə maliyyə əməliyyatlarına və neytral əməliyyatlara dair hesabatın tərtibi və təqdim edilməsi haqqında Təlimat”ın təsdiq edilməsi barədə_art_62_113:0.031010|“Azərbaycan Respublikası rezidentlərinin qeyri-rezidentlərlə maliyyə əməliyyatlarına və neytral əməliyyatlara dair hesabatın tərtibi və təqdim edilməsi haqqında Təlimat”ın təsdiq edilməsi barədə_art_65_116:0.031010|AZƏRBAYCAN RESPUBLİKASININ QANUNU_ch_III_art_17_73:0.015873|“Azərbaycan Respublikası rezidentlərinin qeyri-rezidentlərlə maliyyə əməliyyatlarına və neytral əməliyyatlara dair hesabatın tərtibi və təqdim edilməsi haqqında Təlimat”ın təsdiq edilməsi barədə_art_54_461:0.015873|İstehlakçıların hüquqlarının müdafiəsi haqqında_ch_II_art_4_12:0.015152|“Azərbaycan Respublikası rezidentlərinin qeyri-rezidentlərlə maliyyə əməliyyatlarına və neytral əməliyyatlara dair hesabatın tərtibi və təqdim edilməsi haqqında Təlimat”ın təsdiq edilməsi barədə_art_50_457:0.015152|93968292987fc27975a90fcfd_art_3_4_part2:0.014925|“Azərbaycan Respublikası rezidentlərinin qeyri-rezidentlərlə maliyyə əməliyyatlarına və neytral əməliyyatlara dair hesabatın tərtibi və təqdim edilməsi haqqında Təlimat”ın təsdiq edilməsi barədə_art_50_101:0.014925,1|2|5|4|3|||6||7,2|1|4|5||3|6||7|
100,Mənfəət və zərər haqqında hesabatda gəlir və xərc maddələri hansı hallarda əvəzləşdirilə bilər?,“Dövlət qeydiyyatına alınmışdır_art_12_17,Valyuta tənzimi haqqında_art_8_10|“Dövlət qeydiyyatına alınmışdır_art_12_17|İstehlakçıların hüquqlarının müdafiəsi haqqında_ch_II_art_9_30|“Dövlət qeydiyyatına alınmışdır_art_5_8_part2|64b6f05f-196b-4894-9374-9e5c1c4df7a2_art_16_84|“Dövlət qeydiyyatına alınmışdır_art_4_6_part2|Bank Hesabları Qaydası_art_16_84|“Dövlət qeydiyyatına alınmışdır_art_5_8_part1|“Azərbaycan Respublikasının bank sistemində arxiv işinin aparılması haqqında Təlimat”ın təsdiq edilməsi barədə_art_36_52|“Dövlət qeydiyyatına alınmışdır_art_4_6_part1,Valyuta tənzimi haqqında_art_8_10:0.016393|“Dövlət qeydiyyatına alınmışdır_art_12_17:0.016393|İstehlakçıların hüquqlarının müdafiəsi haqqında_ch_II_art_9_30:0.016129|“Dövlət qeydiyyatına alınmışdır_art_5_8_part2:0.016129|64b6f05f-196b-4894-9374-9e5c1c4df7a2_art_16_84:0.015873|“Dövlət qeydiyyatına alınmışdır_art_4_6_part2:0.015873|Bank Hesabları Qaydası_art_16_84:0.015625|“Dövlət qeydiyyatına alınmışdır_art_5_8_part1:0.015625|“Azərbaycan Respublikasının bank sistemində arxiv işinin aparılması haqqında Təlimat”ın təsdiq edilməsi barədə_art_36_52:0.015385|“Dövlət qeydiyyatına alınmışdır_art_4_6_part1:0.015385,1||2||3||4||5|,|1||2||3||4||5
101,Təxirə salınmış xərclər hesabında hansı xərclərin uçotu aparılır və bu xərclər necə uçotdan silinir?,“Dövlət qeydiyyatına alınmışdır”_art_3_4,64b6f05f-196b-4894-9374-9e5c1c4df7a2_art_16_84|“Dövlət qeydiyyatına alınmışdır”_art_3_4|Bank Hesabları Qaydası_art_16_84|“Kredit ittifaqlarının prudensial tənzimlənməsi Qaydaları”nın təsdiq edilməsi haqqında_art_5_27|05dc79d9-43f7-4a71-aa62-709a43c03f7d_art_5_6|“Azərbaycan Respublikası rezidentlərinin qeyri-rezidentlərlə maliyyə əməliyyatlarına və neytral əməliyyatlara dair hesabatın tərtibi və təqdim edilməsi haqqında Təlimat”ın təsdiq edilməsi barədə_art_14_220|“Azərbaycan Respublikası rezidentlərinin qeyri-rezidentlərlə maliyyə əməliyyatlarına və neytral əməliyyatlara dair hesabatın tərtibi və təqdim edilməsi haqqında Təlimat”ın təsdiq edilməsi barədə_art_10_216|“Dövlət qeydiyyatına alınmışdır_art_7_11|Banklarda korporativ idarəetmə Standartları_art_1_37_part1|“Azərbaycan Respublikası rezidentlərinin qeyri-rezidentlərlə maliyyə əməliyyatlarına və neytral əməliyyatlara dair hesabatın tərtibi və təqdim edilməsi haqqında Təlimat”ın təsdiq edilməsi barədə_art_16_222,64b6f05f-196b-4894-9374-9e5c1c4df7a2_art_16_84:0.016393|“Dövlət qeydiyyatına alınmışdır”_art_3_4:0.016393|Bank Hesabları Qaydası_art_16_84:0.016129|“Kredit ittifaqlarının prudensial tənzimlənməsi Qaydaları”nın təsdiq edilməsi haqqında_art_5_27:0.016129|05dc79d9-43f7-4a71-aa62-709a43c03f7d_art_5_6:0.015873|“Azərbaycan Respublikası rezidentlərinin qeyri-rezidentlərlə maliyyə əməliyyatlarına və neytral əməliyyatlara dair hesabatın tərtibi və təqdim edilməsi haqqında Təlimat”ın təsdiq edilməsi barədə_art_14_220:0.015873|“Azərbaycan Respublikası rezidentlərinin qeyri-rezidentlərlə maliyyə əməliyyatlarına və neytral əməliyyatlara dair hesabatın tərtibi və təqdim edilməsi haqqında Təlimat”ın təsdiq edilməsi barədə_art_10_216:0.015625|“Dövlət qeydiyyatına alınmışdır_art_7_11:0.015625|Banklarda korporativ idarəetmə Standartları_art_1_37_part1:0.015385|“Azərbaycan Respublikası rezidentlərinin qeyri-rezidentlərlə maliyyə əməliyyatlarına və neytral əməliyyatlara dair hesabatın tərtibi və təqdim edilməsi haqqında Təlimat”ın təsdiq edilməsi barədə_art_16_222:0.015385,1||2|||3|4|||5,|1||2|3|||4|5|
102,Fiziki şəxslərin bank hesablarından hansı minimum məbləğdən başlayaraq xarici valyuta köçürmələri statistik hesabata daxil edilir?,“Fiziki şəxslərin bank hesablarından Azərbaycan Respublikasından kənara köçürülən xarici valyuta haqqında statistik hesabatın tərtibi və təqdim edilməsinə dair Təlimat”ın təsdiq edilməsi barədə_art_2_5,“Azərbaycan Respublikası rezidentlərinin qeyri-rezidentlərlə maliyyə əməliyyatlarına və neytral əməliyyatlara dair hesabatın tərtibi və təqdim edilməsi haqqında Təlimat”ın təsdiq edilməsi barədə_art_8_151|“Azərbaycan Respublikası rezidentlərinin qeyri-rezidentlərlə maliyyə əməliyyatlarına və neytral əməliyyatlara dair hesabatın tərtibi və təqdim edilməsi haqqında Təlimat”ın təsdiq edilməsi barədə_art_16_159|“Azərbaycan Respublikası rezidentlərinin qeyri-rezidentlərlə maliyyə əməliyyatlarına və neytral əməliyyatlara dair hesabatın tərtibi və təqdim edilməsi haqqında Təlimat”ın təsdiq edilməsi barədə_art_14_157|“Azərbaycan Respublikası rezidentlərinin qeyri-rezidentlərlə maliyyə əməliyyatlarına və neytral əməliyyatlara dair hesabatın tərtibi və təqdim edilməsi haqqında Təlimat”ın təsdiq edilməsi barədə_art_10_153|“Fiziki şəxslərin bank hesablarından Azərbaycan Respublikasından kənara köçürülən xarici valyuta haqqında statistik hesabatın tərtibi və təqdim edilməsinə dair Təlimat”ın təsdiq edilməsi barədə_art_1_4|“Azərbaycan Respublikası rezidentlərinin qeyri-rezidentlərlə maliyyə əməliyyatlarına və neytral əməliyyatlara dair hesabatın tərtibi və təqdim edilməsi haqqında Təlimat”ın təsdiq edilməsi barədə_art_4_465|“Azərbaycan Respublikası rezidentlərinin qeyri-rezidentlərlə maliyyə əməliyyatlarına və neytral əməliyyatlara dair hesabatın tərtibi və təqdim edilməsi haqqında Təlimat”ın təsdiq edilməsi barədə_art_7_150|Azərbaycan Respublikası Prezidentinin Fərmanı_art_2_12|64b6f05f-196b-4894-9374-9e5c1c4df7a2_art_18_61|Azərbaycan Respublikası Prezidentinin Fərmanı_art_2_5_part2,“Azərbaycan Respublikası rezidentlərinin qeyri-rezidentlərlə maliyyə əməliyyatlarına və neytral əməliyyatlara dair hesabatın tərtibi və təqdim edilməsi haqqında Təlimat”ın təsdiq edilməsi barədə_art_8_151:0.029727|“Azərbaycan Respublikası rezidentlərinin qeyri-rezidentlərlə maliyyə əməliyyatlarına və neytral əməliyyatlara dair hesabatın tərtibi və təqdim edilməsi haqqında Təlimat”ın təsdiq edilməsi barədə_art_16_159:0.028694|“Azərbaycan Respublikası rezidentlərinin qeyri-rezidentlərlə maliyyə əməliyyatlarına və neytral əməliyyatlara dair hesabatın tərtibi və təqdim edilməsi haqqında Təlimat”ın təsdiq edilməsi barədə_art_14_157:0.028309|“Azərbaycan Respublikası rezidentlərinin qeyri-rezidentlərlə maliyyə əməliyyatlarına və neytral əməliyyatlara dair hesabatın tərtibi və təqdim edilməsi haqqında Təlimat”ın təsdiq edilməsi barədə_art_10_153:0.026145|“Fiziki şəxslərin bank hesablarından Azərbaycan Respublikasından kənara köçürülən xarici valyuta haqqında statistik hesabatın tərtibi və təqdim edilməsinə dair Təlimat”ın təsdiq edilməsi barədə_art_1_4:0.016393|“Azərbaycan Respublikası rezidentlərinin qeyri-rezidentlərlə maliyyə əməliyyatlarına və neytral əməliyyatlara dair hesabatın tərtibi və təqdim edilməsi haqqında Təlimat”ın təsdiq edilməsi barədə_art_4_465:0.016129|“Azərbaycan Respublikası rezidentlərinin qeyri-rezidentlərlə maliyyə əməliyyatlarına və neytral əməliyyatlara dair hesabatın tərtibi və təqdim edilməsi haqqında Təlimat”ın təsdiq edilməsi barədə_art_7_150:0.016129|Azərbaycan Respublikası Prezidentinin Fərmanı_art_2_12:0.015873|64b6f05f-196b-4894-9374-9e5c1c4df7a2_art_18_61:0.015625|Azərbaycan Respublikası Prezidentinin Fərmanı_art_2_5_part2:0.015625,1|3|6|16|||2||4|,15|18|16|17|1|2||3||4
103,Balansdankənar əməliyyatlar bank riskinin mövcudluğuna görə hansı iki qrupa təsnifləşdirilir?,“QEYDƏ ALINMIŞDIR” “TƏSDİQ EDİRƏM”_art_3_4,“QEYDƏ ALINMIŞDIR” “TƏSDİQ EDİRƏM”_art_3_4|ba0d73daa9275fa1fe1e4694b_art_1_31|9018b71b0859bc7a490ea0f22_art_2_23|“QEYDƏ ALINMIŞDIR” “TƏSDİQ EDİRƏM”_art_4_5|590-IIQ-Banklar haqqında_ch_II_10|Azərbaycan Respublikasının Mərkəzi Bankı - Azərbaycan Respublikasının bank sistemində ödəniş vasitələrinin maliyyə hesabatlarında uçotu Qaydaları_art_5_7|Azərbaycan Respublikasının Mərkəzi Bankı - Azərbaycan Respublikasının bank sistemində ödəniş vasitələrinin maliyyə hesabatlarında uçotu Qaydaları_art_2_3_part1|Banklar Haqqında Qanun_ch_II_10|64b6f05f-196b-4894-9374-9e5c1c4df7a2_art_12_31|ba0d73daa9275fa1fe1e4694b_intro_1_part20,“QEYDƏ ALINMIŞDIR” “TƏSDİQ EDİRƏM”_art_3_4:0.030282|ba0d73daa9275fa1fe1e4694b_art_1_31:0.016393|9018b71b0859bc7a490ea0f22_art_2_23:0.016129|“QEYDƏ ALINMIŞDIR” “TƏSDİQ EDİRƏM”_art_4_5:0.016129|590-IIQ-Banklar haqqında_ch_II_10:0.015873|Azərbaycan Respublikasının Mərkəzi Bankı - Azərbaycan Respublikasının bank sistemində ödəniş vasitələrinin maliyyə hesabatlarında uçotu Qaydaları_art_5_7:0.015873|Azərbaycan Respublikasının Mərkəzi Bankı - Azərbaycan Respublikasının bank sistemində ödəniş vasitələrinin maliyyə hesabatlarında uçotu Qaydaları_art_2_3_part1:0.015625|Banklar Haqqında Qanun_ch_II_10:0.015625|64b6f05f-196b-4894-9374-9e5c1c4df7a2_art_12_31:0.015385|ba0d73daa9275fa1fe1e4694b_intro_1_part20:0.015385,12|1|2||3|||4|5|,1|||2||3|4|||5
104,Bu Qaydaların qüvvəyə minməsi ilə əlaqədar hansı əvvəlki sənəd öz qüvvəsini itirmiş hesab edilir?,“QEYDƏ ALINMIŞDIR”_art_6_7,“QEYDƏ ALINMIŞDIR”_art_6_7|5b725bb224d33e2085294c793_art_5_22|Azərbaycan Respublikasının Mərkəzi Bankı - Azərbaycan Respublikasının Bank sistemində əmanətlərin (depozitlərin) uçot Qaydaları_art_3_4|«Dövlət qeydiyyatına alınmışdır»_art_9_9|_Dövlət qeydiyyatına alınmışdır_art_16_28|“Qiymətli kağızlar bazarında sui-istifadələrin qarşısının alınması haqqında Qaydalar”ın təsdiq edilməsi barədə_art_3_10|_Banklar haqqında_ Azərbaycan Respublikası Qanununun tətbiq edilməsi barədə_intro_1|“Dövlət qeydiyyatına alınmışdır”_art_4_5|402 _Azərbaycan Respublikasının Milli Bankı haqqında_ Azərbaycan Respublikası Qanununun tətbiq edilməsi barədə_intro_1|“Qiymətli kağızlar bazarında sui-istifadələrin qarşısının alınması haqqında Qaydalar”ın təsdiq edilməsi barədə_art_5_6,“QEYDƏ ALINMIŞDIR”_art_6_7:0.030679|5b725bb224d33e2085294c793_art_5_22:0.016393|Azərbaycan Respublikasının Mərkəzi Bankı - Azərbaycan Respublikasının Bank sistemində əmanətlərin (depozitlərin) uçot Qaydaları_art_3_4:0.016129|«Dövlət qeydiyyatına alınmışdır»_art_9_9:0.016129|_Dövlət qeydiyyatına alınmışdır_art_16_28:0.015873|“Qiymətli kağızlar bazarında sui-istifadələrin qarşısının alınması haqqında Qaydalar”ın təsdiq edilməsi barədə_art_3_10:0.015873|_Banklar haqqında_ Azərbaycan Respublikası Qanununun tətbiq edilməsi barədə_intro_1:0.015625|“Dövlət qeydiyyatına alınmışdır”_art_4_5:0.015625|402 _Azərbaycan Respublikasının Milli Bankı haqqında_ Azərbaycan Respublikası Qanununun tətbiq edilməsi barədə_intro_1:0.015385|“Qiymətli kağızlar bazarında sui-istifadələrin qarşısının alınması haqqında Qaydalar”ın təsdiq edilməsi barədə_art_5_6:0.015385,10|1||2|3|||4||5,1||2|||3|4||5|
105,"Bu Qaydalarda ""kənar auditor"" anlayışı hansı mənanı ifadə edir?",“Qiymətli kağızlar bazarında lisenziyalaşdırılan şəxslərin kənar auditorlarına dair tələblər haqqında Qaydalar”ın təsdiq edilməsi barədə_art_1_7,“Qiymətli kağızlar bazarında lisenziyalaşdırılan şəxslərin kənar auditorlarına dair tələblər haqqında Qaydalar”ın təsdiq edilməsi barədə_art_1_7|Auditor xidməti haqqında_art_2_3|«Dövlət qeydiyyatına alınmışdır»_art_2_2|Azərbaycan Respublikasının 1999-cu il 22 iyun tarixli 689-IQ nömrəli Qanunu ilə təsdiq edilmiş «Ədalət mühakiməsinin rəsmi embleminin təsviri»ndə dəyişiklik edilməsi barədə_art_1_2|009aa733c2e8a69d2ccc41bf4_art_1_2|Daxili audit haqqında_intro_1|İnformasiya Sistemlərinin Təhlükəsizliyi Qaydaları_art_2_6|Valyuta tənzimi haqqında_art_1_2|8a4d0220-9312-4ef2-88e8-c65b607a186a_art_2_17|“Qiymətli kağızlar bazarında lisenziyalaşdırılan şəxslərin kənar auditorlarına dair tələblər haqqında Qaydalar”ın təsdiq edilməsi barədə_art_1_2,“Qiymətli kağızlar bazarında lisenziyalaşdırılan şəxslərin kənar auditorlarına dair tələblər haqqında Qaydalar”ın təsdiq edilməsi barədə_art_1_7:0.030282|Auditor xidməti haqqında_art_2_3:0.027652|«Dövlət qeydiyyatına alınmışdır»_art_2_2:0.027651|Azərbaycan Respublikasının 1999-cu il 22 iyun tarixli 689-IQ nömrəli Qanunu ilə təsdiq edilmiş «Ədalət mühakiməsinin rəsmi embleminin təsviri»ndə dəyişiklik edilməsi barədə_art_1_2:0.016393|009aa733c2e8a69d2ccc41bf4_art_1_2:0.016129|Daxili audit haqqında_intro_1:0.016129|İnformasiya Sistemlərinin Təhlükəsizliyi Qaydaları_art_2_6:0.015873|Valyuta tənzimi haqqında_art_1_2:0.015873|8a4d0220-9312-4ef2-88e8-c65b607a186a_art_2_17:0.015625|“Qiymətli kağızlar bazarında lisenziyalaşdırılan şəxslərin kənar auditorlarına dair tələblər haqqında Qaydalar”ın təsdiq edilməsi barədə_art_1_2:0.015625,1|6|9|||2||3||4,12|20|16|1|2||3||4|
106,Bu Qərardan irəli gələn məsələlərin həlli hansı struktur bölmə üzərinə tapşırılıb?,“İpoteka örtüyünün reyestrinin aparılması və sərəncamçı tərəfindən ipoteka örtüyünün yoxlanılmasının nəticələri barədə hesabata dair tələblər haqqında Qaydalar”ın təsdiq edilməsi barədə_art_3_4,“Qiymətli kağızlar bazarında sui-istifadələrin qarşısının alınması haqqında Qaydalar”ın təsdiq edilməsi barədə_art_3_4|dd1aa268-4de2-48ab-8953-c87d3f1c74e3_art_3_4|“İnvestisiya şirkətinin davamlı kapital tələbləri haqqında Qaydalar”ın təsdiq edilməsi barədə_art_3_4|“Qiymətli kağızlar bazarında lisenziyalaşdırılan şəxslərin kənar auditorlarına dair tələblər haqqında Qaydalar”ın təsdiq edilməsi barədə_art_3_4|“İnvestisiya qiymətli kağızlarının qiymətinin sabitləşdirilməsi haqqında Qaydalar”ın təsdiq edilməsi barədə_art_3_4|“İpoteka örtüyünün reyestrinin aparılması və sərəncamçı tərəfindən ipoteka örtüyünün yoxlanılmasının nəticələri barədə hesabata dair tələblər haqqında Qaydalar”ın təsdiq edilməsi barədə_art_3_4|Əməliyyat Risklərinin İdarə Edilməsi Qaydası_art_25_44|“Ödəmə qabiliyyətini itirmiş bankların rezolyusiyası və sağlamlaşdırma tədbirləri çərçivəsində qeyri-işlək (toksik) aktivlərin təqdim edilməsi Qaydası”nın təsdiq edilməsi haqqında_art_3_4|Əməliyyat Risklərinin İdarə Edilməsi Qaydası_art_4_23|Azərbaycan Respublikası Prezidentinin 1999-cu il 14 may tarixli 130 nömrəli Fərmanı ilə təsdiq edilmiş «Azərbaycan Respublikasının fəxri adları haqqında Əsasnamə»də dəyişikliklər edilməsi barədə_art_11_12,“Qiymətli kağızlar bazarında sui-istifadələrin qarşısının alınması haqqında Qaydalar”ın təsdiq edilməsi barədə_art_3_4:0.032787|dd1aa268-4de2-48ab-8953-c87d3f1c74e3_art_3_4:0.032258|“İnvestisiya şirkətinin davamlı kapital tələbləri haqqında Qaydalar”ın təsdiq edilməsi barədə_art_3_4:0.031498|“Qiymətli kağızlar bazarında lisenziyalaşdırılan şəxslərin kənar auditorlarına dair tələblər haqqında Qaydalar”ın təsdiq edilməsi barədə_art_3_4:0.031498|“İnvestisiya qiymətli kağızlarının qiymətinin sabitləşdirilməsi haqqında Qaydalar”ın təsdiq edilməsi barədə_art_3_4:0.030310|“İpoteka örtüyünün reyestrinin aparılması və sərəncamçı tərəfindən ipoteka örtüyünün yoxlanılmasının nəticələri barədə hesabata dair tələblər haqqında Qaydalar”ın təsdiq edilməsi barədə_art_3_4:0.030303|Əməliyyat Risklərinin İdarə Edilməsi Qaydası_art_25_44:0.029412|“Ödəmə qabiliyyətini itirmiş bankların rezolyusiyası və sağlamlaşdırma tədbirləri çərçivəsində qeyri-işlək (toksik) aktivlərin təqdim edilməsi Qaydası”nın təsdiq edilməsi haqqında_art_3_4:0.029274|Əməliyyat Risklərinin İdarə Edilməsi Qaydası_art_4_23:0.029211|Azərbaycan Respublikası Prezidentinin 1999-cu il 14 may tarixli 130 nömrəli Fərmanı ilə təsdiq edilmiş «Azərbaycan Respublikasının fəxri adları haqqında Əsasnamə»də dəyişikliklər edilməsi barədə_art_11_12:0.027242,1|2|4|3|7|6|8|5|10|11,1|2|3|4|5|6|8|12|7|16
107,2023-cü ilin ilk yarımilinə görə bank sistemi üzrə ani likvidlik əmsalı hansı səviyyədə olub və bu minimum normativi neçə dəfə üstələyib?,09b9304488242be054f8c2eb6_intro_1_part14,1db1173040cd0364af5d7f0d2_intro_1_part13|93968292987fc27975a90fcfd_art_3_49|1dfb892e-6204-4404-9166-c861f06996fa_art_6_12|Azərbaycan Respublikası Prezidentinin Fərmanı_art_1_11|58696c0de75462383dba38398_intro_1_part13|93968292987fc27975a90fcfd_art_1_47|09b9304488242be054f8c2eb6_intro_1_part14|93968292987fc27975a90fcfd_art_2_48|98a6608d0eb4e83b612fde01f_intro_1_part2|“Azərbaycan Respublikası rezidentlərinin qeyri-rezidentlərlə maliyyə əməliyyatlarına və neytral əməliyyatlara dair hesabatın tərtibi və təqdim edilməsi haqqında Təlimat”ın təsdiq edilməsi barədə_art_13_130,1db1173040cd0364af5d7f0d2_intro_1_part13:0.016393|93968292987fc27975a90fcfd_art_3_49:0.016393|1dfb892e-6204-4404-9166-c861f06996fa_art_6_12:0.016129|Azərbaycan Respublikası Prezidentinin Fərmanı_art_1_11:0.016129|58696c0de75462383dba38398_intro_1_part13:0.015873|93968292987fc27975a90fcfd_art_1_47:0.015873|09b9304488242be054f8c2eb6_intro_1_part14:0.015625|93968292987fc27975a90fcfd_art_2_48:0.015625|98a6608d0eb4e83b612fde01f_intro_1_part2:0.015385|“Azərbaycan Respublikası rezidentlərinin qeyri-rezidentlərlə maliyyə əməliyyatlarına və neytral əməliyyatlara dair hesabatın tərtibi və təqdim edilməsi haqqında Təlimat”ın təsdiq edilməsi barədə_art_13_130:0.015385,|1||2||3||4||5,1||2||3||4||5|
108,Likvidliyin örtülmə əmsalı (LCR) hansı düsturla hesablanır və onun əsas məqsədi nədir?,1db1173040cd0364af5d7f0d2_intro_1_part15,1dfb892e-6204-4404-9166-c861f06996fa_art_1_65|1dfb892e-6204-4404-9166-c861f06996fa_art_1_75|98a6608d0eb4e83b612fde01f_art_4_13_part2|1dfb892e-6204-4404-9166-c861f06996fa_art_7_13_part3|Valyuta tənzimi haqqında_art_14_90|1dfb892e-6204-4404-9166-c861f06996fa_art_7_13_part1|AZƏRBAYCAN RESPUBLİKASININ QANUNU_ch_II_26|1db1173040cd0364af5d7f0d2_intro_1_part15|Valyuta tənzimi haqqında_art_1_91|98a6608d0eb4e83b612fde01f_art_1_36,1dfb892e-6204-4404-9166-c861f06996fa_art_1_65:0.030679|1dfb892e-6204-4404-9166-c861f06996fa_art_1_75:0.029199|98a6608d0eb4e83b612fde01f_art_4_13_part2:0.016393|1dfb892e-6204-4404-9166-c861f06996fa_art_7_13_part3:0.016129|Valyuta tənzimi haqqında_art_14_90:0.016129|1dfb892e-6204-4404-9166-c861f06996fa_art_7_13_part1:0.015873|AZƏRBAYCAN RESPUBLİKASININ QANUNU_ch_II_26:0.015873|1db1173040cd0364af5d7f0d2_intro_1_part15:0.015625|Valyuta tənzimi haqqında_art_1_91:0.015625|98a6608d0eb4e83b612fde01f_art_1_36:0.015385,1|9|||2||3||4|5,10|8|1|2||3||4||
109,2-ci qrup B aktivlərin nəzərə alınan hissəsi yüksək keyfiyyətli likvid aktivlərin hansı faizindən çox olmamalıdır və cəmi 2-ci qrup aktivlər üçün hədd nə qədərdir?,1dfb892e-6204-4404-9166-c861f06996fa_art_7_13_part2,1dfb892e-6204-4404-9166-c861f06996fa_art_2_76|1dfb892e-6204-4404-9166-c861f06996fa_art_7_13_part2|1dfb892e-6204-4404-9166-c861f06996fa_art_2_66|1dfb892e-6204-4404-9166-c861f06996fa_art_6_57|1dfb892e-6204-4404-9166-c861f06996fa_art_2_24|1dfb892e-6204-4404-9166-c861f06996fa_art_8_39|1dfb892e-6204-4404-9166-c861f06996fa_art_2_31|1dfb892e-6204-4404-9166-c861f06996fa_art_6_28|1dfb892e-6204-4404-9166-c861f06996fa_art_11_19_part2|6c51a485-6986-4257-b6e0-25475732f1dc_art_6_10,1dfb892e-6204-4404-9166-c861f06996fa_art_2_76:0.016393|1dfb892e-6204-4404-9166-c861f06996fa_art_7_13_part2:0.016393|1dfb892e-6204-4404-9166-c861f06996fa_art_2_66:0.016129|1dfb892e-6204-4404-9166-c861f06996fa_art_6_57:0.016129|1dfb892e-6204-4404-9166-c861f06996fa_art_2_24:0.015873|1dfb892e-6204-4404-9166-c861f06996fa_art_8_39:0.015873|1dfb892e-6204-4404-9166-c861f06996fa_art_2_31:0.015625|1dfb892e-6204-4404-9166-c861f06996fa_art_6_28:0.015625|1dfb892e-6204-4404-9166-c861f06996fa_art_11_19_part2:0.015385|6c51a485-6986-4257-b6e0-25475732f1dc_art_6_10:0.015385,1||2||3||4|||5,|1||2||3||4|5|
110,Stres ssenariləri hazırlanarkən nəzərə alınmalı olan əlverişsiz şərtlərə hansı itki və neqativ təsirlər daxildir?,1e1594e275bb96ef2c75aa1e8_art_7_8,9018b71b0859bc7a490ea0f22_art_3_48|1e1594e275bb96ef2c75aa1e8_art_7_8|511cdc58f232d5d9395551ae8_art_7_8|ba0d73daa9275fa1fe1e4694b_intro_1_part20|9018b71b0859bc7a490ea0f22_art_6_66|1e1594e275bb96ef2c75aa1e8_art_8_9|9018b71b0859bc7a490ea0f22_art_3_24|7fd12f0749b180441d54cd4de_art_1_11|“İnvestisiya şirkətinin davamlı kapital tələbləri haqqında Qaydalar”ın təsdiq edilməsi barədə_art_1_8_part1|511cdc58f232d5d9395551ae8_art_7_18,9018b71b0859bc7a490ea0f22_art_3_48:0.032266|1e1594e275bb96ef2c75aa1e8_art_7_8:0.016393|511cdc58f232d5d9395551ae8_art_7_8:0.016129|ba0d73daa9275fa1fe1e4694b_intro_1_part20:0.016129|9018b71b0859bc7a490ea0f22_art_6_66:0.015873|1e1594e275bb96ef2c75aa1e8_art_8_9:0.015625|9018b71b0859bc7a490ea0f22_art_3_24:0.015625|7fd12f0749b180441d54cd4de_art_1_11:0.015385|“İnvestisiya şirkətinin davamlı kapital tələbləri haqqında Qaydalar”ın təsdiq edilməsi barədə_art_1_8_part1:0.015385|511cdc58f232d5d9395551ae8_art_7_18:0.015152,1||2||3||4|5||,3|1||2||4|||5|6
111,Ekoloji risklər üzrə hazırlanan ssenarilərdə hansı ikili risk növü əhatə olunur və bu ssenarilərin hazırlanmasında hansı beynəlxalq şəbəkə nəzərə alına bilər?,511cdc58f232d5d9395551ae8_art_7_18,dc1546b51b6aa6b3d92409836_intro_1_part2|511cdc58f232d5d9395551ae8_art_7_18|9018b71b0859bc7a490ea0f22_art_3_48|511cdc58f232d5d9395551ae8_art_8_19|9018b71b0859bc7a490ea0f22_art_6_66|511cdc58f232d5d9395551ae8_art_3_12|9018b71b0859bc7a490ea0f22_art_1_61|511cdc58f232d5d9395551ae8_art_5_14|511cdc58f232d5d9395551ae8_art_5_6|511cdc58f232d5d9395551ae8_art_4_5,dc1546b51b6aa6b3d92409836_intro_1_part2:0.029199|511cdc58f232d5d9395551ae8_art_7_18:0.016393|9018b71b0859bc7a490ea0f22_art_3_48:0.016393|511cdc58f232d5d9395551ae8_art_8_19:0.016129|9018b71b0859bc7a490ea0f22_art_6_66:0.016129|511cdc58f232d5d9395551ae8_art_3_12:0.015873|9018b71b0859bc7a490ea0f22_art_1_61:0.015873|511cdc58f232d5d9395551ae8_art_5_14:0.015625|511cdc58f232d5d9395551ae8_art_5_6:0.015625|511cdc58f232d5d9395551ae8_art_4_5:0.015385,||1||2||3||4|5,9|1||2||3||4||
112,"""Sığortaçılarda korporativ idarəetmə standartları""na əsasən yaradılmış risklərin idarə edilməsi sistemi neçə müdafiə xəttindən ibarətdir və birinci müdafiə xətti nədən ibarətdir?",58696c0de75462383dba38398_intro_1_part20,511cdc58f232d5d9395551ae8_art_4_13|ba0d73daa9275fa1fe1e4694b_art_1_31|58696c0de75462383dba38398_intro_1_part20|ba0d73daa9275fa1fe1e4694b_art_2_46|9018b71b0859bc7a490ea0f22_art_5_42|Azərbaycan Respublikası Prezidentinin Fərmanı_art_10_16_part1|58696c0de75462383dba38398_art_1_26|Banklarda korporativ idarəetmə Standartları_art_13_23_part1|58696c0de75462383dba38398_intro_1_part21|9018b71b0859bc7a490ea0f22_art_3_4,511cdc58f232d5d9395551ae8_art_4_13:0.016393|ba0d73daa9275fa1fe1e4694b_art_1_31:0.016393|58696c0de75462383dba38398_intro_1_part20:0.016129|ba0d73daa9275fa1fe1e4694b_art_2_46:0.016129|9018b71b0859bc7a490ea0f22_art_5_42:0.015873|Azərbaycan Respublikası Prezidentinin Fərmanı_art_10_16_part1:0.015873|58696c0de75462383dba38398_art_1_26:0.015625|Banklarda korporativ idarəetmə Standartları_art_13_23_part1:0.015625|58696c0de75462383dba38398_intro_1_part21:0.015385|9018b71b0859bc7a490ea0f22_art_3_4:0.015385,|1||2|3||4|||5,1||2|||3||4|5|
113,"Əmlakın ekoloji və ""dayanıqlılıq"" göstəricilərini dəstəkləyən təkmilləşdirmələrə hansı nümunələr aid edilir?",5b725bb224d33e2085294c793_art_7_24,5b725bb224d33e2085294c793_art_7_24|5b725bb224d33e2085294c793_art_6_23|dc1546b51b6aa6b3d92409836_intro_1_part4|9018b71b0859bc7a490ea0f22_art_2_62|5b725bb224d33e2085294c793_art_15_32|5b725bb224d33e2085294c793_art_11_28|5b725bb224d33e2085294c793_art_9_26|5b725bb224d33e2085294c793_art_2_11|baab9bc790127f849f8ac1040_art_1_27|İstehlakçıların hüquqlarının müdafiəsi haqqında_ch_V_art_1_108,5b725bb224d33e2085294c793_art_7_24:0.032787|5b725bb224d33e2085294c793_art_6_23:0.031281|dc1546b51b6aa6b3d92409836_intro_1_part4:0.030077|9018b71b0859bc7a490ea0f22_art_2_62:0.027783|5b725bb224d33e2085294c793_art_15_32:0.016129|5b725bb224d33e2085294c793_art_11_28:0.015873|5b725bb224d33e2085294c793_art_9_26:0.015873|5b725bb224d33e2085294c793_art_2_11:0.015625|baab9bc790127f849f8ac1040_art_1_27:0.015625|İstehlakçıların hüquqlarının müdafiəsi haqqında_ch_V_art_1_108:0.015385,1|6||11|2|3|||4|,1|2|7|13|||3|4||5
114,BOKT-nin əvvəlki rübdə milli valyutada verdiyi istehlak krediti növü üzrə orta faiz dərəcəsi hansı düsturla hesablanır?,6c51a485-6986-4257-b6e0-25475732f1dc_art_2_16,6c51a485-6986-4257-b6e0-25475732f1dc_art_2_16|6c51a485-6986-4257-b6e0-25475732f1dc_art_1_15|6c51a485-6986-4257-b6e0-25475732f1dc_art_3_17|6c51a485-6986-4257-b6e0-25475732f1dc_art_8_12|6c51a485-6986-4257-b6e0-25475732f1dc_art_4_18|f15fd85d-3c4e-4d87-aa78-8367ca166daf_art_4_8_part2|98a6608d0eb4e83b612fde01f_art_4_13_part7|“Azərbaycan Respublikası rezidentlərinin qeyri-rezidentlərlə maliyyə əməliyyatlarına və neytral əməliyyatlara dair hesabatın tərtibi və təqdim edilməsi haqqında Təlimat”ın təsdiq edilməsi barədə_art_19_136|baab9bc790127f849f8ac1040_intro_1_part17|“Azərbaycan Respublikası rezidentlərinin qeyri-rezidentlərlə maliyyə əməliyyatlarına və neytral əməliyyatlara dair hesabatın tərtibi və təqdim edilməsi haqqında Təlimat”ın təsdiq edilməsi barədə_art_17_463,6c51a485-6986-4257-b6e0-25475732f1dc_art_2_16:0.032787|6c51a485-6986-4257-b6e0-25475732f1dc_art_1_15:0.032258|6c51a485-6986-4257-b6e0-25475732f1dc_art_3_17:0.015873|6c51a485-6986-4257-b6e0-25475732f1dc_art_8_12:0.015873|6c51a485-6986-4257-b6e0-25475732f1dc_art_4_18:0.015625|f15fd85d-3c4e-4d87-aa78-8367ca166daf_art_4_8_part2:0.015625|98a6608d0eb4e83b612fde01f_art_4_13_part7:0.015385|“Azərbaycan Respublikası rezidentlərinin qeyri-rezidentlərlə maliyyə əməliyyatlarına və neytral əməliyyatlara dair hesabatın tərtibi və təqdim edilməsi haqqında Təlimat”ın təsdiq edilməsi barədə_art_19_136:0.015385|baab9bc790127f849f8ac1040_intro_1_part17:0.015152|“Azərbaycan Respublikası rezidentlərinin qeyri-rezidentlərlə maliyyə əməliyyatlarına və neytral əməliyyatlara dair hesabatın tərtibi və təqdim edilməsi haqqında Təlimat”ın təsdiq edilməsi barədə_art_17_463:0.015152,1|2|3||4|||5||6,1|2||3||4|5||6|
115,Mərkəzi Bank tərəfindən nəzarət subyektlərində tətbiq ediləcək risk əsaslı yanaşma necə adlanır və bu abbreviatura nəyi ifadə edir?,7fd12f0749b180441d54cd4de_art_1_6_part1,802-IIQ-Azərbaycan Respublikasının Mərkəzi Bankı haqqında_ch_IX_art_49_63|7fd12f0749b180441d54cd4de_art_1_6_part1|ba0d73daa9275fa1fe1e4694b_art_1_31|7fd12f0749b180441d54cd4de_art_4_17|ba0d73daa9275fa1fe1e4694b_art_1_33|7fd12f0749b180441d54cd4de_art_1_6_part2|7fd12f0749b180441d54cd4de_art_2_12|7fd12f0749b180441d54cd4de_art_4_5|Valyuta tənzimi haqqında_art_13_71|7fd12f0749b180441d54cd4de_art_3_16,802-IIQ-Azərbaycan Respublikasının Mərkəzi Bankı haqqında_ch_IX_art_49_63:0.031746|7fd12f0749b180441d54cd4de_art_1_6_part1:0.016393|ba0d73daa9275fa1fe1e4694b_art_1_31:0.016393|7fd12f0749b180441d54cd4de_art_4_17:0.016129|ba0d73daa9275fa1fe1e4694b_art_1_33:0.016129|7fd12f0749b180441d54cd4de_art_1_6_part2:0.015625|7fd12f0749b180441d54cd4de_art_2_12:0.015625|7fd12f0749b180441d54cd4de_art_4_5:0.015385|Valyuta tənzimi haqqında_art_13_71:0.015385|7fd12f0749b180441d54cd4de_art_3_16:0.015152,3||1||2||4||5|,3|1||2||4||5||6
116,Kredit xətləri üzrə açıq valyuta mövqeyinin hesablanmasında müddəti bir ildən çox olan kreditlər üçün hansı kreditə konvertasiya əmsalı tətbiq olunur?,8a4d0220-9312-4ef2-88e8-c65b607a186a_art_3_18,8a4d0220-9312-4ef2-88e8-c65b607a186a_art_3_18|“Azərbaycan Respublikasının bank sistemində arxiv işinin aparılması haqqında Təlimat”ın təsdiq edilməsi barədə_art_123_145|faa09ce5-3d98-48b1-ac48-e81ca3d9d4e7_art_3_18|“Azərbaycan Respublikasının bank sistemində arxiv işinin aparılması haqqında Təlimat”ın təsdiq edilməsi barədə_art_95_113|baab9bc790127f849f8ac1040_intro_1_part16|“Azərbaycan Respublikasının bank sistemində arxiv işinin aparılması haqqında Təlimat”ın təsdiq edilməsi barədə_art_53_70|d6a9834a-d9f7-49f3-abff-14cd901c615d_art_3_8_part2|“Azərbaycan Respublikasının bank sistemində arxiv işinin aparılması haqqında Təlimat”ın təsdiq edilməsi barədə_art_59_76|f15fd85d-3c4e-4d87-aa78-8367ca166daf_art_5_10_part2|“Azərbaycan Respublikasının bank sistemində arxiv işinin aparılması haqqında Təlimat”ın təsdiq edilməsi barədə_art_54_71,8a4d0220-9312-4ef2-88e8-c65b607a186a_art_3_18:0.016393|“Azərbaycan Respublikasının bank sistemində arxiv işinin aparılması haqqında Təlimat”ın təsdiq edilməsi barədə_art_123_145:0.016393|faa09ce5-3d98-48b1-ac48-e81ca3d9d4e7_art_3_18:0.016129|“Azərbaycan Respublikasının bank sistemində arxiv işinin aparılması haqqında Təlimat”ın təsdiq edilməsi barədə_art_95_113:0.016129|baab9bc790127f849f8ac1040_intro_1_part16:0.015873|“Azərbaycan Respublikasının bank sistemində arxiv işinin aparılması haqqında Təlimat”ın təsdiq edilməsi barədə_art_53_70:0.015873|d6a9834a-d9f7-49f3-abff-14cd901c615d_art_3_8_part2:0.015625|“Azərbaycan Respublikasının bank sistemində arxiv işinin aparılması haqqında Təlimat”ın təsdiq edilməsi barədə_art_59_76:0.015625|f15fd85d-3c4e-4d87-aa78-8367ca166daf_art_5_10_part2:0.015385|“Azərbaycan Respublikasının bank sistemində arxiv işinin aparılması haqqında Təlimat”ın təsdiq edilməsi barədə_art_54_71:0.015385,|1||2||3||4||5,1||2||3||4||5|
117,2024-cü il hesabat ilində repo/əks-repo əməliyyatlarının həcmi nə qədər olmuşdur və bu əməliyyatların hansı hissəsi ilin ikinci yarısında baş vermişdir?,98a6608d0eb4e83b612fde01f_art_2_37_part2,93968292987fc27975a90fcfd_art_2_48|98a6608d0eb4e83b612fde01f_art_2_37_part2|58696c0de75462383dba38398_art_4_29_part1|64b6f05f-196b-4894-9374-9e5c1c4df7a2_art_19_87|Bank Hesabları Qaydası_art_19_87|baab9bc790127f849f8ac1040_art_4_42_part1|64b6f05f-196b-4894-9374-9e5c1c4df7a2_art_20_88|98a6608d0eb4e83b612fde01f_intro_1_part5|58696c0de75462383dba38398_intro_1_part5|Bank Hesabları Qaydası_art_20_88,93968292987fc27975a90fcfd_art_2_48:0.016393|98a6608d0eb4e83b612fde01f_art_2_37_part2:0.016393|58696c0de75462383dba38398_art_4_29_part1:0.016129|64b6f05f-196b-4894-9374-9e5c1c4df7a2_art_19_87:0.016129|Bank Hesabları Qaydası_art_19_87:0.015873|baab9bc790127f849f8ac1040_art_4_42_part1:0.015873|64b6f05f-196b-4894-9374-9e5c1c4df7a2_art_20_88:0.015625|98a6608d0eb4e83b612fde01f_intro_1_part5:0.015625|58696c0de75462383dba38398_intro_1_part5:0.015385|Bank Hesabları Qaydası_art_20_88:0.015385,1|||2|3||4|||5,|1|2|||3||4|5|
118,"Bu Fərmanın məqsədləri üçün ""vaxtı keçmiş kredit borcu"" hansı gecikdirmə müddətindən sonra bu statusda hesab edilir?",Azərbaycan Respublikası Prezidentinin 1999-cu il 14 may tarixli 130 nömrəli Fərmanı ilə təsdiq edilmiş «Azərbaycan Respublikasının fəxri adları haqqında Əsasnamə»də dəyişikliklər edilməsi barədə_art_8_9,Azərbaycan Respublikası Prezidentinin 1999-cu il 14 may tarixli 130 nömrəli Fərmanı ilə təsdiq edilmiş «Azərbaycan Respublikasının fəxri adları haqqında Əsasnamə»də dəyişikliklər edilməsi barədə_art_2_3|AZƏRBAYCAN RESPUBLİKASININ QANUNU_ch_V_art_1_107|Azərbaycan Respublikası Prezidentinin 1999-cu il 14 may tarixli 130 nömrəli Fərmanı ilə təsdiq edilmiş «Azərbaycan Respublikasının fəxri adları haqqında Əsasnamə»də dəyişikliklər edilməsi barədə_art_8_9|93968292987fc27975a90fcfd_art_2_48|Azərbaycan Respublikası Prezidentinin 1999-cu il 14 may tarixli 130 nömrəli Fərmanı ilə təsdiq edilmiş «Azərbaycan Respublikasının fəxri adları haqqında Əsasnamə»də dəyişikliklər edilməsi barədə_art_6_7|Azərbaycan Respublikası Prezidentinin 1999-cu il 14 may tarixli 130 nömrəli Fərmanı ilə təsdiq edilmiş «Azərbaycan Respublikasının fəxri adları haqqında Əsasnamə»də dəyişikliklər edilməsi barədə_art_7_8|“Azərbaycan Respublikası rezidentlərinin qeyri-rezidentlərlə maliyyə əməliyyatlarına və neytral əməliyyatlara dair hesabatın tərtibi və təqdim edilməsi haqqında Təlimat”ın təsdiq edilməsi barədə_art_12_218|Azərbaycan Respublikası Prezidentinin 1999-cu il 14 may tarixli 130 nömrəli Fərmanı ilə təsdiq edilmiş «Azərbaycan Respublikasının fəxri adları haqqında Əsasnamə»də dəyişikliklər edilməsi barədə_art_5_6|“Azərbaycan Respublikasının bank sistemində arxiv işinin aparılması haqqında Təlimat”ın təsdiq edilməsi barədə_art_53_70|5b725bb224d33e2085294c793_art_9_26,Azərbaycan Respublikası Prezidentinin 1999-cu il 14 may tarixli 130 nömrəli Fərmanı ilə təsdiq edilmiş «Azərbaycan Respublikasının fəxri adları haqqında Əsasnamə»də dəyişikliklər edilməsi barədə_art_2_3:0.032258|AZƏRBAYCAN RESPUBLİKASININ QANUNU_ch_V_art_1_107:0.016393|Azərbaycan Respublikası Prezidentinin 1999-cu il 14 may tarixli 130 nömrəli Fərmanı ilə təsdiq edilmiş «Azərbaycan Respublikasının fəxri adları haqqında Əsasnamə»də dəyişikliklər edilməsi barədə_art_8_9:0.016393|93968292987fc27975a90fcfd_art_2_48:0.015873|Azərbaycan Respublikası Prezidentinin 1999-cu il 14 may tarixli 130 nömrəli Fərmanı ilə təsdiq edilmiş «Azərbaycan Respublikasının fəxri adları haqqında Əsasnamə»də dəyişikliklər edilməsi barədə_art_6_7:0.015873|Azərbaycan Respublikası Prezidentinin 1999-cu il 14 may tarixli 130 nömrəli Fərmanı ilə təsdiq edilmiş «Azərbaycan Respublikasının fəxri adları haqqında Əsasnamə»də dəyişikliklər edilməsi barədə_art_7_8:0.015625|“Azərbaycan Respublikası rezidentlərinin qeyri-rezidentlərlə maliyyə əməliyyatlarına və neytral əməliyyatlara dair hesabatın tərtibi və təqdim edilməsi haqqında Təlimat”ın təsdiq edilməsi barədə_art_12_218:0.015625|Azərbaycan Respublikası Prezidentinin 1999-cu il 14 may tarixli 130 nömrəli Fərmanı ilə təsdiq edilmiş «Azərbaycan Respublikasının fəxri adları haqqında Əsasnamə»də dəyişikliklər edilməsi barədə_art_5_6:0.015385|“Azərbaycan Respublikasının bank sistemində arxiv işinin aparılması haqqında Təlimat”ın təsdiq edilməsi barədə_art_53_70:0.015385|5b725bb224d33e2085294c793_art_9_26:0.015152,2|1||3|||4||5|,2||1||3|4||5||6
119,Bankın aktivlərinin 5 faizindən çox hissəsini təşkil edən aidiyyəti şəxs krediti üzrə qərar hansı orqanlar tərəfindən qəbul edilir?,Banklarda əməliyyat risklərinin idarə edilməsi Qaydası_art_4_10,AZƏRBAYCAN RESPUBLİKASININ QANUNU_ch_III_art_5_69|Banklarda əməliyyat risklərinin idarə edilməsi Qaydası_art_4_10|İstehlakçıların hüquqlarının müdafiəsi haqqında_ch_III_art_2_84|d6a9834a-d9f7-49f3-abff-14cd901c615d_art_4_10|6c51a485-6986-4257-b6e0-25475732f1dc_art_6_10|6c51a485-6986-4257-b6e0-25475732f1dc_art_7_11|Banklar Haqqında Qanun_ch_IV_art_40_59|“Azərbaycan Respublikasının bank sistemində arxiv işinin aparılması haqqında Təlimat”ın təsdiq edilməsi barədə_art_105_125|590-IIQ-Banklar haqqında_ch_IV_art_40_59|“Azərbaycan Respublikasının bank sistemində arxiv işinin aparılması haqqında Təlimat”ın təsdiq edilməsi barədə_art_19_34,AZƏRBAYCAN RESPUBLİKASININ QANUNU_ch_III_art_5_69:0.016393|Banklarda əməliyyat risklərinin idarə edilməsi Qaydası_art_4_10:0.016393|İstehlakçıların hüquqlarının müdafiəsi haqqında_ch_III_art_2_84:0.016129|d6a9834a-d9f7-49f3-abff-14cd901c615d_art_4_10:0.016129|6c51a485-6986-4257-b6e0-25475732f1dc_art_6_10:0.015873|6c51a485-6986-4257-b6e0-25475732f1dc_art_7_11:0.015873|Banklar Haqqında Qanun_ch_IV_art_40_59:0.015625|“Azərbaycan Respublikasının bank sistemində arxiv işinin aparılması haqqında Təlimat”ın təsdiq edilməsi barədə_art_105_125:0.015625|590-IIQ-Banklar haqqında_ch_IV_art_40_59:0.015385|“Azərbaycan Respublikasının bank sistemində arxiv işinin aparılması haqqında Təlimat”ın təsdiq edilməsi barədə_art_19_34:0.015385,1||2||3|||4||5,|1||2||3|4||5|
120,"Reqressiya nəticələrinə əsasən, məcmu LCR əmsalında 1 faiz bəndi azalma banklararası təminatsız pul bazarındakı dövriyyəyə necə təsir edir?",ba0d73daa9275fa1fe1e4694b_intro_1_part14,98a6608d0eb4e83b612fde01f_art_1_36|ba0d73daa9275fa1fe1e4694b_intro_1_part14|1dfb892e-6204-4404-9166-c861f06996fa_art_1_65|ba0d73daa9275fa1fe1e4694b_intro_1_part13|1dfb892e-6204-4404-9166-c861f06996fa_art_1_75|ba0d73daa9275fa1fe1e4694b_intro_1_part12|58696c0de75462383dba38398_intro_1_part5|Valyuta tənzimi haqqında_art_3_120|ba0d73daa9275fa1fe1e4694b_intro_1_part6|“Azərbaycan Respublikası rezidentlərinin qeyri-rezidentlərlə maliyyə əməliyyatlarına və neytral əməliyyatlara dair hesabatın tərtibi və təqdim edilməsi haqqında Təlimat”ın təsdiq edilməsi barədə_art_117_370,98a6608d0eb4e83b612fde01f_art_1_36:0.016393|ba0d73daa9275fa1fe1e4694b_intro_1_part14:0.016393|1dfb892e-6204-4404-9166-c861f06996fa_art_1_65:0.016129|ba0d73daa9275fa1fe1e4694b_intro_1_part13:0.016129|1dfb892e-6204-4404-9166-c861f06996fa_art_1_75:0.015873|ba0d73daa9275fa1fe1e4694b_intro_1_part12:0.015873|58696c0de75462383dba38398_intro_1_part5:0.015625|Valyuta tənzimi haqqında_art_3_120:0.015625|ba0d73daa9275fa1fe1e4694b_intro_1_part6:0.015385|“Azərbaycan Respublikası rezidentlərinin qeyri-rezidentlərlə maliyyə əməliyyatlarına və neytral əməliyyatlara dair hesabatın tərtibi və təqdim edilməsi haqqında Təlimat”ın təsdiq edilməsi barədə_art_117_370:0.015385,1||2||3|||4||5,|1||2||3|4||5|
