model,Recall@1,Recall@3,Recall@5,Recall@10,MRR,HitRate@1,HitRate@3,HitRate@5,HitRate@10,AverageRank
e5,0.08264462809917356,0.14049586776859505,0.1487603305785124,0.1652892561983471,0.11404958677685952,0.08264462809917356,0.14049586776859505,0.1487603305785124,0.1652892561983471,2.3
bge_m3,0.23140495867768596,0.30578512396694213,0.3305785123966942,0.36363636363636365,0.2762823035550308,0.23140495867768596,0.30578512396694213,0.3305785123966942,0.36363636363636365,2.0454545454545454
