model,Recall@1,Recall@3,Recall@5,Recall@10,MRR,HitRate@1,HitRate@3,HitRate@5,HitRate@10,AverageRank
e5,0.0078125,0.0078125,0.0078125,0.015625,0.0087890625,0.0078125,0.0078125,0.0078125,0.015625,4.5
bge_m3,0.0,0.0078125,0.0078125,0.0078125,0.00390625,0.0,0.0078125,0.0078125,0.0078125,2.0
